candidate,brightness,c_ratio,correlation,height,raw,seed,step,y_ratio,baseline_count,baseline_mse_y,baseline_mse_cb,baseline_mse_cr,baseline_sigma_y,baseline_sigma_cb,baseline_sigma_cr,candidate_count,candidate_mse_y,candidate_mse_cb,candidate_mse_cr,candidate_sigma_y,candidate_sigma_cb,candidate_sigma_cr
baseline,30.0,1.0,8,256,False,173,1.0,1.0,53504,1.2690051055914024,13.26683638486105,14.154846750782772,0.7851058429324815,3.6392891270535093,3.7622927255382184,53504,1.2690051055914024,13.26683638486105,14.154846750782772,0.7851058429324815,3.6392891270535093,3.7622927255382184
baseline,30.0,1.0,8,432,False,173,1.0,1.0,107008,1.3101873673980484,13.28369373814547,14.221432630110167,0.8066480399199589,3.6446793639990642,3.7500592016898606,107008,1.3101873673980484,13.28369373814547,14.221432630110167,0.8066480399199589,3.6446793639990642,3.7500592016898606
baseline,30.0,1.0,8,256,False,173,5.0,1.0,53504,1.5494097020597208,1.3708386735739109,1.7234825325791823,0.7932291370683684,1.1189575859445289,1.3020146502759684,53504,1.5494097020597208,1.3708386735739109,1.7234825325791823,0.7932291370683684,1.1189575859445289,1.3020146502759684
baseline,30.0,1.0,8,432,False,173,5.0,1.0,107008,1.5893449448994934,1.3453208481503036,2.1392441560563147,0.8164457463686687,1.1386604861113894,1.3518335921245908,107008,1.5893449448994934,1.3453208481503036,2.1392441560563147,0.8164457463686687,1.1386604861113894,1.3518335921245908
baseline,30.0,1.0,8,256,True,173,1.0,1.0,53504,1.269004295175498,13.266833635418122,14.154843504774597,0.7851057391266538,3.639288747184276,3.762292294149287,53504,1.269004295175498,13.266833635418122,14.154843504774597,0.7851057391266538,3.639288747184276,3.762292294149287
baseline,30.0,1.0,8,432,True,173,1.0,1.0,107008,1.3101865455871153,13.283690992448133,14.221429551549821,0.806647945214917,3.644678987368926,3.7500587934472134,107008,1.3101865455871153,13.283690992448133,14.221429551549821,0.806647945214917,3.644678987368926,3.7500587934472134
baseline,30.0,1.0,8,256,True,173,5.0,1.0,53504,1.5494086990968636,1.370838403193874,1.7234820360543592,0.7932290324190553,1.1189574468439787,1.3020144550168389,53504,1.5494086990968636,1.370838403193874,1.7234820360543592,0.7932290324190553,1.1189574468439787,1.3020144550168389
baseline,30.0,1.0,8,432,True,173,5.0,1.0,107008,1.5893439481976612,1.3453205598768334,2.139243596493959,0.8164456443875547,1.1386603493918828,1.351833395607788,107008,1.5893439481976612,1.3453205598768334,2.139243596493959,0.8164456443875547,1.1386603493918828,1.351833395607788
baseline,30.0,1.0,24,256,False,173,1.0,1.0,53504,1.1579856621094318,18.287236704232743,16.46834855841348,0.7841861502085116,4.26670184006035,4.03870386007962,53504,1.1579856621094318,18.287236704232743,16.46834855841348,0.7841861502085116,4.26670184006035,4.03870386007962
baseline,30.0,1.0,24,432,False,173,1.0,1.0,107008,1.2004287333944015,18.699221925617366,20.08835633346771,0.8067406293098116,4.246438371964685,4.461127600945428,107008,1.2004287333944015,18.699221925617366,20.08835633346771,0.8067406293098116,4.246438371964685,4.461127600945428
baseline,30.0,1.0,24,256,False,173,5.0,1.0,53504,1.366069297203716,8.304453447333637,6.5799361172278505,0.7908567344511584,2.881646422996776,2.54789805867018,53504,1.366069297203716,8.304453447333637,6.5799361172278505,0.7908567344511584,2.881646422996776,2.54789805867018
baseline,30.0,1.0,24,432,False,173,5.0,1.0,107008,1.4457550435623918,7.791893610336386,9.541833597455074,0.8257354527387036,2.735237861689272,3.047205970101359,107008,1.4457550435623918,7.791893610336386,9.541833597455074,0.8257354527387036,2.735237861689272,3.047205970101359
baseline,30.0,1.0,24,256,True,173,1.0,1.0,53504,1.1579849179351391,18.287232756226643,16.46834486553893,0.7841860495958527,4.2667013813155,4.038703409890171,53504,1.1579849179351391,18.287232756226643,16.46834486553893,0.7841860495958527,4.2667013813155,4.038703409890171
baseline,30.0,1.0,24,432,True,173,1.0,1.0,107008,1.2004279797411352,18.69921784296521,20.088352134614073,0.8067405324285155,4.246437915582028,4.461127131262437,107008,1.2004279797411352,18.69921784296521,20.088352134614073,0.8067405324285155,4.246437915582028,4.461127131262437
baseline,30.0,1.0,24,256,True,173,5.0,1.0,53504,1.366068446526005,8.304451451377862,6.579934342982224,0.7908566401155425,2.881646076277677,2.547897719348973,53504,1.366068446526005,8.304451451377862,6.579934342982224,0.7908566401155425,2.881646076277677,2.547897719348973
baseline,30.0,1.0,24,432,True,173,5.0,1.0,107008,1.4457541582758424,7.791891616582438,9.54183128288365,0.8257353533957923,2.735237518253687,3.0472055922128676,107008,1.4457541582758424,7.791891616582438,9.54183128288365,0.8257353533957923,2.735237518253687,3.0472055922128676
baseline,128.0,1.0,8,256,False,173,1.0,1.0,53504,3.024677685061139,13.790899622635964,14.696582491084818,1.7269604525228142,3.713313295381692,3.8330607003059427,53504,3.024677685061139,13.790899622635964,14.696582491084818,1.7269604525228142,3.713313295381692,3.8330607003059427
baseline,128.0,1.0,8,432,False,173,1.0,1.0,107008,3.0385330865801414,13.817170445938244,14.71871755802763,1.7301299371256333,3.715517678521175,3.8215259688221797,107008,3.0385330865801414,13.817170445938244,14.71871755802763,1.7301299371256333,3.715517678521175,3.8215259688221797
baseline,128.0,1.0,8,256,False,173,5.0,1.0,53504,3.0411930415469084,1.313744035380038,1.7843654563446099,1.725062716533185,1.1430179357320644,1.3357975763605046,53504,3.0411930415469084,1.313744035380038,1.7843654563446099,1.725062716533185,1.1430179357320644,1.3357975763605046
baseline,128.0,1.0,8,432,False,173,5.0,1.0,107008,3.0567287875574523,1.3523198558422052,2.078502286153477,1.7286437844076268,1.1619910438378986,1.385579696482449,107008,3.0567287875574523,1.3523198558422052,2.078502286153477,1.7286437844076268,1.1619910438378986,1.385579696482449
baseline,128.0,1.0,8,256,True,173,1.0,1.0,53504,3.0246839851282417,13.790902603668865,14.696586486619953,1.7269611061631114,3.713313696238299,3.833061222613005,53504,3.0246839851282417,13.790902603668865,14.696586486619953,1.7269611061631114,3.713313696238299,3.833061222613005
baseline,128.0,1.0,8,432,True,173,1.0,1.0,107008,3.0385395541465705,13.817173550017403,14.71872166873176,1.730130592601444,3.71551809685683,3.8215264970961673,107008,3.0385395541465705,13.817173550017403,14.71872166873176,1.730130592601444,3.71551809685683,3.8215264970961673
baseline,128.0,1.0,8,256,True,173,5.0,1.0,53504,3.0412003755366945,1.3137445054317638,1.7843662289956326,1.7250633875275518,1.1430181363534822,1.3357978658268137,53504,3.0412003755366945,1.3137445054317638,1.7843662289956326,1.7250633875275518,1.1430181363534822,1.3357978658268137
baseline,128.0,1.0,8,432,True,173,5.0,1.0,107008,3.0567363516503097,1.3523203125265204,2.07850320100736,1.728644475598235,1.1619912420265663,1.385579982599414,107008,3.0567363516503097,1.3523203125265204,2.07850320100736,1.728644475598235,1.1619912420265663,1.385579982599414
baseline,128.0,1.0,24,256,False,173,1.0,1.0,53504,3.0184092174699457,18.940737401514046,17.03963695733854,1.7277151602972196,4.340793342852374,4.1067695548785546,53504,3.0184092174699457,18.940737401514046,17.03963695733854,1.7277151602972196,4.340793342852374,4.1067695548785546
baseline,128.0,1.0,24,432,False,173,1.0,1.0,107008,3.0333499360285345,19.364641901672677,20.725680111889226,1.7312951984188045,4.3169887616396565,4.532800546676504,107008,3.0333499360285345,19.364641901672677,20.725680111889226,1.7312951984188045,4.3169887616396565,4.532800546676504
baseline,128.0,1.0,24,256,False,173,5.0,1.0,53504,3.0280370975590096,8.789140505678624,6.942792576190698,1.7257941047092573,2.9618064920918923,2.6034177682189137,53504,3.0280370975590096,8.789140505678624,6.942792576190698,1.7257941047092573,2.9618064920918923,2.6034177682189137
baseline,128.0,1.0,24,432,False,173,5.0,1.0,107008,3.050248492761257,8.373774708875997,9.859091970944547,1.7309142722738584,2.797223367739337,3.1128717373543187,107008,3.050248492761257,8.373774708875997,9.859091970944547,1.7309142722738584,2.797223367739337,3.1128717373543187
baseline,128.0,1.0,24,256,True,173,1.0,1.0,53504,3.01841492478231,18.940741325210738,17.03964132952773,1.7277157704118156,4.340793799677747,4.10677008512724,53504,3.01841492478231,18.940741325210738,17.03964132952773,1.7277157704118156,4.340793799677747,4.10677008512724
baseline,128.0,1.0,24,432,True,173,1.0,1.0,107008,3.033355763900934,19.364645792467993,20.72568566937394,1.7312958058045869,4.316989223804135,4.532801151167823,107008,3.033355763900934,19.364645792467993,20.72568566937394,1.7312958058045869,4.316989223804135,4.532801151167823
baseline,128.0,1.0,24,256,True,173,5.0,1.0,53504,3.0280435546259152,8.78914290011412,6.942795214753141,1.7257946997192932,2.9618068985342756,2.603418268272367,53504,3.0280435546259152,8.78914290011412,6.942795214753141,1.7257946997192932,2.9618068985342756,2.603418268272367
baseline,128.0,1.0,24,432,True,173,5.0,1.0,107008,3.0502551770739106,8.373776969689276,9.859095639338703,1.7309148799463487,2.797223778478345,3.112872314271423,107008,3.0502551770739106,8.373776969689276,9.859095639338703,1.7309148799463487,2.797223778478345,3.112872314271423
baseline,200.0,1.0,8,256,False,173,1.0,1.0,53504,11.838104830007294,13.838987630310424,14.743587430907022,3.439543161973231,3.7199466851645475,3.8390168514657494,53504,11.838104830007294,13.838987630310424,14.743587430907022,3.439543161973231,3.7199466851645475,3.8390168514657494
baseline,200.0,1.0,8,432,False,173,1.0,1.0,107008,11.780092589090668,13.866381222223152,14.760194600581983,3.4308928392117934,3.7216234513475244,3.827740704636201,107008,11.780092589090668,13.866381222223152,14.760194600581983,3.4308928392117934,3.7216234513475244,3.827740704636201
baseline,200.0,1.0,8,256,False,173,5.0,1.0,53504,11.831357932849345,1.3126869857303967,1.793818826811906,3.4375520960910757,1.1448996307305686,1.3389973054506132,53504,11.831357932849345,1.3126869857303967,1.793818826811906,3.4375520960910757,1.1448996307305686,1.3389973054506132
baseline,200.0,1.0,8,432,False,173,5.0,1.0,107008,11.774827286580596,1.3617299626779682,2.0673973271390507,3.4290566727115834,1.163595451467217,1.388773608536821,107008,11.774827286580596,1.3617299626779682,2.0673973271390507,3.4290566727115834,1.163595451467217,1.388773608536821
baseline,200.0,1.0,8,256,True,173,1.0,1.0,53504,11.838111770933144,13.838987816627245,14.743587904832587,3.439544286796475,3.7199467092584984,3.8390169152216536,53504,11.838111770933144,13.838987816627245,14.743587904832587,3.439544286796475,3.7199467092584984,3.8390169152216536
baseline,200.0,1.0,8,432,True,173,1.0,1.0,107008,11.7800994209832,13.866381131592593,14.760195158730204,3.4308939579444737,3.721623442261718,3.8277407719327057,107008,11.7800994209832,13.866381131592593,14.760195158730204,3.4308939579444737,3.721623442261718,3.8277407719327057
baseline,200.0,1.0,8,256,True,173,5.0,1.0,53504,11.83136469316817,1.3126871218520952,1.7938189991715965,3.4375532408771616,1.1448996852027162,1.338997371875651,53504,11.83136469316817,1.3126871218520952,1.7938189991715965,3.4375532408771616,1.1448996852027162,1.338997371875651
baseline,200.0,1.0,8,432,True,173,5.0,1.0,107008,11.774834002415979,1.361730000961789,2.0673974871059335,3.429057818062854,1.1635954757483529,1.3887736553996821,107008,11.774834002415979,1.361730000961789,2.0673974871059335,3.429057818062854,1.1635954757483529,1.3887736553996821
baseline,200.0,1.0,24,256,False,173,1.0,1.0,53504,11.840734542271749,18.99927177140604,17.089362492285268,3.440278329911835,4.347337046434145,4.112611742590428,53504,11.840734542271749,18.99927177140604,17.089362492285268,3.440278329911835,4.347337046434145,4.112611742590428
baseline,200.0,1.0,24,432,False,173,1.0,1.0,107008,11.785034408812555,19.42490286653863,20.782289367977953,3.432001828920243,4.323198559082664,4.53913898931142,107008,11.785034408812555,19.42490286653863,20.782289367977953,3.432001828920243,4.323198559082664,4.53913898931142
baseline,200.0,1.0,24,256,False,173,5.0,1.0,53504,11.832931781258118,8.841380215238498,6.980517577824922,3.4384797813257117,2.9695056096552586,2.608090563396452,53504,11.832931781258118,8.841380215238498,6.980517577824922,3.4384797813257117,2.9695056096552586,2.608090563396452
baseline,200.0,1.0,24,432,False,173,5.0,1.0,107008,11.781063229110114,8.442254227658863,9.882531885876725,3.4306331133945673,2.8021660950617466,3.118601152947931,107008,11.781063229110114,8.442254227658863,9.882531885876725,3.4306331133945673,2.8021660950617466,3.118601152947931
baseline,200.0,1.0,24,256,True,173,1.0,1.0,53504,11.840741751055422,18.999271130836615,17.08936274648523,3.440279467445324,4.347336977312822,4.112611774418622,53504,11.840741751055422,18.999271130836615,17.08936274648523,3.440279467445324,4.347336977312822,4.112611774418622
baseline,200.0,1.0,24,432,True,173,1.0,1.0,107008,11.785040819372632,19.424902118704473,20.782290286026278,3.4320028654341996,4.323198494877888,4.539139088108922,107008,11.785040819372632,19.424902118704473,20.782290286026278,3.4320028654341996,4.323198494877888,4.539139088108922
baseline,200.0,1.0,24,256,True,173,5.0,1.0,53504,11.832938374825442,8.841380205995222,6.980518138360271,3.438480862785634,2.969505612957887,2.608090674485255,53504,11.832938374825442,8.841380205995222,6.980518138360271,3.438480862785634,2.969505612957887,2.608090674485255
baseline,200.0,1.0,24,432,True,173,5.0,1.0,107008,11.781069509359344,8.442254194511685,9.8825329301596,3.430634166752892,2.802166118737218,3.118601318985031,107008,11.781069509359344,8.442254194511685,9.8825329301596,3.430634166752892,2.802166118737218,3.118601318985031
baseline,30.0,1.0,8,256,False,619,1.0,1.0,53504,1.3737130648888836,13.558785239074691,13.584080143142701,0.82705317320391,3.6438782486130292,3.6829739536292183,53504,1.3737130648888836,13.558785239074691,13.584080143142701,0.82705317320391,3.6438782486130292,3.6829739536292183
baseline,30.0,1.0,8,432,False,619,1.0,1.0,107008,1.3815722990342885,13.499090700256465,13.453335250365134,0.8259842326309179,3.653392650602146,3.667005433984128,107008,1.3815722990342885,13.499090700256465,13.453335250365134,0.8259842326309179,3.653392650602146,3.667005433984128
baseline,30.0,1.0,8,256,False,619,5.0,1.0,53504,1.6470784090452153,1.7199100607813584,1.5926180162048582,0.8319279298114897,1.0793838951481698,1.2320681964790599,53504,1.6470784090452153,1.7199100607813584,1.5926180162048582,0.8319279298114897,1.0793838951481698,1.2320681964790599
baseline,30.0,1.0,8,432,False,619,5.0,1.0,107008,1.6619130225569954,1.5797059685178394,1.5568591543109793,0.8345643581716794,1.0842237531936778,1.2273906620397883,107008,1.6619130225569954,1.5797059685178394,1.5568591543109793,0.8345643581716794,1.0842237531936778,1.2273906620397883
baseline,30.0,1.0,8,256,True,619,1.0,1.0,53504,1.3737121591985608,13.558782601229957,13.584077313241755,0.8270530623990879,3.643877885943794,3.682973567845911,53504,1.3737121591985608,13.558782601229957,13.584077313241755,0.8270530623990879,3.643877885943794,3.682973567845911
baseline,30.0,1.0,8,432,True,619,1.0,1.0,107008,1.3815714155682042,13.49908805520176,13.453332445226906,0.8259841406785516,3.6533922861753094,3.667005050643799,107008,1.3815714155682042,13.49908805520176,13.453332445226906,0.8259841406785516,3.6533922861753094,3.667005050643799
baseline,30.0,1.0,8,256,True,619,5.0,1.0,53504,1.6470773479952445,1.7199097685411533,1.5926176118146307,0.8319278152961888,1.07938376925235,1.2320680249233544,53504,1.6470773479952445,1.7199097685411533,1.5926176118146307,0.8319278152961888,1.07938376925235,1.2320680249233544
baseline,30.0,1.0,8,432,True,619,5.0,1.0,107008,1.6619120017681803,1.579705666153447,1.556858752789962,0.8345642733203017,1.084223613987875,1.2273904936702422,107008,1.6619120017681803,1.579705666153447,1.556858752789962,0.8345642733203017,1.084223613987875,1.2273904936702422
baseline,30.0,1.0,24,256,False,619,1.0,1.0,53504,1.2648645302935535,22.585142124101,18.969809923609667,0.8277425202487776,4.696485521948467,4.325911517034013,53504,1.2648645302935535,22.585142124101,18.969809923609667,0.8277425202487776,4.696485521948467,4.325911517034013
baseline,30.0,1.0,24,432,False,619,1.0,1.0,107008,1.2702388793393962,22.63284257785849,19.991802959511087,0.8256084721767253,4.7524202883306454,4.427724867217571,107008,1.2702388793393962,22.63284257785849,19.991802959511087,0.8256084721767253,4.7524202883306454,4.427724867217571
baseline,30.0,1.0,24,256,False,619,5.0,1.0,53504,1.525605732221576,12.497816466482394,8.572596486178504,0.8568727990391604,3.4219751185933855,2.836878580901236,53504,1.525605732221576,12.497816466482394,8.572596486178504,0.8568727990391604,3.4219751185933855,2.836878580901236
baseline,30.0,1.0,24,432,False,619,5.0,1.0,107008,1.534335360374892,11.524373108972105,9.016118722598343,0.8478726502133684,3.39472483557692,2.899664482914642,107008,1.534335360374892,11.524373108972105,9.016118722598343,0.8478726502133684,3.39472483557692,2.899664482914642
baseline,30.0,1.0,24,256,True,619,1.0,1.0,53504,1.2648638080347832,22.585137870376663,18.96980607366015,0.8277424367994084,4.6964850733898835,4.325911076246745,53504,1.2648638080347832,22.585137870376663,18.96980607366015,0.8277424367994084,4.6964850733898835,4.325911076246745
baseline,30.0,1.0,24,432,True,619,1.0,1.0,107008,1.2702381181835756,22.632837969741228,19.991798957406708,0.8256083670170531,4.752419806576269,4.427724420963969,107008,1.2702381181835756,22.632837969741228,19.991798957406708,0.8256083670170531,4.752419806576269,4.427724420963969
baseline,30.0,1.0,24,256,True,619,5.0,1.0,53504,1.5256049391445061,12.497813723281023,8.572594615656108,0.8568727411061808,3.4219747293198535,2.8368782637883596,53504,1.5256049391445061,12.497813723281023,8.572594615656108,0.8568727411061808,3.4219747293198535,2.8368782637883596
baseline,30.0,1.0,24,432,True,619,5.0,1.0,107008,1.5343344636375633,11.524370350130178,9.016116696056919,0.8478725602733705,3.3947244290059406,2.8996641459225745,107008,1.5343344636375633,11.524370350130178,9.016116696056919,0.8478725602733705,3.3947244290059406,2.8996641459225745
baseline,128.0,1.0,8,256,False,619,1.0,1.0,53504,3.072756249504591,14.003155834373993,14.074600626805566,1.7374680473128232,3.716420420656642,3.750862143988928,53504,3.072756249504591,14.003155834373993,14.074600626805566,1.7374680473128232,3.716420420656642,3.750862143988928
baseline,128.0,1.0,8,432,False,619,1.0,1.0,107008,3.050041976625717,13.961435804240065,13.942053266577105,1.7299693337480315,3.725092837981526,3.733880571724697,107008,3.050041976625717,13.961435804240065,13.942053266577105,1.7299693337480315,3.725092837981526,3.733880571724697
baseline,128.0,1.0,8,256,False,619,5.0,1.0,53504,3.09025234310229,1.4655228392161541,1.5907539230418142,1.735316756881882,1.1070629028464005,1.2568732148391788,53504,3.09025234310229,1.4655228392161541,1.5907539230418142,1.735316756881882,1.1070629028464005,1.2568732148391788
baseline,128.0,1.0,8,432,False,619,5.0,1.0,107008,3.0703335403855703,1.3650723977671497,1.5657970951156672,1.7284536396018957,1.1064588424946176,1.250026503716672,107008,3.0703335403855703,1.3650723977671497,1.5657970951156672,1.7284536396018957,1.1064588424946176,1.250026503716672
baseline,128.0,1.0,8,256,True,619,1.0,1.0,53504,3.072763060246217,14.003159321946974,14.074604436699753,1.73746869298839,3.7164208707319384,3.7508626506295535,53504,3.072763060246217,14.003159321946974,14.074604436699753,1.73746869298839,3.7164208707319384,3.7508626506295535
baseline,128.0,1.0,8,432,True,619,1.0,1.0,107008,3.050048988028796,13.961439199089497,13.942057254275056,1.7299699968312865,3.7250932831091306,3.733881105368465,107008,3.050048988028796,13.961439199089497,13.942057254275056,1.7299699968312865,3.7250932831091306,3.733881105368465
baseline,128.0,1.0,8,256,True,619,5.0,1.0,53504,3.090260042280252,1.465523459073488,1.590754602531014,1.735317382667028,1.107063105528236,1.2568734836219981,53504,3.090260042280252,1.465523459073488,1.590754602531014,1.735317382667028,1.107063105528236,1.2568734836219981
baseline,128.0,1.0,8,432,True,619,5.0,1.0,107008,3.0703414574602585,1.3650730036029806,1.5657977303178492,1.7284542884753962,1.1064590620008152,1.2500267550391067,107008,3.0703414574602585,1.3650730036029806,1.5657977303178492,1.7284542884753962,1.1064590620008152,1.2500267550391067
baseline,128.0,1.0,24,256,False,619,1.0,1.0,53504,3.0658153590282033,23.240478222503135,19.56791283467376,1.7383235915013961,4.767353639701607,4.395326168915615,53504,3.0658153590282033,23.240478222503135,19.56791283467376,1.7383235915013961,4.767353639701607,4.395326168915615
baseline,128.0,1.0,24,432,False,619,1.0,1.0,107008,3.0428606886072735,23.31694661562743,20.616498245074105,1.7308430634124654,4.822652068829282,4.498643576558916,107008,3.0428606886072735,23.31694661562743,20.616498245074105,1.7308430634124654,4.822652068829282,4.498643576558916
baseline,128.0,1.0,24,256,False,619,5.0,1.0,53504,3.088683321177059,12.871789584960467,8.836357361298427,1.7393151871397776,3.51004085333845,2.9049235841847914,53504,3.088683321177059,12.871789584960467,8.836357361298427,1.7393151871397776,3.51004085333845,2.9049235841847914
baseline,128.0,1.0,24,432,False,619,5.0,1.0,107008,3.063952063538322,12.055083780058796,9.259829336759578,1.730806342950481,3.4685505908052328,2.9652235069757045,107008,3.063952063538322,12.055083780058796,9.259829336759578,1.730806342950481,3.4685505908052328,2.9652235069757045
baseline,128.0,1.0,24,256,True,619,1.0,1.0,53504,3.065821722775798,23.240483325449237,19.567917918458672,1.7383242300327202,4.7673541474727195,4.395326734729022,53504,3.065821722775798,23.240483325449237,19.567917918458672,1.7383242300327202,4.7673541474727195,4.395326734729022
baseline,128.0,1.0,24,432,True,619,1.0,1.0,107008,3.0428671649033694,23.31695140454108,20.616503773780583,1.7308436950052506,4.8226525693178734,4.498644174568792,107008,3.0428671649033694,23.31695140454108,20.616503773780583,1.7308436950052506,4.8226525693178734,4.498644174568792
baseline,128.0,1.0,24,256,True,619,5.0,1.0,53504,3.0886906367293023,12.87179359175924,8.836360415233463,1.73931585965975,3.5100413881384895,2.9049240796809386,53504,3.0886906367293023,12.87179359175924,8.836360415233463,1.73931585965975,3.5100413881384895,2.9049240796809386
baseline,128.0,1.0,24,432,True,619,5.0,1.0,107008,3.063959529045217,12.05508716476141,9.259832685460276,1.7308070042657095,3.468551082453603,2.965224043737779,107008,3.063959529045217,12.05508716476141,9.259832685460276,1.7308070042657095,3.468551082453603,2.965224043737779
baseline,200.0,1.0,8,256,False,619,1.0,1.0,53504,11.806581867091689,14.039369881755945,14.116177442119445,3.4341685530722112,3.722957640689104,3.7565836900480654,53504,11.806581867091689,14.039369881755945,14.116177442119445,3.4341685530722112,3.722957640689104,3.7565836900480654
baseline,200.0,1.0,8,432,False,619,1.0,1.0,107008,11.749367621407012,13.999951760882505,13.983787027138575,3.425511033948337,3.7314083753375282,3.739488128561616,107008,11.749367621407012,13.999951760882505,13.983787027138575,3.425511033948337,3.7314083753375282,3.739488128561616
baseline,200.0,1.0,8,256,False,619,5.0,1.0,53504,11.800851437940066,1.4319868344316304,1.5910534827330831,3.4320992997322652,1.109643242825276,1.2589311358315152,53504,11.800851437940066,1.4319868344316304,1.5910534827330831,3.4320992997322652,1.109643242825276,1.2589311358315152
baseline,200.0,1.0,8,432,False,619,5.0,1.0,107008,11.74571187844069,1.3385929458921382,1.5678270280957902,3.423658997564151,1.1080815814250602,1.2517594203741704,107008,11.74571187844069,1.3385929458921382,1.5678270280957902,3.423658997564151,1.1080815814250602,1.2517594203741704
baseline,200.0,1.0,8,256,True,619,1.0,1.0,53504,11.806588311717556,14.039370249605595,14.116178086162876,3.434169638884749,3.7229576790918357,3.756583774361678,53504,11.806588311717556,14.039370249605595,14.116178086162876,3.434169638884749,3.7229576790918357,3.756583774361678
baseline,200.0,1.0,8,432,True,619,1.0,1.0,107008,11.74937415920336,13.999952137279752,13.983787624566935,3.42551214612883,3.73140841908251,3.7394882083723764,107008,11.74937415920336,13.999952137279752,13.983787624566935,3.42551214612883,3.73140841908251,3.7394882083723764
baseline,200.0,1.0,8,256,True,619,5.0,1.0,53504,11.800857868032322,1.431987161646014,1.5910536111531366,3.432100422813874,1.1096433567433783,1.2589311842096926,53504,11.800857868032322,1.431987161646014,1.5910536111531366,3.432100422813874,1.1096433567433783,1.2589311842096926
baseline,200.0,1.0,8,432,True,619,5.0,1.0,107008,11.745718524419523,1.3385931791003347,1.5678271911456514,3.423660166818102,1.1080816561554676,1.2517594840211341,107008,11.745718524419523,1.3385931791003347,1.5678271911456514,3.423660166818102,1.1080816561554676,1.2517594840211341
baseline,200.0,1.0,24,256,False,619,1.0,1.0,53504,11.809788579351885,23.30172596270771,19.61952682641741,3.4350997882144694,4.774033204921817,4.40131341255767,53504,11.809788579351885,23.30172596270771,19.61952682641741,3.4350997882144694,4.774033204921817,4.40131341255767
baseline,200.0,1.0,24,432,False,619,1.0,1.0,107008,11.752893749512815,23.381636638664045,20.67099892818178,3.4265304760848756,4.8292004775685715,4.504833869349578,107008,11.752893749512815,23.381636638664045,20.67099892818178,3.4265304760848756,4.8292004775685715,4.504833869349578
baseline,200.0,1.0,24,256,False,619,5.0,1.0,53504,11.810475339970871,12.897629283266657,8.852537961242717,3.4342731970646474,3.518615747337661,2.910986602744366,53504,11.810475339970871,12.897629283266657,8.852537961242717,3.4342731970646474,3.518615747337661,2.910986602744366
baseline,200.0,1.0,24,432,False,619,5.0,1.0,107008,11.751735460745653,12.107372295068243,9.272237813703718,3.4252960450542735,3.4748133800395866,2.970922356208328,107008,11.751735460745653,12.107372295068243,9.272237813703718,3.4252960450542735,3.4748133800395866,2.970922356208328
baseline,200.0,1.0,24,256,True,619,1.0,1.0,53504,11.809795200310681,23.301726094135166,19.61952764499095,3.435100877562158,4.774033199370327,4.401313499358171,53504,11.809795200310681,23.301726094135166,19.61952764499095,3.435100877562158,4.774033199370327,4.401313499358171
baseline,200.0,1.0,24,432,True,619,1.0,1.0,107008,11.75290048085753,23.381636182948103,20.67100000425241,3.4265315959605434,4.829200437465428,4.504833984084175,107008,11.75290048085753,23.381636182948103,20.67100000425241,3.4265315959605434,4.829200437465428,4.504833984084175
baseline,200.0,1.0,24,256,True,619,5.0,1.0,53504,11.810482255276025,12.897630090422613,8.852538980658753,3.4342743665647557,3.5186158274470287,2.9109867516001726,53504,11.810482255276025,12.897630090422613,8.852538980658753,3.4342743665647557,3.5186158274470287,2.9109867516001726
baseline,200.0,1.0,24,432,True,619,5.0,1.0,107008,11.751742083241437,12.10737272884487,9.272238829450659,3.4252971861607175,3.4748134496955982,2.9709225127719847,107008,11.751742083241437,12.10737272884487,9.272238829450659,3.4252971861607175,3.4748134496955982,2.9709225127719847
wide-chroma,30.0,0.8616414550168122,8,256,False,173,1.0,1.003203902516643,53504,1.2690051055914024,13.26683638486105,14.154846750782772,0.7851058429324815,3.6392891270535093,3.7622927255382184,53504,1.3445977813547039,9.727413252208768,10.663380973508895,0.7876212455184841,3.1113679157486915,3.2651679057209937
wide-chroma,30.0,0.8610251808571254,8,432,False,173,1.0,1.0039209729856653,107008,1.3101873673980484,13.28369373814547,14.221432630110167,0.8066480399199589,3.6446793639990642,3.7500592016898606,107008,1.3871127075146503,9.727250094021846,10.746122832450695,0.8098108850934249,3.1181566366874782,3.248217563706619
wide-chroma,30.0,0.71245054285615,8,256,False,173,5.0,1.0007832656290918,53504,1.5494097020597208,1.3708386735739109,1.7234825325791823,0.7932291370683684,1.1189575859445289,1.3020146502759684,53504,1.568729402563838,0.7341397390898694,0.9117757656868659,0.7938504461874283,0.7887431565374775,0.9348240301929791
wide-chroma,30.0,0.7200593804397251,8,432,False,173,5.0,1.0003482639263355,107008,1.5893449448994934,1.3453208481503036,2.1392441560563147,0.8164457463686687,1.1386604861113894,1.3518335921245908,107008,1.6086301299463972,0.7000119928092392,1.2920261901388677,0.816730084969939,0.8058273179609079,0.985084760528765
wide-chroma,30.0,0.8616414445399793,8,256,True,173,1.0,1.0032039223153588,53504,1.269004295175498,13.266833635418122,14.154843504774597,0.7851057391266538,3.639288747184276,3.762292294149287,53504,1.3445969339854986,9.727410970270295,10.66337832440987,0.7876211569241579,3.111367545327693,3.265167499567198
wide-chroma,30.0,0.8610251715483727,8,432,True,173,1.0,1.003920984581666,107008,1.3101865455871153,13.283690992448133,14.221429551549821,0.806647945214917,3.644678987368926,3.7500587934472134,107008,1.3871118637722277,9.727247862441198,10.746120306751859,0.8098107993709373,3.1181562776888443,3.2482171781354245
wide-chroma,30.0,0.7124505250132328,8,256,True,173,5.0,1.000783274204737,53504,1.5494086990968636,1.370838403193874,1.7234820360543592,0.7932290324190553,1.1189574468439787,1.3020144550168389,53504,1.5687284177908187,0.7341395713015573,0.9117754712433049,0.7938503482585975,0.788743032734747,0.9348238720173583
wide-chroma,30.0,0.7200593650071967,8,432,True,173,5.0,1.0003482805370065,107008,1.5893439481976612,1.3453205598768334,2.139243596493959,0.8164456443875547,1.1386603493918828,1.351833395607788,107008,1.6086291569673603,0.7000118059181092,1.292025853205818,0.8167299965150188,0.8058271910893469,0.9850846073089162
wide-chroma,30.0,0.9721369269377526,24,256,False,173,1.0,1.0049642055123535,53504,1.1579856621094318,18.287236704232743,16.46834855841348,0.7841861502085116,4.26670184006035,4.03870386007962,53504,1.181846669000254,17.33197951900474,15.50556769888965,0.788079011418088,4.154914885085889,3.9186624731322723
wide-chroma,30.0,0.9716004683773777,24,432,False,173,1.0,1.007090001689855,107008,1.2004287333944015,18.699221925617366,20.08835633346771,0.8067406293098116,4.246438371964685,4.461127600945428,107008,1.2293591642694375,17.573645369438633,19.057242219157494,0.8124604217348929,4.116664015248102,4.34315101861228
wide-chroma,30.0,0.7595841420376711,24,256,False,173,5.0,1.0027687421860998,53504,1.366069297203716,8.304453447333637,6.5799361172278505,0.7908567344511584,2.881646422996776,2.54789805867018,53504,1.4364615219779864,5.026404601414224,3.6013446044222834,0.7930464128549946,2.235797320796503,1.8809146306208104
wide-chroma,30.0,0.7948762981082074,24,432,False,173,5.0,1.0056281550528303,107008,1.4457550435623918,7.791893610336386,9.541833597455074,0.8257354527387036,2.735237861689272,3.047205970101359,107008,1.5239429739626156,4.811164328120471,6.272196593272438,0.830382819899336,2.1427860960622294,2.4499647483767424
wide-chroma,30.0,0.9721369279861938,24,256,True,173,1.0,1.0049642050066534,53504,1.1579849179351391,18.287232756226643,16.46834486553893,0.7841860495958527,4.2667013813155,4.038703409890171,53504,1.181845925449575,17.331975905065274,15.505564151703698,0.7880789099094041,4.154914454256834,3.9186620283865756
wide-chroma,30.0,0.9716004707293839,24,432,True,173,1.0,1.0070900039738342,107008,1.2004279797411352,18.69921784296521,20.088352134614073,0.8067405324285155,4.246437915582028,4.461127131262437,107008,1.2293584125630117,17.573641667337274,19.057238281590212,0.8124603260092867,4.11666358869101,4.343150566221424
wide-chroma,30.0,0.7595841162142921,24,256,True,173,5.0,1.0027687364040148,53504,1.366068446526005,8.304451451377862,6.579934342982224,0.7908566401155425,2.881646076277677,2.547897719348973,53504,1.436460610405699,5.026403117201232,3.6013433367805323,0.7930463136853871,2.235796985264246,1.8809143034832232
wide-chroma,30.0,0.7948762764430072,24,432,True,173,5.0,1.0056281632800568,107008,1.4457541582758424,7.791891616582438,9.54183128288365,0.8257353533957923,2.735237518253687,3.0472055922128676,107008,1.5239420481129478,4.81116284207493,6.272194736402366,0.8303827267908193,2.142785775035999,2.4499643720713773
wide-chroma,128.0,0.8640330175004063,8,256,False,173,1.0,0.9997341056151204,53504,3.024677685061139,13.790899622635964,14.696582491084818,1.7269604525228142,3.713313295381692,3.8330607003059427,53504,3.029065711255673,10.147093756008719,11.122533943595421,1.7265012634355792,3.184738504327029,3.3346747258368943
wide-chroma,128.0,0.8631725554676407,8,432,False,173,1.0,0.99980294153376,107008,3.0385330865801414,13.817170445938244,14.71871755802763,1.7301299371256333,3.715517678521175,3.8215259688221797,107008,3.0435282661508225,10.161854564471316,11.137786593323431,1.7297890003738274,3.186531064987629,3.318542273590737
wide-chroma,128.0,0.7108193364054947,8,256,False,173,5.0,0.9999786686417987,53504,3.0411930415469084,1.313744035380038,1.7843654563446099,1.725062716533185,1.1430179357320644,1.3357975763605046,53504,3.0427083518718105,0.6500833213692658,0.9167810210994171,1.725025918602459,0.8032638057766656,0.957319408158367
wide-chroma,128.0,0.7179696393719532,8,432,False,173,5.0,0.9999684330410579,107008,3.0567287875574523,1.3523198558422052,2.078502286153477,1.7286437844076268,1.1619910438378986,1.385579696482449,107008,3.0582604489695573,0.6715699218081933,1.1768056362569006,1.7285892163802588,0.8180949819882948,1.0081515260015264
wide-chroma,128.0,0.8640330414112006,8,256,True,173,1.0,0.9997341136026512,53504,3.0246839851282417,13.790902603668865,14.696586486619953,1.7269611061631114,3.713313696238299,3.833061222613005,53504,3.0290723387262117,10.147096645054482,11.122537441825354,1.7265019306962321,3.1847389569975815,3.33467525141951
wide-chroma,128.0,0.8631725773514921,8,432,True,173,1.0,0.9998029549028208,107008,3.0385395541465705,13.817173550017403,14.71872166873176,1.730130592601444,3.71551809685683,3.8215264970961673,107008,3.043535090894067,10.161857393800162,11.137790264770702,1.7297896788506921,3.1865315095588116,3.3185428106423585
wide-chroma,128.0,0.7108193745526676,8,256,True,173,5.0,0.9999786763101352,53504,3.0412003755366945,1.3137445054317638,1.7843662289956326,1.7250633875275518,1.1430181363534822,1.3357978658268137,53504,3.042715815074946,0.6500836419908719,0.9167814969705698,1.725026602810879,0.8032640027740503,0.9573196555193538
wide-chroma,128.0,0.7179696721435102,8,432,True,173,5.0,0.9999684366725002,107008,3.0567363516503097,1.3523203125265204,2.07850320100736,1.728644475598235,1.1619912420265663,1.385579982599414,107008,3.058268098516049,0.6715702468169574,1.176806225314411,1.728589913826521,0.818095183352698,1.0081517593727638
wide-chroma,128.0,0.9727316177608515,24,256,False,173,1.0,0.9999741490793841,53504,3.0184092174699457,18.940737401514046,17.03963695733854,1.7277151602972196,4.340793342852374,4.1067695548785546,53504,3.019679083198815,17.989616830998038,16.060918314905987,1.7276704972697638,4.230762043310866,3.9859560537026484
wide-chroma,128.0,0.9720476056013098,24,432,False,173,1.0,1.0000949825583951,107008,3.0333499360285345,19.364641901672677,20.725680111889226,1.7312951984188045,4.3169887616396565,4.532800546676504,107008,3.0355548715947753,18.24505435131102,19.669028911152058,1.7314596412660874,4.187285363762494,4.414683436864444
wide-chroma,128.0,0.7628525693685426,24,256,False,173,5.0,0.9998688423846341,53504,3.0280370975590096,8.789140505678624,6.942792576190698,1.7257941047092573,2.9618064920918923,2.6034177682189137,53504,3.0330061714767,5.3256551864360135,3.8736241647141045,1.7255677536698713,2.307596918474202,1.9298377940028844
wide-chroma,128.0,0.7965231980119329,24,432,False,173,5.0,1.0000191546593182,107008,3.050248492761257,8.373774708875997,9.859091970944547,1.7309142722738584,2.797223367739337,3.1128717373543187,107008,3.05657911126979,5.279867382548542,6.462503480289461,1.7309474273470529,2.1928471802429534,2.5106646157518626
wide-chroma,128.0,0.9727316188734499,24,256,True,173,1.0,0.9999741085770952,53504,3.01841492478231,18.940741325210738,17.03964132952773,1.7277157704118156,4.340793799677747,4.10677008512724,53504,3.0196846288852686,17.989620233030994,16.06092290642132,1.7276710373921447,4.230762448093031,3.985956621418493
wide-chroma,128.0,0.9720476025105904,24,432,True,173,1.0,1.0000949766909288,107008,3.033355763900934,19.364645792467993,20.72568566937394,1.7312958058045869,4.316989223804135,4.532801151167823,107008,3.0355607401058444,18.245057734919857,19.669034232075624,1.731460238551241,4.187285776842659,4.414684031873119
wide-chroma,128.0,0.7628526422438163,24,256,True,173,5.0,0.9998688597968987,53504,3.0280435546259152,8.78914290011412,6.942795214753141,1.7257946997192932,2.9618068985342756,2.603418268272367,53504,3.03301295203216,5.32565751871888,3.8736264588579616,1.7255683786518607,2.3075974246915676,1.929838392229686
wide-chroma,128.0,0.7965232521973216,24,432,True,173,5.0,1.0000191550846145,107008,3.0502551770739106,8.373776969689276,9.859095639338703,1.7309148799463487,2.797223778478345,3.112872314271423,107008,3.0565860467206636,5.279869380291146,6.462506780432616,1.7309480357673346,2.192847648087065,2.5106652523702997
wide-chroma,200.0,0.864215023579168,8,256,False,173,1.0,0.9998456576057242,53504,11.838104830007294,13.838987630310424,14.743587430907022,3.439543161973231,3.7199466851645475,3.8390168514657494,53504,11.836177579131206,10.18583486670806,11.162745251850293,3.439012294646397,3.191218897261563,3.340456677350589
wide-chroma,200.0,0.8633262760798294,8,432,False,173,1.0,0.9998582416139097,107008,11.780092589090668,13.866381222223152,14.760194600581983,3.4308928392117934,3.7216234513475244,3.827740704636201,107008,11.77862829175933,10.202942431306981,11.168734759520058,3.430406481380058,3.1922235601850097,3.3246395932684973
wide-chroma,200.0,0.7104924892048698,8,256,False,173,5.0,0.9999716207118254,53504,11.831357932849345,1.3126869857303967,1.793818826811906,3.4375520960910757,1.1448996307305686,1.3389973054506132,53504,11.83120742643634,0.6472959767639872,0.9202875823824425,3.437454540809526,0.8040909821799829,0.9592646440675585
wide-chroma,200.0,0.7175529152867797,8,432,False,173,5.0,0.9999708211769007,107008,11.774827286580596,1.3617299626779682,2.0673973271390507,3.4290566727115834,1.163595451467217,1.388773608536821,107008,11.774704916313178,0.6781408886402821,1.159884723583682,3.428956616873533,0.8184176641146276,1.0101330303500375
wide-chroma,200.0,0.86421503100013,8,256,True,173,1.0,0.9998456673814627,53504,11.838111770933144,13.838987816627245,14.743587904832587,3.439544286796475,3.7199467092584984,3.8390169152216536,53504,11.836184658163821,10.185835310571342,11.16274567759752,3.439013452920119,3.1912189648495737,3.3404567424083353
wide-chroma,200.0,0.8633262886824302,8,432,True,173,1.0,0.9998582482260744,107008,11.7800994209832,13.866381131592593,14.760195158730204,3.4308939579444737,3.721623442261718,3.8277407719327057,107008,11.778635188792133,10.202942801023044,11.168735350111056,3.4304076226397844,3.1922236222812326,3.3246396770887823
wide-chroma,200.0,0.7104924881781207,8,256,True,173,5.0,0.9999716267645095,53504,11.83136469316817,1.3126871218520952,1.7938189991715965,3.4375532408771616,1.1448996852027162,1.338997371875651,53504,11.831214309810324,0.6472960628327853,0.92028764765053,3.437455706369547,0.8040910328516121,0.9592646788561968
wide-chroma,200.0,0.7175529385367007,8,432,True,173,5.0,0.9999708270057864,107008,11.774834002415979,1.361730000961789,2.0673974871059335,3.429057818062854,1.1635954757483529,1.3887736553996821,107008,11.774711744695793,0.6781409655667553,1.1598848804512227,3.4289577821789696,0.8184177177501628,1.0101330886839175
wide-chroma,200.0,0.9727881448825555,24,256,False,173,1.0,0.9999600399088653,53504,11.840734542271749,18.99927177140604,17.089362492285268,3.440278329911835,4.347337046434145,4.112611742590428,53504,11.840165979045222,18.049735949675735,16.109579184688393,3.4401408560762428,4.237533372067418,3.9917005016634066
wide-chroma,200.0,0.9720769855691451,24,432,False,173,1.0,0.9999774052877823,107008,11.785034408812555,19.42490286653863,20.782289367977953,3.432001828920243,4.323198559082664,4.53913898931142,107008,11.78496457850924,18.307139818782012,19.722741405466294,3.4319242838265884,4.193431541500991,4.420994612129268
wide-chroma,200.0,0.7631691650125653,24,256,False,173,5.0,0.9998833871837371,53504,11.832931781258118,8.841380215238498,6.980517577824922,3.4384797813257117,2.9695056096552586,2.608090563396452,53504,11.831900503839385,5.35998399025349,3.906012051845135,3.4380788105147486,2.314501514267429,1.9340768909554795
wide-chroma,200.0,0.7965999216405517,24,432,False,173,5.0,0.9999034721137628,107008,11.781063229110114,8.442254227658863,9.882531885876725,3.4306331133945673,2.8021660950617466,3.118601152947931,107008,11.78074997648044,5.341322154342694,6.474183033475403,3.430301961631676,2.196399203363554,2.515989939048338
wide-chroma,200.0,0.972788150707004,24,256,True,173,1.0,0.9999600273193661,53504,11.840741751055422,18.999271130836615,17.08936274648523,3.440279467445324,4.347336977312822,4.112611774418622,53504,11.840172867295482,18.049735797268827,16.10957929317115,3.4401419502528805,4.237533361677738,3.9917005233205343
wide-chroma,200.0,0.9720769840744568,24,432,True,173,1.0,0.9999774038136839,107008,11.785040819372632,19.424902118704473,20.782290286026278,3.4320028654341996,4.323198494877888,4.539139088108922,107008,11.784970933790722,18.307139162531616,19.722742125002927,3.431925315258015,4.193431486996038,4.420994687439534
wide-chroma,200.0,0.7631691786172229,24,256,True,173,5.0,0.9998833994805475,53504,11.832938374825442,8.841380205995222,6.980518138360271,3.438480862785634,2.969505612957887,2.608090674485255,53504,11.83190731458787,5.359984011851904,3.906012699608904,3.4380799341309056,2.3145015206789608,1.9340770573382133
wide-chroma,200.0,0.7965999394453208,24,432,True,173,5.0,0.9999034711609837,107008,11.781069509359344,8.442254194511685,9.8825329301596,3.430634166752892,2.802166118737218,3.118601318985031,107008,11.780756150865818,5.341322106879758,6.474184217709275,3.4303030116196855,2.196399224925605,2.515990166646421
wide-chroma,30.0,0.8607070699230615,8,256,False,619,1.0,1.0032384647108457,53504,1.3737130648888836,13.558785239074691,13.584080143142701,0.82705317320391,3.6438782486130292,3.6829739536292183,53504,1.4502408893688108,10.151929229063423,10.124728238231532,0.8297315557193238,3.1294516193806974,3.1767343910987136
wide-chroma,30.0,0.8609001902086454,8,432,False,619,1.0,1.003920579565748,107008,1.3815722990342885,13.499090700256465,13.453335250365134,0.8259842326309179,3.653392650602146,3.667005433984128,107008,1.4592736798105526,10.06288412643958,10.020425314470753,0.8292225695350007,3.1389104635243434,3.163185782855851
wide-chroma,30.0,0.6707588826995919,8,256,False,619,5.0,0.9995432179666139,53504,1.6470784090452153,1.7199100607813584,1.5926180162048582,0.8319279298114897,1.0793838951481698,1.2320681964790599,53504,1.6652448672123847,1.0930958709365741,0.7371939520392624,0.8315479200800797,0.7438022367460232,0.808649836566194
wide-chroma,30.0,0.6696427371788258,8,432,False,619,5.0,0.9996425163760024,107008,1.6619130225569954,1.5797059685178394,1.5568591543109793,0.8345643581716794,1.0842237531936778,1.2273906620397883,107008,1.679836401186909,0.9448888273288255,0.7392821138825726,0.8342660150804609,0.7237529611290051,0.8239301129523005
wide-chroma,30.0,0.8607070622382803,8,256,True,619,1.0,1.003238466412855,53504,1.3737121591985608,13.558782601229957,13.584077313241755,0.8270530623990879,3.643877885943794,3.682973567845911,53504,1.4502399433002053,10.15192715204099,10.124725902243833,0.8297314459633163,3.129451288817934,3.1767340213342834
wide-chroma,30.0,0.8609001805219805,8,432,True,619,1.0,1.0039205789900179,107008,1.3815714155682042,13.49908805520176,13.453332445226906,0.8259841406785516,3.6533922861753094,3.667005050643799,107008,1.45927275723969,10.06288195124945,10.020423000701856,0.8292224767465839,3.138910116214706,3.163185415544812
wide-chroma,30.0,0.6707588692070849,8,256,True,619,5.0,0.9995432347432752,53504,1.6470773479952445,1.7199097685411533,1.5926176118146307,0.8319278152961888,1.07938376925235,1.2320680249233544,53504,1.6652438331953854,1.0930957227052978,0.7371937383650304,0.8315478195740585,0.7438021453767146,0.8086496973722596
wide-chroma,30.0,0.669642719545534,8,432,True,619,5.0,0.9996425079668536,107008,1.6619120017681803,1.579705666153447,1.556858752789962,0.8345642733203017,1.084223613987875,1.2273904936702422,107008,1.6798353624548559,0.9448886741356459,0.739281896777568,0.8342659232414411,0.7237528533488639,0.82392997457627
wide-chroma,30.0,0.9731099998094928,24,256,False,619,1.0,1.0088829395846015,53504,1.2648645302935535,22.585142124101,18.969809923609667,0.8277425202487776,4.696485521948467,4.325911517034013,53504,1.2975063592440825,21.573332710815997,17.865346373617523,0.8350953070477534,4.584670345037931,4.193820185632046
wide-chroma,30.0,0.9728319460290741,24,432,False,619,1.0,1.00835342758914,107008,1.2702388793393962,22.63284257785849,19.991802959511087,0.8256084721767253,4.7524202883306454,4.427724867217571,107008,1.3032292691555214,21.521684412248003,18.852232878270474,0.832505132766034,4.63504819849789,4.2947946728721575
wide-chroma,30.0,0.8325979811236032,24,256,False,619,5.0,1.0059301124856999,53504,1.525605732221576,12.497816466482394,8.572596486178504,0.8568727990391604,3.4219751185933855,2.836878580901236,53504,1.5994285381687543,9.345272262162549,5.8272420607577935,0.861954151123399,2.918200432789347,2.276091421243933
wide-chroma,30.0,0.816537207601934,24,432,False,619,5.0,1.0031715130329362,107008,1.534335360374892,11.524373108972105,9.016118722598343,0.8478726502133684,3.39472483557692,2.899664482914642,107008,1.6112642182670844,8.06261805933328,5.918499761683328,0.8505616893737903,2.83823517431168,2.2877683538735676
wide-chroma,30.0,0.9731099988768369,24,256,True,619,1.0,1.0088829550775307,53504,1.2648638080347832,22.585137870376663,18.96980607366015,0.8277424367994084,4.6964850733898835,4.325911076246745,53504,1.2975056412166215,21.57332863609774,17.865342703963847,0.8350952356812633,4.584669903471681,4.193819753310067
wide-chroma,30.0,0.9728319458859528,24,432,True,619,1.0,1.008353444880924,107008,1.2702381181835756,22.632837969741228,19.991798957406708,0.8256083670170531,4.752419806576269,4.427724420963969,107008,1.3032285141990338,21.52168001040252,18.852229107402856,0.8325050410041597,4.6350477264780805,4.294794240997985
wide-chroma,30.0,0.8325979630157366,24,256,True,619,5.0,1.0059300956614956,53504,1.5256049391445061,12.497813723281023,8.572594615656108,0.8568727411061808,3.4219747293198535,2.8368782637883596,53504,1.5994276825224931,9.345269967770754,5.827240520583486,0.8619540784306685,2.9182000490590205,2.276091102657391
wide-chroma,30.0,0.8165371844648689,24,432,True,619,5.0,1.0031715151049383,107008,1.5343344636375633,11.524370350130178,9.016116696056919,0.8478725602733705,3.3947244290059406,2.8996641459225745,107008,1.6112633092835567,8.06261576150616,5.918498098029543,0.8505616009053402,2.8382347678593383,2.2877680065099435
wide-chroma,128.0,0.8627815837310912,8,256,False,619,1.0,0.999781885429763,53504,3.072756249504591,14.003155834373993,14.074600626805566,1.7374680473128232,3.716420420656642,3.750862143988928,53504,3.0780639098086935,10.451574866645078,10.523018189298767,1.737089080216383,3.1998071818536116,3.242752094800349
wide-chroma,128.0,0.8627376945346008,8,432,False,619,1.0,0.9998419328808202,107008,3.050041976625717,13.961435804240065,13.942053266577105,1.7299693337480315,3.725092837981526,3.733880571724697,107008,3.0558865875945975,10.390958017372622,10.414330017110961,1.7296958824791766,3.2080965700253223,3.227017602607628
wide-chroma,128.0,0.6690559112201226,8,256,False,619,5.0,0.9999014437841401,53504,3.09025234310229,1.4655228392161541,1.5907539230418142,1.735316756881882,1.1070629028464005,1.2568732148391788,53504,3.0914552826001,0.8017278303560406,0.6880864367918721,1.7351457306290055,0.7620346529713926,0.8216229276488671
wide-chroma,128.0,0.6673741935468118,8,432,False,619,5.0,0.9999156850597702,107008,3.0703335403855703,1.3650723977671497,1.5657970951156672,1.7284536396018957,1.1064588424946176,1.250026503716672,107008,3.071628025305436,0.6856631928151112,0.7058200406625164,1.7283079051365828,0.7352103086130338,0.8370673326151639
wide-chroma,128.0,0.8627816145178882,8,256,True,619,1.0,0.9997819162148726,53504,3.072763060246217,14.003159321946974,14.074604436699753,1.73746869298839,3.7164208707319384,3.7508626506295535,53504,3.0780711846328526,10.451578075917565,10.523021924287942,1.7370897792392828,3.1998076610454036,3.242752670537834
wide-chroma,128.0,0.8627377169544185,8,432,True,619,1.0,0.999841960178021,107008,3.050048988028796,13.961439199089497,13.942057254275056,1.7299699968312865,3.7250932831091306,3.733881105368465,107008,3.055894039900067,10.390960996448904,10.414333622509462,1.7296965926809582,3.208097023348003,3.2270181607225057
wide-chroma,128.0,0.6690559283848068,8,256,True,619,5.0,0.9999014745697088,53504,3.090260042280252,1.465523459073488,1.590754602531014,1.735317382667028,1.107063105528236,1.2568734836219981,53504,3.0914632529012454,0.8017281821509669,0.6880867871778305,1.735146409775209,0.7620347980871642,0.8216231385699624
wide-chroma,128.0,0.6673742204336081,8,432,True,619,5.0,0.9999157006832823,107008,3.0703414574602585,1.3650730036029806,1.5657977303178492,1.7284542884753962,1.1064590620008152,1.2500267550391067,107008,3.0716361151716343,0.6856635280478723,0.7058204146310708,1.7283085809599,0.7352104655204584,0.8370675509273751
wide-chroma,128.0,0.9737855992705885,24,256,False,619,1.0,1.000248775433809,53504,3.0658153590282033,23.240478222503135,19.56791283467376,1.7383235915013961,4.767353639701607,4.395326168915615,53504,3.0691597019624908,22.211696265155854,18.43808897380253,1.7387560437069725,4.657542541848425,4.263601075258471
wide-chroma,128.0,0.9732843307266638,24,432,False,619,1.0,1.0001923073183718,107008,3.0428606886072735,23.31694661562743,20.616498245074105,1.7308430634124654,4.822652068829282,4.498643576558916,107008,3.045999669162008,22.19383274503164,19.450397220481197,1.7311759172005128,4.70518651269349,4.366233380965726
wide-chroma,128.0,0.8359137707496826,24,256,False,619,5.0,0.9999650868192875,53504,3.088683321177059,12.871789584960467,8.836357361298427,1.7393151871397776,3.51004085333845,2.9049235841847914,53504,3.094645820971047,9.558267896733994,5.95258599245779,1.739254462114333,3.0048983592123086,2.340075351259472
wide-chroma,128.0,0.8198788912231956,24,432,False,619,5.0,0.9997877184578663,107008,3.063952063538322,12.055083780058796,9.259829336759578,1.730806342950481,3.4685505908052328,2.9652235069757045,107008,3.0696294607238226,8.512590654090964,6.003599998721732,1.7304389247108647,2.9148633125445733,2.3454394373005307
wide-chroma,128.0,0.9737855991790997,24,256,True,619,1.0,1.000248769430747,53504,3.065821722775798,23.240483325449237,19.567917918458672,1.7383242300327202,4.7673541474727195,4.395326734729022,53504,3.0691661194993096,22.211700810634184,18.43809404271644,1.738756671961879,4.657543008364393,4.263601656261433
wide-chroma,128.0,0.9732843277666267,24,432,True,619,1.0,1.0001922940227423,107008,3.0428671649033694,23.31695140454108,20.616503773780583,1.7308436950052506,4.8226525693178734,4.498644174568792,107008,3.046006166100858,22.193836951181087,19.450402559164903,1.7311765259021015,4.705186961966594,4.366233975442915
wide-chroma,128.0,0.835913793501655,24,256,True,619,5.0,0.9999650863475438,53504,3.0886906367293023,12.87179359175924,8.836360415233463,1.73931585965975,3.5100413881384895,2.9049240796809386,53504,3.09465337976331,9.5582711568024,5.9525885209243885,1.7392551337903142,3.0048988692249514,2.3400758553955914
wide-chroma,128.0,0.819878934262546,24,432,True,619,5.0,0.999787709186585,107008,3.063959529045217,12.05508716476141,9.259832685460276,1.7308070042657095,3.468551082453603,2.965224043737779,107008,3.0696371271398744,8.512593773498487,6.003602953188645,1.7304395698389097,2.914863849713512,2.3454400279024736
wide-chroma,200.0,0.8629431701740596,8,256,False,619,1.0,0.9998602820827077,53504,11.806581867091689,14.039369881755945,14.116177442119445,3.4341685530722112,3.722957640689104,3.7565836900480654,53504,11.805482577514134,10.471697508343244,10.556866102624207,3.4336887381943453,3.206021992483534,3.2483237207104327
wide-chroma,200.0,0.8628554825622516,8,432,False,619,1.0,0.9998676156911832,107008,11.749367621407012,13.999951760882505,13.983787027138575,3.425511033948337,3.7314083753375282,3.739488128561616,107008,11.748616314199163,10.415204842897937,10.447721900634694,3.425057550037763,3.214009783210739,3.2322721261534184
wide-chroma,200.0,0.6687607777061269,8,256,False,619,5.0,0.9999590343495363,53504,11.800851437940066,1.4319868344316304,1.5910534827330831,3.4320992997322652,1.109643242825276,1.2589311358315152,53504,11.800513853858902,0.765253928640473,0.6838469235920124,3.4319587015519954,0.7636462232904438,0.822418094966295
wide-chroma,200.0,0.6670207105780204,8,432,False,619,5.0,0.9999624256688485,107008,11.74571187844069,1.3385929458921382,1.5678270280957902,3.423658997564151,1.1080815814250602,1.2517594203741704,107008,11.745482042790536,0.6550564448639232,0.7040278323607542,3.4235303558672268,0.7357667740885078,0.8379000037144698
wide-chroma,200.0,0.8629431749825741,8,256,True,619,1.0,0.9998603000748874,53504,11.806588311717556,14.039370249605595,14.116178086162876,3.434169638884749,3.7229576790918357,3.756583774361678,53504,11.805489356289826,10.471697928828924,10.556866721435634,3.4336898856433726,3.2060220402199615,3.2483238147139417
wide-chroma,200.0,0.8628554896428764,8,432,True,619,1.0,0.9998676299905426,107008,11.74937415920336,13.999952137279752,13.983787624566935,3.42551214612883,3.73140841908251,3.7394882083723764,107008,11.74862310142185,10.415205246252027,10.447722589462392,3.42505871105365,3.2140098362062064,3.2322722325502937
wide-chroma,200.0,0.6687608148306345,8,256,True,619,5.0,0.9999590266900975,53504,11.800857868032322,1.431987161646014,1.5910536111531366,3.432100422813874,1.1096433567433783,1.2589311842096926,53504,11.800520068216109,0.7652542092672056,0.6838470469758197,3.4319597982996335,0.7636463473536879,0.8224181666489243
wide-chroma,200.0,0.6670207442443287,8,432,True,619,5.0,0.9999624206437729,107008,11.745718524419523,1.3385931791003347,1.5678271911456514,3.423660166818102,1.1080816561554676,1.2517594840211341,107008,11.74548853890014,0.6550566565855651,0.704027986488116,3.4235315078730926,0.7357668568586841,0.8379000922081206
wide-chroma,200.0,0.9738502297836303,24,256,False,619,1.0,1.0000062013063775,53504,11.809788579351885,23.30172596270771,19.61952682641741,3.4350997882144694,4.774033204921817,4.40131341255767,53504,11.810518694090169,22.270454931731013,18.48678109274465,3.4351210903206932,4.664444286927842,4.26961833258067
wide-chroma,200.0,0.9733156277701994,24,432,False,619,1.0,0.999993847813261,107008,11.752893749512815,23.381636638664045,20.67099892818178,3.4265304760848756,4.8292004775685715,4.504833869349578,107008,11.753414317450725,22.257205809376284,19.501710166819574,3.4265093954295196,4.711647096617212,4.372468537451362
wide-chroma,200.0,0.8362374174663344,24,256,False,619,5.0,0.9998974092576903,53504,11.810475339970871,12.897629283266657,8.852537961242717,3.4342731970646474,3.518615747337661,2.910986602744366,53504,11.81015853321448,9.566028134156564,5.954649288829299,3.4339208724280663,3.013283083980065,2.345960603400647
wide-chroma,200.0,0.820173161758611,24,432,False,619,5.0,0.9998613044782376,107008,11.751735460745653,12.107372295068243,9.272237813703718,3.4252960450542735,3.4748133800395866,2.970922356208328,107008,11.750949276130166,8.560582472466049,5.999513945245693,3.4248209718321143,2.921482284167927,2.3504283061911644
wide-chroma,200.0,0.973850233341443,24,256,True,619,1.0,1.0000062129489513,53504,11.809795200310681,23.301726094135166,19.61952764499095,3.435100877562158,4.774033199370327,4.401313499358171,53504,11.810525564780434,22.270455376137704,18.48678192044904,3.435122219668553,4.664444310186197,4.269618420359013
wide-chroma,200.0,0.9733156297281934,24,432,True,619,1.0,0.9999938499374191,107008,11.75290048085753,23.381636182948103,20.67100000425241,3.4265315959605434,4.829200437465428,4.504833984084175,107008,11.753421078821257,22.257205586687306,19.50171115034805,3.426510522576793,4.711647080477713,4.372468643875918
wide-chroma,200.0,0.8362374396970191,24,256,True,619,5.0,0.9998974052415344,53504,11.810482255276025,12.897630090422613,8.852538980658753,3.4342743665647557,3.5186158274470287,2.9109867516001726,53504,11.810165286815547,9.5660292544152,5.954650219633812,3.4339220280156133,3.013283236638073,2.34596078576279
wide-chroma,200.0,0.820173185356091,24,432,True,619,5.0,0.9998612994595432,107008,11.751742083241437,12.10737272884487,9.272238829450659,3.4252971861607175,3.4748134496955982,2.9709225127719847,107008,11.750955699875403,8.560583174242895,5.999515043309463,3.424822095589772,2.9214824104600448,2.3504285237095153
guided-edges,30.0,1.0000000784794432,8,256,False,173,1.0,0.9999951142211906,53504,1.2690051055914024,13.26683638486105,14.154846750782772,0.7851058429324815,3.6392891270535093,3.7622927255382184,53504,1.2689993550367986,13.266835930133155,14.154851440377366,0.785102007078991,3.6392890735642136,3.762293348813086
guided-edges,30.0,1.0000000827585411,8,432,False,173,1.0,0.9999933984598105,107008,1.3101873673980484,13.28369373814547,14.221432630110167,0.8066480399199589,3.6446793639990642,3.7500592016898606,107008,1.3101785851855081,13.283696139346638,14.22143456599753,0.8066427148005046,3.6446796932017556,3.7500594852398077
guided-edges,30.0,1.0000000583073314,8,256,False,173,5.0,0.9999947519842988,53504,1.5494097020597208,1.3708386735739109,1.7234825325791823,0.7932291370683684,1.1189575859445289,1.3020146502759684,53504,1.5494034934714112,1.3708387556232293,1.7234827609645613,0.7932249741894024,1.1189576425123178,1.3020147336488561
guided-edges,30.0,1.000000078672994,8,432,False,173,5.0,0.9999934040330154,107008,1.5893449448994934,1.3453208481503036,2.1392441560563147,0.8164457463686687,1.1386604861113894,1.3518335921245908,107008,1.589335968241391,1.345321097992437,2.1392443340029663,0.8164403611194809,1.1386606262213463,1.3518336559171302
guided-edges,30.0,1.0000000787433292,8,256,True,173,1.0,0.9999951150266154,53504,1.269004295175498,13.266833635418122,14.154843504774597,0.7851057391266538,3.639288747184276,3.762292294149287,53504,1.26899854647513,13.266833183036777,14.15484820661112,0.7851019039060141,3.639288693999911,3.762292919050911
guided-edges,30.0,1.0000000829951747,8,432,True,173,1.0,0.9999933983481157,107008,1.3101865455871153,13.283690992448133,14.221429551549821,0.806647945214917,3.644678987368926,3.7500587934472134,107008,1.3101777640489942,13.283693395939379,14.221431498862405,0.8066426200059895,3.6446793168861893,3.7500590784169714
guided-edges,30.0,1.0000000583037008,8,256,True,173,5.0,0.9999947521624576,53504,1.5494086990968636,1.370838403193874,1.7234820360543592,0.7932290324190553,1.1189574468439787,1.3020144550168389,53504,1.5494024895425147,1.370838485594127,1.7234822646342915,0.7932248696819593,1.1189575033550319,1.3020145384302486
guided-edges,30.0,1.0000000782359382,8,432,True,173,5.0,0.9999934036706346,107008,1.5893439481976612,1.3453205598768334,2.139243596493959,0.8164456443875547,1.1386603493918828,1.351833395607788,107008,1.589334968988493,1.3453208084932897,2.1392437733874283,0.8164402588431754,1.1386604886932166,1.3518334590714036
guided-edges,30.0,0.9999999147440358,24,256,False,173,1.0,0.9999945372573458,53504,1.1579856621094318,18.287236704232743,16.46834855841348,0.7841861502085116,4.26670184006035,4.03870386007962,53504,1.1579793718674218,18.287232494776376,16.46834631483272,0.78418186640138,4.266701340307842,4.03870365942387
guided-edges,30.0,0.9999998862949625,24,432,False,173,1.0,0.9999927464132566,107008,1.2004287333944015,18.699221925617366,20.08835633346771,0.8067406293098116,4.246438371964685,4.461127600945428,107008,1.2004193609737113,18.699222013715396,20.08834851353486,0.8067347775466776,4.246438303377483,4.461126699374227
guided-edges,30.0,0.9999999167945519,24,256,False,173,5.0,0.9999945382138199,53504,1.366069297203716,8.304453447333637,6.5799361172278505,0.7908567344511584,2.881646422996776,2.54789805867018,53504,1.3660629451201198,8.304452125801543,6.579934757827943,0.7908524149607757,2.8816461949582255,2.547897833404522
guided-edges,30.0,0.999999860909704,24,432,False,173,5.0,0.9999938555410518,107008,1.4457550435623918,7.791893610336386,9.541833597455074,0.8257354527387036,2.735237861689272,3.047205970101359,107008,1.4457466664392615,7.7918929149072245,9.541829901230225,0.8257303790411122,2.7352376925087447,3.0472053566289756
guided-edges,30.0,0.9999999147200838,24,256,True,173,1.0,0.9999945381891492,53504,1.1579849179351391,18.287232756226643,16.46834486553893,0.7841860495958527,4.2667013813155,4.038703409890171,53504,1.1579786285161202,18.28722854366714,16.46834262420241,0.784181766519978,4.266700881169705,4.038703209445291
guided-edges,30.0,0.9999998863919294,24,432,True,173,1.0,0.9999927461588402,107008,1.2004279797411352,18.69921784296521,20.088352134614073,0.8067405324285155,4.246437915582028,4.461127131262437,107008,1.2004186060298518,18.69921793395203,20.088344317450847,0.8067346804608361,4.246437847468399,4.461126230065089
guided-edges,30.0,0.9999999171975533,24,256,True,173,5.0,0.9999945371024801,53504,1.366068446526005,8.304451451377862,6.579934342982224,0.7908566401155425,2.881646076277677,2.547897719348973,53504,1.3660620940164117,8.30445013094019,6.579932993896707,0.7908523197467646,2.881645848415793,2.5478974962238006
guided-edges,30.0,0.9999998610839277,24,432,True,173,5.0,0.9999938548582185,107008,1.4457541582758424,7.791891616582438,9.54183128288365,0.8257353533957923,2.735237518253687,3.0472055922128676,107008,1.4457457801988078,7.79189092010378,9.541827593882008,0.8257302791349717,2.7352373490839454,3.0472049796895484
guided-edges,128.0,0.9997741742244792,8,256,False,173,1.0,0.7399087208801574,53504,3.024677685061139,13.790899622635964,14.696582491084818,1.7269604525228142,3.713313295381692,3.8330607003059427,53504,1.6780124667303826,13.786178273486945,14.688414407297282,1.2777930994367732,3.71267834496527,3.831997835435165
guided-edges,128.0,0.999761847205598,8,432,False,173,1.0,0.7450974649271614,107008,3.0385330865801414,13.817170445938244,14.71871755802763,1.7301299371256333,3.715517678521175,3.8215259688221797,107008,1.7105155546263933,13.8119315977127,14.710442818278123,1.2891154301468986,3.7148139407903105,3.820439754512315
guided-edges,128.0,0.999764156984614,8,256,False,173,5.0,0.7400233118980151,53504,3.0411930415469084,1.313744035380038,1.7843654563446099,1.725062716533185,1.1430179357320644,1.3357975763605046,53504,1.6986871762028097,1.313203629820097,1.7834477873059964,1.2765866247206743,1.1427816935363138,1.3354540167166191
guided-edges,128.0,0.9997537691008587,8,432,False,173,5.0,0.7453541770656393,107008,3.0567287875574523,1.3523198558422052,2.078502286153477,1.7286437844076268,1.1619910438378986,1.385579696482449,107008,1.7329177838559604,1.3517603468311938,2.077374544966841,1.2884518653667791,1.1617523861396333,1.385198720766513
guided-edges,128.0,0.9997741742338827,8,256,True,173,1.0,0.7399087440770072,53504,3.0246839851282417,13.790902603668865,14.696586486619953,1.7269611061631114,3.713313696238299,3.833061222613005,53504,1.6780180047027289,13.786181181493584,14.688418478169206,1.277793623130987,3.7126787359598827,3.8319983671669484
guided-edges,128.0,0.9997618507382258,8,432,True,173,1.0,0.7450974764743427,107008,3.0385395541465705,13.817173550017403,14.71872166873176,1.730130592601444,3.71551809685683,3.8215264970961673,107008,1.7105212314113976,13.81193471096101,14.7104471130323,1.289115938518395,3.7148143612259323,3.820440306788914
guided-edges,128.0,0.9997641675944643,8,256,True,173,5.0,0.7400233098298233,53504,3.0412003755366945,1.3137445054317638,1.7843662289956326,1.7250633875275518,1.1430181363534822,1.3357978658268137,53504,1.6986936319597872,1.3132041818726294,1.7834485392119694,1.2765871177043862,1.1427819318659729,1.3354542983576625
guided-edges,128.0,0.9997537804639288,8,432,True,173,5.0,0.7453541781250498,107008,3.0567363516503097,1.3523203125265204,2.07850320100736,1.728644475598235,1.1619912420265663,1.385579982599414,107008,1.7329244691451864,1.3517608718492826,2.0773754436010305,1.28845238237993,1.161752613249834,1.3851990093356568
guided-edges,128.0,0.9997365333058563,24,256,False,173,1.0,0.7475758107887619,53504,3.0184092174699457,18.940737401514046,17.03963695733854,1.7277151602972196,4.340793342852374,4.1067695548785546,53504,1.7043245587111542,18.929089772202275,17.032193218274582,1.2915980617712297,4.339477273945487,4.105869789667443
guided-edges,128.0,0.9997634573580895,24,432,False,173,1.0,0.752598211653236,107008,3.0333499360285345,19.364641901672677,20.725680111889226,1.7312951984188045,4.3169887616396565,4.532800546676504,107008,1.7369289752886206,19.35513355022212,20.716195551316805,1.3029696701738267,4.315935105747665,4.531759302252135
guided-edges,128.0,0.9997546414871099,24,256,False,173,5.0,0.7475990836704935,53504,3.0280370975590096,8.789140505678624,6.942792576190698,1.7257941047092573,2.9618064920918923,2.6034177682189137,53504,1.7175454396227652,8.783996473602304,6.940175934825973,1.2902020912845806,2.9609479050323815,2.602929027539805
guided-edges,128.0,0.9997724541201144,24,432,False,173,5.0,0.7531249250145917,107008,3.050248492761257,8.373774708875997,9.859091970944547,1.7309142722738584,2.797223367739337,3.1128717373543187,107008,1.7574783419936584,8.36978719765493,9.854692869158141,1.3035946815129362,2.796573141203298,3.1121757538205186
guided-edges,128.0,0.9997365358949892,24,256,True,173,1.0,0.7475758016710969,53504,3.01841492478231,18.940741325210738,17.03964132952773,1.7277157704118156,4.340793799677747,4.10677008512724,53504,1.7043294427730278,18.9290937513479,17.032197700256155,1.29159850212541,4.339477737540971,4.105870335000881
guided-edges,128.0,0.9997634551015661,24,432,True,173,1.0,0.7525982019324524,107008,3.033355763900934,19.364645792467993,20.72568566937394,1.7312958058045869,4.316989223804135,4.532801151167823,107008,1.7369340229581567,19.355137365977626,20.716201036519976,1.3029701104617284,4.315935556683714,4.531759897683387
guided-edges,128.0,0.9997546296206757,24,256,True,173,5.0,0.7475990830239125,53504,3.0280435546259152,8.78914290011412,6.942795214753141,1.7257946997192932,2.9618068985342756,2.603418268272367,53504,1.717551140607317,8.783998748431953,6.940178316250642,1.290202534997672,2.9609482906759497,2.602929480134945
guided-edges,128.0,0.9997724471746742,24,432,True,173,5.0,0.753124911724834,107008,3.0502551770739106,8.373776969689276,9.859095639338703,1.7309148799463487,2.797223778478345,3.112872314271423,107008,1.757484232461802,8.369789324692935,9.854696443265304,1.3035951161627954,2.796573526019209,3.1121763147381003
guided-edges,200.0,0.9997281204521716,8,256,False,173,1.0,0.8183055660733501,53504,11.838104830007294,13.838987630310424,14.743587430907022,3.439543161973231,3.7199466851645475,3.8390168514657494,53504,7.931765401372217,13.833185126110337,14.733837821380746,2.814597314192225,3.7191673236020635,3.837748267998099
guided-edges,200.0,0.9996932391746823,8,432,False,173,1.0,0.8190937442247447,107008,11.780092589090668,13.866381222223152,14.760194600581983,3.4308928392117934,3.7216234513475244,3.827740704636201,107008,7.909464537985016,13.859006936787155,14.750038050575142,2.8102228617038527,3.7206352676551897,3.8264172876935367
guided-edges,200.0,0.9996917457644154,8,256,False,173,5.0,0.8183042553232608,53504,11.831357932849345,1.3126869857303967,1.793818826811906,3.4375520960910757,1.1448996307305686,1.3389973054506132,53504,7.930281062557005,1.3118702138830827,1.7927204233585365,2.812963508126722,1.1445428648274836,1.338587842123648
guided-edges,200.0,0.9996759291343379,8,432,False,173,5.0,0.8191101531104213,107008,11.774827286580596,1.3617299626779682,2.0673973271390507,3.4290566727115834,1.163595451467217,1.388773608536821,107008,7.909625018582655,1.3608782667616988,2.0660490380987024,2.808775136209097,1.1632363202346307,1.3883085025626796
guided-edges,200.0,0.9997281105543515,8,256,True,173,1.0,0.8183056552546085,53504,11.838111770933144,13.838987816627245,14.743587904832587,3.439544286796475,3.7199467092584984,3.8390169152216536,53504,7.931771409891573,13.833185494930055,14.733837551963935,2.814598541384235,3.7191673719216687,3.837748234575886
guided-edges,200.0,0.9996932385558823,8,432,True,173,1.0,0.8190938352132806,107008,11.7800994209832,13.866381131592593,14.760195158730204,3.4308939579444737,3.721623442261718,3.8277407719327057,107008,7.909470462971338,13.859007118933684,14.750038298848818,2.810224090222811,3.720635295992059,3.8264173139790953
guided-edges,200.0,0.9996917693124951,8,256,True,173,5.0,0.8183043270229036,53504,11.83136469316817,1.3126871218520952,1.7938189991715965,3.4375532408771616,1.1448996852027162,1.338997371875651,53504,7.93028651982251,1.311870427579437,1.7927206619996727,2.812964691381387,1.144542953960878,1.3385879334599688
guided-edges,200.0,0.9996759519235431,8,432,True,173,5.0,0.8191102228619832,107008,11.774834002415979,1.361730000961789,2.0673974871059335,3.429057818062854,1.1635954757483529,1.3887736553996821,107008,7.909630352386527,1.3608783901301476,2.0660492906533925,2.8087763135600903,1.1632363805138837,1.38830857310931
guided-edges,200.0,0.9996937157655846,24,256,False,173,1.0,0.8252169975620927,53504,11.840734542271749,18.99927177140604,17.089362492285268,3.440278329911835,4.347337046434145,4.112611742590428,53504,8.066758827239246,18.986583709067325,17.079806889898226,2.8389761541877747,4.345902936623865,4.111460555970247
guided-edges,200.0,0.9996992751092266,24,432,False,173,1.0,0.826017131301327,107008,11.785034408812555,19.42490286653863,20.782289367977953,3.432001828920243,4.323198559082664,4.53913898931142,107008,8.045559589203878,19.413176110195035,20.769776230720623,2.834892305345607,4.3219039549970635,4.53776872904326
guided-edges,200.0,0.9997117356525556,24,256,False,173,5.0,0.825207300662908,53504,11.832931781258118,8.841380215238498,6.980517577824922,3.4384797813257117,2.9695056096552586,2.608090563396452,53504,8.063308746308548,8.835771500105185,6.976933065861785,2.8374586187317767,2.968571351549492,2.6074278409084686
guided-edges,200.0,0.9997075659436789,24,432,False,173,5.0,0.8260580150598331,107008,11.781063229110114,8.442254227658863,9.882531885876725,3.4306331133945673,2.8021660950617466,3.118601152947931,107008,8.046198966075666,8.437326709655492,9.87667177252479,2.8339019800492515,2.801365936580114,3.1176718346690513
guided-edges,200.0,0.9996937120131203,24,256,True,173,1.0,0.8252170871004102,53504,11.840741751055422,18.999271130836615,17.08936274648523,3.440279467445324,4.347336977312822,4.112611774418622,53504,8.066765190399822,18.986582903018153,17.07980703757634,2.8389774009365807,4.345902849637754,4.111460574016114
guided-edges,200.0,0.9996992707407855,24,432,True,173,1.0,0.8260172032312567,107008,11.785040819372632,19.424902118704473,20.782290286026278,3.4320028654341996,4.323198494877888,4.539139088108922,107008,8.045565017487577,19.41317504614578,20.76977709877885,2.8348934083876167,4.321903856894945,4.537768822298255
guided-edges,200.0,0.9997117337715886,24,256,True,173,5.0,0.8252073995357975,53504,11.832938374825442,8.841380205995222,6.980518138360271,3.438480862785634,2.969505612957887,2.608090674485255,53504,8.063314801802141,8.835771338254874,6.97693373798216,2.8374598511329383,2.9685713283116546,2.607427970912035
guided-edges,200.0,0.9997075595525433,24,432,True,173,5.0,0.8260580848808525,107008,11.781069509359344,8.442254194511685,9.8825329301596,3.430634166752892,2.802166118737218,3.118601318985031,107008,8.046204181600926,8.437326465650425,9.876672799373212,2.8339030897147133,2.8013659257390926,3.1176719956432914
guided-edges,30.0,1.0000002306843885,8,256,False,619,1.0,0.999993183948933,53504,1.3737130648888836,13.558785239074691,13.584080143142701,0.82705317320391,3.6438782486130292,3.6829739536292183,53504,1.37369310118097,13.55879328029469,13.584084563950453,0.8270475359672463,3.6438793386493433,3.6829745564312883
guided-edges,30.0,1.0000002228067386,8,432,False,619,1.0,0.9999940773068666,107008,1.3815722990342885,13.499090700256465,13.453335250365134,0.8259842326309179,3.653392650602146,3.667005433984128,107008,1.3815575697070803,13.499098977460061,13.453338490729738,0.8259793405797751,3.653393838570938,3.6670058784375787
guided-edges,30.0,1.0000003943033404,8,256,False,619,5.0,0.9999933735946972,53504,1.6470784090452153,1.7199100607813584,1.5926180162048582,0.8319279298114897,1.0793838951481698,1.2320681964790599,53504,1.6470568673080548,1.719911562077213,1.592618970489658,0.831922417119844,1.0793844117139837,1.2320686025988985
guided-edges,30.0,1.0000001574652275,8,432,False,619,5.0,0.9999940026410581,107008,1.6619130225569954,1.5797059685178394,1.5568591543109793,0.8345643581716794,1.0842237531936778,1.2273906620397883,107008,1.6618969956376302,1.5797065066712184,1.5568594625788914,0.8345593529896633,1.0842239892800756,1.2273907975759506
guided-edges,30.0,1.000000230795422,8,256,True,619,1.0,0.9999931846988738,53504,1.3737121591985608,13.558782601229957,13.584077313241755,0.8270530623990879,3.643877885943794,3.682973567845911,53504,1.3736922000569034,13.55879063788636,13.584081743579967,0.8270474257834203,3.643878975454084,3.6829741719774796
guided-edges,30.0,1.0000002229059302,8,432,True,619,1.0,0.9999940778774967,107008,1.3815714155682042,13.49908805520176,13.453332445226906,0.8259841406785516,3.6533922861753094,3.667005050643799,107008,1.3815566898255593,13.499096333296118,13.45333568912158,0.8259792490992848,3.6533934743804592,3.6670054955863787
guided-edges,30.0,1.0000003944475924,8,256,True,619,5.0,0.9999933733121665,53504,1.6470773479952445,1.7199097685411533,1.5926176118146307,0.8319278152961888,1.07938376925235,1.2320680249233544,53504,1.647055807336081,1.7199112718918332,1.5926185657043255,0.8319223023702568,1.0793842861024554,1.2320684311081551
guided-edges,30.0,1.0000001575992834,8,432,True,619,5.0,0.9999940007523296,107008,1.6619120017681803,1.579705666153447,1.556858752789962,0.8345642733203017,1.084223613987875,1.2273904936702422,107008,1.6618959713382526,1.5797062068973535,1.5568590603859263,0.8345592665625292,1.0842238506769089,1.2273906289669472
guided-edges,30.0,1.0000001202451743,24,256,False,619,1.0,0.999993424116209,53504,1.2648645302935535,22.585142124101,18.969809923609667,0.8277425202487776,4.696485521948467,4.325911517034013,53504,1.2648462229639872,22.58514629757102,18.969815422220673,0.8277370771101555,4.696485962147321,4.325912172402647
guided-edges,30.0,1.0000000812745393,24,432,False,619,1.0,0.9999943282763669,107008,1.2702388793393962,22.63284257785849,19.991802959511087,0.8256084721767253,4.7524202883306454,4.427724867217571,107008,1.2702255452146245,22.632847620519026,19.991805230640715,0.825603789553642,4.752420807782035,4.4277250841103335
guided-edges,30.0,1.0000001411762314,24,256,False,619,5.0,0.9999945078280901,53504,1.525605732221576,12.497816466482394,8.572596486178504,0.8568727990391604,3.4219751185933855,2.836878580901236,53504,1.5255868620017587,12.497818835406246,8.572599753708563,0.8568680929464431,3.4219754563726026,2.836879156695624
guided-edges,30.0,1.000000128664744,24,432,False,619,5.0,0.9999951257981063,107008,1.534335360374892,11.524373108972105,9.016118722598343,0.8478726502133684,3.39472483557692,2.899664482914642,107008,1.534321779465178,11.524376882235398,9.016120342930263,0.8478685175108912,3.3947253926837644,2.8996647151305934
guided-edges,30.0,1.0000001203618365,24,256,True,619,1.0,0.9999934246083496,53504,1.2648638080347832,22.585137870376663,18.96980607366015,0.8277424367994084,4.6964850733898835,4.325911076246745,53504,1.264845503977293,22.58514205450861,18.969811569902532,0.8277369940687008,4.696485514878886,4.325911731314108
guided-edges,30.0,1.0000000814179792,24,432,True,619,1.0,0.9999943277192321,107008,1.2702381181835756,22.632837969741228,19.991798957406708,0.8256083670170531,4.752419806576269,4.427724420963969,107008,1.2702247857617062,22.63284301846218,19.99180123620496,0.825603683934591,4.752420326630812,4.427724638576056
guided-edges,30.0,1.0000001410375041,24,256,True,619,5.0,0.9999945087866692,53504,1.5256049391445061,12.497813723281023,8.572594615656108,0.8568727411061808,3.4219747293198535,2.8368782637883596,53504,1.5255860720096912,12.497816086257455,8.572597881788308,0.856868035835162,3.421975066435716,2.8368788394166224
guided-edges,30.0,1.000000128699749,24,432,True,619,5.0,0.9999951265892333,107008,1.5343344636375633,11.524370350130178,9.016116696056919,0.8478725602733705,3.3947244290059406,2.8996641459225745,107008,1.5343208861231945,11.524374119872395,9.016118320601185,0.8478684282421065,3.394724985598523,2.8996643789811074
guided-edges,128.0,0.9997795884271602,8,256,False,619,1.0,0.7457866896190225,53504,3.072756249504591,14.003155834373993,14.074600626805566,1.7374680473128232,3.716420420656642,3.750862143988928,53504,1.7359835430777997,13.996884099358919,14.06863580726763,1.2957805433242575,3.715569571297356,3.750066826440285
guided-edges,128.0,0.9997604633395545,8,432,False,619,1.0,0.7455904670973863,107008,3.050041976625717,13.961435804240065,13.942053266577105,1.7299693337480315,3.725092837981526,3.733880571724697,107008,1.7247760278803623,13.954939654179057,13.935307647728507,1.289848643613349,3.724209846495296,3.7329768875058638
guided-edges,128.0,0.9998297305551345,8,256,False,619,5.0,0.7457835579946945,53504,3.09025234310229,1.4655228392161541,1.5907539230418142,1.735316756881882,1.1070629028464005,1.2568732148391788,53504,1.757375827475246,1.465020747167605,1.590272007586061,1.2941707051951843,1.1068516381151419,1.2566792595995113
guided-edges,128.0,0.9998014280070286,8,432,False,619,5.0,0.7458177323099663,107008,3.0703335403855703,1.3650723977671497,1.5657970951156672,1.7284536396018957,1.1064588424946176,1.250026503716672,107008,1.7491463540289982,1.3645069530810279,1.565229428699794,1.2891113738907936,1.1062143575508618,1.2498002109862345
guided-edges,128.0,0.9997795908176234,8,256,True,619,1.0,0.7457866945218589,53504,3.072763060246217,14.003159321946974,14.074604436699753,1.73746869298839,3.7164208707319384,3.7508626506295535,53504,1.735989497443076,13.996887807990438,14.068639541875887,1.2957810333790258,3.7155700495636816,3.750067322707358
guided-edges,128.0,0.9997604596716367,8,432,True,619,1.0,0.7455904674097612,107008,3.050048988028796,13.961439199089497,13.942057254275056,1.7299699968312865,3.7250932831091306,3.733881105368465,107008,1.724782177363091,13.954942866560495,13.935311607728954,1.289849138542302,3.7242102676259847,3.732977417529391
guided-edges,128.0,0.9998297461789271,8,256,True,619,5.0,0.745783577094244,53504,3.090260042280252,1.465523459073488,1.590754602531014,1.735317382667028,1.107063105528236,1.2568734836219981,53504,1.7573827987212582,1.465021395350032,1.5902727151951357,1.2941712050392373,1.1068518716117226,1.256679536036172
guided-edges,128.0,0.9998014435988525,8,432,True,619,5.0,0.7458177520900513,107008,3.0703414574602585,1.3650730036029806,1.5657977303178492,1.7284542884753962,1.1064590620008152,1.2500267550391067,107008,1.749153541609795,1.3645075484754445,1.5652301428633786,1.289111892021129,1.106214582419038,1.2498004922340817
guided-edges,128.0,0.999732152134016,24,256,False,619,1.0,0.752685353225063,53504,3.0658153590282033,23.240478222503135,19.56791283467376,1.7383235915013961,4.767353639701607,4.395326168915615,53504,1.75875999848183,23.228312757947304,19.557068603281536,1.3084107064886885,4.7660873242704875,4.394137382032245
guided-edges,128.0,0.9997637224065747,24,432,False,619,1.0,0.752322843617838,107008,3.0428606886072735,23.31694661562743,20.616498245074105,1.7308430634124654,4.822652068829282,4.498643576558916,107008,1.7461381164836909,23.30657217727371,20.606001476847204,1.3021527753226758,4.821584373335083,4.497503687007603
guided-edges,128.0,0.9997440358551555,24,256,False,619,5.0,0.7537449922218294,53504,3.088683321177059,12.871789584960467,8.836357361298427,1.7393151871397776,3.51004085333845,2.9049235841847914,53504,1.7854904672137037,12.866229748672259,8.830783152868706,1.3110001122019814,3.5092591744633075,2.9040389332253853
guided-edges,128.0,0.9997690520413971,24,432,False,619,5.0,0.7529892620618098,107008,3.063952063538322,12.055083780058796,9.259829336759578,1.730806342950481,3.4685505908052328,2.9652235069757045,107008,1.7709728177137427,12.050277830085081,9.254730344555611,1.3032785909501825,3.4678629271056347,2.9644060511764274
guided-edges,128.0,0.9997321657126605,24,256,True,619,1.0,0.7526853181613499,53504,3.065821722775798,23.240483325449237,19.567917918458672,1.7383242300327202,4.7673541474727195,4.395326734729022,53504,1.7587653656079238,23.22831839314061,19.557074308703363,1.3084111261497615,4.766087888743685,4.394138015941432
guided-edges,128.0,0.99976372869295,24,432,True,619,1.0,0.7523228033356574,107008,3.0428671649033694,23.31695140454108,20.616503773780583,1.7308436950052506,4.8226525693178734,4.498644174568792,107008,1.746143625890512,23.30657735886432,20.606007181041186,1.3021531807621978,4.821584914620547,4.4975043017967895
guided-edges,128.0,0.999744030150826,24,256,True,619,5.0,0.7537449256188812,53504,3.0886906367293023,12.87179359175924,8.836360415233463,1.73931585965975,3.5100413881384895,2.9049240796809386,53504,1.7854966359582556,12.866233596171229,8.830786076333087,1.3110005032669787,3.509259683276726,2.904039419068373
guided-edges,128.0,0.9997690471376863,24,432,True,619,5.0,0.7529892237191502,107008,3.063959529045217,12.05508716476141,9.259832685460276,1.7308070042657095,3.468551082453603,2.965224043737779,107008,1.7709793080953278,12.050281157206618,9.254733556480911,1.3032790225497046,3.467863409712104,2.9644065638264014
guided-edges,200.0,0.9996956190273464,8,256,False,619,1.0,0.8168666811863551,53504,11.806581867091689,14.039369881755945,14.116177442119445,3.4341685530722112,3.722957640689104,3.7565836900480654,53504,7.885385222797802,14.03041240099038,14.108110801968328,2.805257868582644,3.721754462557035,3.755509610409364
guided-edges,200.0,0.9996785753321381,8,432,False,619,1.0,0.8157419785119859,107008,11.749367621407012,13.999951760882505,13.983787027138575,3.425511033948337,3.7314083753375282,3.739488128561616,107008,7.826964400487623,13.991062354243416,13.974801459139533,2.794333148247655,3.7302087642475437,3.7382864086961396
guided-edges,200.0,0.9997454800555563,8,256,False,619,5.0,0.8168544001284025,53504,11.800851437940066,1.4319868344316304,1.5910534827330831,3.4320992997322652,1.109643242825276,1.2589311358315152,53504,7.8849042079503855,1.4312074864470856,1.5903552540157837,2.80352541466391,1.1093129038613394,1.2586529421303099
guided-edges,200.0,0.9997313012804995,8,432,False,619,5.0,0.8157626047498479,107008,11.74571187844069,1.3385929458921382,1.5678270280957902,3.423658997564151,1.1080815814250602,1.2517594203741704,107008,7.828787123032296,1.3378295796848838,1.5670560108038347,2.7928929816281847,1.1077512361072148,1.2514519362291003
guided-edges,200.0,0.9996956236471919,8,256,True,619,1.0,0.8168667968183908,53504,11.806588311717556,14.039370249605595,14.116178086162876,3.434169638884749,3.7229576790918357,3.756583774361678,53504,7.88539133253916,14.030412781014162,14.108111689282557,2.8052591526467547,3.7217545029344787,3.755509727127659
guided-edges,200.0,0.9996785806381918,8,432,True,619,1.0,0.8157420824205841,107008,11.74937415920336,13.999952137279752,13.983787624566935,3.42551214612883,3.73140841908251,3.7394882083723764,107008,7.826970267733942,13.991062700586891,13.974802387139738,2.794334411440136,3.7302088032967498,3.7382865327510397
guided-edges,200.0,0.9997455012330767,8,256,True,619,5.0,0.8168544999175626,53504,11.800857868032322,1.431987161646014,1.5910536111531366,3.432100422813874,1.1096433567433783,1.2589311842096926,53504,7.8849098968483124,1.4312078558390908,1.5903554690345079,2.8035266745444822,1.1093130310720611,1.258653026130196
guided-edges,200.0,0.9997313173529433,8,432,True,619,5.0,0.8157626867126248,107008,11.745718524419523,1.3385931791003347,1.5678271911456514,3.423660166818102,1.1080816561554676,1.2517594840211341,107008,7.828792546408944,1.3378298681424443,1.5670562057215718,2.792894216074528,1.1077513365494343,1.25145201296566
guided-edges,200.0,0.9996982371051786,24,256,False,619,1.0,0.8236654336327167,53504,11.809788579351885,23.30172596270771,19.61952682641741,3.4350997882144694,4.774033204921817,4.40131341255767,53504,8.017654798934583,23.288534697925314,19.606671985714396,2.829372956631324,4.772670177878712,4.399901087576487
guided-edges,200.0,0.9997058546853,24,432,False,619,1.0,0.8224164280304459,107008,11.752893749512815,23.381636638664045,20.67099892818178,3.4265304760848756,4.8292004775685715,4.504833869349578,107008,7.956041190536145,23.368816115789024,20.657794409831435,2.8180349546791867,4.827882365410548,4.50339904514774
guided-edges,200.0,0.999703598521352,24,256,False,619,5.0,0.8237784381106864,53504,11.810475339970871,12.897629283266657,8.852537961242717,3.4342731970646474,3.518615747337661,2.910986602744366,53504,8.023002417016267,12.891071970174215,8.84620211312395,2.829080210323309,3.517696485109018,2.909974302365478
guided-edges,200.0,0.999705974362523,24,432,False,619,5.0,0.8224828404043818,107008,11.751735460745653,12.107372295068243,9.272237813703718,3.4252960450542735,3.4748133800395866,2.970922356208328,107008,7.959649408164929,12.10097739368247,9.266015805807134,2.8172472203621344,3.4739008096670894,2.9699212037374303
guided-edges,200.0,0.9996982411351645,24,256,True,619,1.0,0.823665524439956,53504,11.809795200310681,23.301726094135166,19.61952764499095,3.435100877562158,4.774033199370327,4.401313499358171,53504,8.01766067650501,23.2885349289816,19.60667310581065,2.829374165821388,4.772670179731059,4.399901204929775
guided-edges,200.0,0.999705854046832,24,432,True,619,1.0,0.8224165076302633,107008,11.75290048085753,23.381636182948103,20.67100000425241,3.4265315959605434,4.829200437465428,4.504833984084175,107008,7.956046866260385,23.368815596040925,20.65779550599139,2.8180361484346226,4.827882318880018,4.503399160573795
guided-edges,200.0,0.9997035997676647,24,256,True,619,5.0,0.8237785272061889,53504,11.810482255276025,12.897630090422613,8.852538980658753,3.4342743665647557,3.5186158274470287,2.9109867516001726,53504,8.023008394662458,12.891072724334656,8.846203161965901,2.829081479710682,3.5176965650637717,2.9099744602687294
guided-edges,200.0,0.9997059721853004,24,432,True,619,5.0,0.8224829228634287,107008,11.751742083241437,12.10737272884487,9.272238829450659,3.4252971861607175,3.4748134496955982,2.9709225127719847,107008,7.959654981605048,12.100977750519265,9.266016827795202,2.817248441349345,3.473900867866648,2.9699213583182003
wide-chroma-guided-edges,30.0,0.8616415434453011,8,256,False,173,1.0,1.003199148561284,53504,1.2690051055914024,13.26683638486105,14.154846750782772,0.7851058429324815,3.6392891270535093,3.7622927255382184,53504,1.3445921886619592,9.727413081440382,10.663385179558258,0.7876175131603546,3.1113679065297464,3.2651685538757205
wide-chroma-guided-edges,30.0,0.8610252635489205,8,432,False,173,1.0,1.0039144475538813,107008,1.3101873673980484,13.28369373814547,14.221432630110167,0.8066480399199589,3.6446793639990642,3.7500592016898606,107008,1.387103985652876,9.727252101045508,10.746124482401928,0.8098056213666668,3.1181569652448173,3.248217847732917
wide-chroma-guided-edges,30.0,0.7124505928880773,8,256,False,173,5.0,1.0007779940020776,53504,1.5494097020597208,1.3708386735739109,1.7234825325791823,0.7932291370683684,1.1189575859445289,1.3020146502759684,53504,1.5687231696059207,0.7341397769771091,0.9117758960996122,0.7938462645792808,0.7887432101394565,0.9348240973493772
wide-chroma-guided-edges,30.0,0.7200594426754066,8,432,False,173,5.0,1.0003416766933104,107008,1.5893449448994934,1.3453208481503036,2.1392441560563147,0.8164457463686687,1.1386604861113894,1.3518335921245908,107008,1.6086211628623093,0.7000120430311964,1.292026395803414,0.8167247068515554,0.8058273789311274,0.9850848527701973
wide-chroma-guided-edges,30.0,0.8616415330792735,8,256,True,173,1.0,1.0031991675694865,53504,1.269004295175498,13.266833635418122,14.154843504774597,0.7851057391266538,3.639288747184276,3.762292294149287,53504,1.3445913396619755,9.727410802331809,10.663382533475033,0.7876174239458855,3.1113675364853925,3.2651681481641153
wide-chroma-guided-edges,30.0,0.8610252543328548,8,432,True,173,1.0,1.0039144582583952,107008,1.3101865455871153,13.283690992448133,14.221429551549821,0.806647945214917,3.644678987368926,3.7500587934472134,107008,1.387103139799448,9.727249871539026,10.746121960186052,0.8098055349256811,3.1181566065551563,3.2482174625369407
wide-chroma-guided-edges,30.0,0.7124505741674058,8,256,True,173,5.0,1.0007780037042957,53504,1.5494086990968636,1.370838403193874,1.7234820360543592,0.7932290324190553,1.1189574468439787,1.3020144550168389,53504,1.5687221829299316,0.7341396101104237,0.91177559791911,0.7938461675446322,0.7887430864071832,0.9348239371426728
wide-chroma-guided-edges,30.0,0.7200594272321489,8,432,True,173,5.0,1.000341693116742,107008,1.5893439481976612,1.3453205598768334,2.139243596493959,0.8164456443875547,1.1386603493918828,1.351833395607788,107008,1.6086201870185333,0.7000118567209582,1.2920260580359235,0.8167246182444359,0.805827252204393,0.9850846994073563
wide-chroma-guided-edges,30.0,0.9721368371412382,24,256,False,173,1.0,1.0049586386813296,53504,1.1579856621094318,18.287236704232743,16.46834855841348,0.7841861502085116,4.26670184006035,4.03870386007962,53504,1.1818402262742367,17.33197549330814,15.505565171334773,0.7880746459862985,4.154914394249647,3.918662224663978
wide-chroma-guided-edges,30.0,0.9716003571971545,24,432,False,173,1.0,1.0070828632154023,107008,1.2004287333944015,18.699221925617366,20.08835633346771,0.8067406293098116,4.246438371964685,4.461127600945428,107008,1.2293498698080838,17.573645515301912,19.05723471012133,0.8124546628375205,4.1166639579187585,4.343150129460884
wide-chroma-guided-edges,30.0,0.759584096822138,24,256,False,173,5.0,1.0027634731963264,53504,1.366069297203716,8.304453447333637,6.5799361172278505,0.7908567344511584,2.881646422996776,2.54789805867018,53504,1.4364553930515038,5.0264040991750285,3.601343944301064,0.7930422458389484,2.2357972174040475,1.880914483355881
wide-chroma-guided-edges,30.0,0.7948761993417137,24,432,False,173,5.0,1.0056223957338923,107008,1.4457550435623918,7.791893610336386,9.541833597455074,0.8257354527387036,2.735237861689272,3.047205970101359,107008,1.523935041005313,4.811163935033848,6.272194467862573,0.8303780642255053,2.1427859755542857,2.4499643164906026
wide-chroma-guided-edges,30.0,0.9721368382787886,24,256,True,173,1.0,1.0049586385279428,53504,1.1579849179351391,18.287232756226643,16.46834486553893,0.7841860495958527,4.2667013813155,4.038703409890171,53504,1.1818394845376834,17.331971876445547,15.505561634972107,0.7880745447544539,4.154913962986472,3.9186617811416693
wide-chroma-guided-edges,30.0,0.9716003596465053,24,432,True,173,1.0,1.0070828641509064,107008,1.2004279797411352,18.69921784296521,20.088352134614073,0.8067405324285155,4.246437915582028,4.461127131262437,107008,1.2293491158002057,17.57364181112912,19.057230782284336,0.8124545660247366,4.116663531096381,4.343149678147657
wide-chroma-guided-edges,30.0,0.7595840708405349,24,256,True,173,5.0,1.0027634671622419,53504,1.366068446526005,8.304451451377862,6.579934342982224,0.7908566401155425,2.881646076277677,2.547897719348973,53504,1.4364544817263523,5.0264026150606185,3.601342673398259,0.7930421464705426,2.2357968818710225,1.880914155273842
wide-chroma-guided-edges,30.0,0.7948761777722154,24,432,True,173,5.0,1.005622402661869,107008,1.4457541582758424,7.791891616582438,9.54183128288365,0.8257353533957923,2.735237518253687,3.0472055922128676,107008,1.5239341131905373,4.811162449492153,6.2721926122410085,0.830377970044724,2.1427856547110045,2.4499639405459073
wide-chroma-guided-edges,128.0,0.8638454926459469,8,256,False,173,1.0,0.7397938120957861,53504,3.024677685061139,13.790899622635964,14.696582491084818,1.7269604525228142,3.713313295381692,3.8330607003059427,53504,1.6836731896553698,10.14363656299982,11.116746761250226,1.2775946565105165,3.1841967670635563,3.3338082401602027
wide-chroma-guided-edges,128.0,0.8629715615645933,8,432,False,173,1.0,0.7450646650143068,107008,3.0385330865801414,13.817170445938244,14.71871755802763,1.7301299371256333,3.715517678521175,3.8215259688221797,107008,1.716766454314654,10.158084320538817,11.131684794417332,1.2890586820357337,3.185940761931092,3.317623866654875
wide-chroma-guided-edges,128.0,0.7106389160356075,8,256,False,173,5.0,0.7400455621306935,53504,3.0411930415469084,1.313744035380038,1.7843654563446099,1.725062716533185,1.1430179357320644,1.3357975763605046,53504,1.7004712196466356,0.6498014232284319,0.9162700055329057,1.276625007767502,0.8030881732089695,0.9570527147105294
wide-chroma-guided-edges,128.0,0.7177790992150237,8,432,False,173,5.0,0.7453639550072799,107008,3.0567287875574523,1.3523198558422052,2.078502286153477,1.7286437844076268,1.1619910438378986,1.385579696482449,107008,1.734732882050838,0.6712667547065277,1.1761458760421912,1.2884687679448203,0.8179128407868865,1.0078555959495286
wide-chroma-guided-edges,128.0,0.8638455187170213,8,256,True,173,1.0,0.7397938290063609,53504,3.0246839851282417,13.790902603668865,14.696586486619953,1.7269611061631114,3.713313696238299,3.833061222613005,53504,1.683678975989942,10.143639311945375,11.116750509111132,1.2775951692734688,3.1841971969481975,3.333808803281455
wide-chroma-guided-edges,128.0,0.8629715839197358,8,432,True,173,1.0,0.7450646779380914,107008,3.0385395541465705,13.817173550017403,14.71872166873176,1.730130592601444,3.71551809685683,3.8215264970961673,107008,1.716772424522613,10.158087108482489,11.131688502315209,1.2890591927674342,3.1859412004685566,3.3176244127998697
wide-chroma-guided-edges,128.0,0.7106389365625323,8,256,True,173,5.0,0.7400455701100572,53504,3.0412003755366945,1.3137445054317638,1.7843662289956326,1.7250633875275518,1.1430181363534822,1.3357978658268137,53504,1.7004778001083651,0.6498017043577581,0.9162704389584154,1.2766255180988137,0.8030883474098417,0.9570529406792686
wide-chroma-guided-edges,128.0,0.7177791356696328,8,432,True,173,5.0,0.7453639462431386,107008,3.0567363516503097,1.3523203125265204,2.07850320100736,1.728644475598235,1.1619912420265663,1.385579982599414,107008,1.7347395964446273,0.6712670568386442,1.1761464935815213,1.2884692679833014,0.8179130264553104,1.0078558505505777
wide-chroma-guided-edges,128.0,0.9724711001320988,24,256,False,173,1.0,0.7475925605263172,53504,3.0184092174699457,18.940737401514046,17.03963695733854,1.7277151602972196,4.340793342852374,4.1067695548785546,53504,1.7058782186956232,17.97839590449963,16.05377772086197,1.291627000546735,4.229460453376874,3.9850673782144046
wide-chroma-guided-edges,128.0,0.971815070483034,24,432,False,173,1.0,0.7527785181726514,107008,3.0333499360285345,19.364641901672677,20.725680111889226,1.7312951984188045,4.3169887616396565,4.532800546676504,107008,1.7394480903482676,18.23603318081314,19.659885193388313,1.3032818339851342,4.186256603630832,4.413653022795729
wide-chroma-guided-edges,128.0,0.7626638288866874,24,256,False,173,5.0,0.7476063604939852,53504,3.0280370975590096,8.789140505678624,6.942792576190698,1.7257941047092573,2.9618064920918923,2.6034177682189137,53504,1.7235039535855805,5.322724536311015,3.872000902945424,1.2902146495836635,2.3069637213779157,1.929434775738458
wide-chroma-guided-edges,128.0,0.7963349154273084,24,432,False,173,5.0,0.7533239251264423,107008,3.050248492761257,8.373774708875997,9.859091970944547,1.7309142722738584,2.797223367739337,3.1128717373543187,107008,1.7648035564890736,5.27735803116402,6.459384490665784,1.3039391336467225,2.1923448086984436,2.5100571907519
wide-chroma-guided-edges,128.0,0.9724710948392965,24,256,True,173,1.0,0.7475925442899995,53504,3.01841492478231,18.940741325210738,17.03964132952773,1.7277157704118156,4.340793799677747,4.10677008512724,53504,1.7058831676313164,17.978399407837607,16.05378174068663,1.2916274286121259,4.229460868568689,3.985067878794015
wide-chroma-guided-edges,128.0,0.9718150656302433,24,432,True,173,1.0,0.7527785148306386,107008,3.033355763900934,19.364645792467993,20.72568566937394,1.7312958058045869,4.316989223804135,4.532801151167823,107008,1.73945326768752,18.236036792130616,19.659890209744937,1.3032822854260906,4.186257038430519,4.4136535817584415
wide-chroma-guided-edges,128.0,0.7626638900042645,24,256,True,173,5.0,0.7476063702723682,53504,3.0280435546259152,8.78914290011412,6.942795214753141,1.7257946997192932,2.9618068985342756,2.603418268272367,53504,1.7235099412563557,5.3227267241656655,3.8720031061667366,1.2902151112924325,2.3069641963504077,1.9294353388600816
wide-chroma-guided-edges,128.0,0.7963349625811739,24,432,True,173,5.0,0.7533239240020172,107008,3.0502551770739106,8.373776969689276,9.859095639338703,1.7309148799463487,2.797223778478345,3.112872314271423,107008,1.7648097639125861,5.277359974885428,6.459387651248382,1.303939589474664,2.1923452577173,2.5100578045661512
wide-chroma-guided-edges,200.0,0.8639874810631505,8,256,False,173,1.0,0.8181887388585238,53504,11.838104830007294,13.838987630310424,14.743587430907022,3.439543161973231,3.7199466851645475,3.8390168514657494,53504,7.9314425294406785,10.181519856500046,11.155812136698893,2.814195481944337,3.1905435687101122,3.339419615032153
wide-chroma-guided-edges,200.0,0.8630651793167016,8,432,False,173,1.0,0.818989966485239,107008,11.780092589090668,13.866381222223152,14.760194600581983,3.4308928392117934,3.7216234513475244,3.827740704636201,107008,7.909611927690964,10.197523178574773,11.161245739800652,2.8098668114005134,3.1913777563134706,3.3235192550161323
wide-chroma-guided-edges,200.0,0.7102697270746858,8,256,False,173,5.0,0.8182851148401094,53504,11.831357932849345,1.3126869857303967,1.793818826811906,3.4375520960910757,1.1448996307305686,1.3389973054506132,53504,7.930479789748641,0.6469012291001031,0.9196996743810525,2.8128977117187444,0.8038456273193366,0.9589582229237643
wide-chroma-guided-edges,200.0,0.7173136633576274,8,432,False,173,5.0,0.8190901454983592,107008,11.774827286580596,1.3617299626779682,2.0673973271390507,3.4290566727115834,1.163595451467217,1.388773608536821,107008,7.9098673762337315,0.6777082424342876,1.1591162183605572,2.8087065289734503,0.8181620725862767,1.0097822141973831
wide-chroma-guided-edges,200.0,0.8639874922811334,8,256,True,173,1.0,0.8181888227626097,53504,11.838111770933144,13.838987816627245,14.743587904832587,3.439544286796475,3.7199467092584984,3.8390169152216536,53504,7.931448350390294,10.181520192209314,11.155812857681129,2.8141966908538683,3.1905436195750503,3.3394197241200203
wide-chroma-guided-edges,200.0,0.8630651940617582,8,432,True,173,1.0,0.8189900502798882,107008,11.7800994209832,13.866381131592593,14.760195158730204,3.4308939579444737,3.721623442261718,3.8277407719327057,107008,7.909617620476076,10.197523419408162,11.161246572732955,2.8098680151219093,3.1913777982419345,3.323519374045271
wide-chroma-guided-edges,200.0,0.7102697441804541,8,256,True,173,5.0,0.8182851900514972,53504,11.83136469316817,1.3126871218520952,1.7938189991715965,3.4375532408771616,1.1448996852027162,1.338997371875651,53504,7.930485298347695,0.6469013601307787,0.9196997752922913,2.8128989070233086,0.8038457057604118,0.9589582760929407
wide-chroma-guided-edges,200.0,0.7173136999753802,8,432,True,173,5.0,0.8190902275730868,107008,11.774834002415979,1.361730000961789,2.0673974871059335,3.429057818062854,1.1635954757483529,1.3887736553996821,107008,7.909872932232481,0.6777083521174522,1.1591164150344073,2.808707748558376,0.8181621467396936,1.0097822870630921
wide-chroma-guided-edges,200.0,0.9724877591424168,24,256,False,173,1.0,0.825185009072189,53504,11.840734542271749,18.99927177140604,17.089362492285268,3.440278329911835,4.347337046434145,4.112611742590428,53504,8.066568684996836,18.037584171849055,16.100505126015683,2.8388661048791524,4.2361235579930305,3.9905754601034102
wide-chroma-guided-edges,200.0,0.971782612398958,24,432,False,173,1.0,0.8260067838175382,107008,11.785034408812555,19.42490286653863,20.782289367977953,3.432001828920243,4.323198559082664,4.53913898931142,107008,8.045903092905567,18.296062479263398,19.71073753927119,2.834856792762319,4.192172893451314,4.419645140298288
wide-chroma-guided-edges,200.0,0.7629434217052715,24,256,False,173,5.0,0.8251189433628692,53504,11.832931781258118,8.841380215238498,6.980517577824922,3.4384797813257117,2.9695056096552586,2.608090563396452,53504,8.063497007111716,5.356721372831403,3.903759552062725,2.837154803942061,2.3138000663182,1.9335249304807052
wide-chroma-guided-edges,200.0,0.7963586512507691,24,432,False,173,5.0,0.8259946242448721,107008,11.781063229110114,8.442254227658863,9.882531885876725,3.4306331133945673,2.8021660950617466,3.118601152947931,107008,8.047175476202622,5.338197161085133,6.470110550892969,2.8336845094203613,2.1957750757872248,2.515192021670298
wide-chroma-guided-edges,200.0,0.9724877641994304,24,256,True,173,1.0,0.8251850968685197,53504,11.840741751055422,18.999271130836615,17.08936274648523,3.440279467445324,4.347336977312822,4.112611774418622,53504,8.06657499138257,18.037583765180237,16.10050544766815,2.8388673455986493,4.2361235186059,3.990575505856064
wide-chroma-guided-edges,200.0,0.9717826099614681,24,432,True,173,1.0,0.8260068559020983,107008,11.785040819372632,19.424902118704473,20.782290286026278,3.4320028654341996,4.323198494877888,4.539139088108922,107008,8.045908499119255,18.296061575087293,19.710738394948095,2.8348578963242956,4.192172815419188,4.419645229768419
wide-chroma-guided-edges,200.0,0.7629434364385574,24,256,True,173,5.0,0.8251190288654405,53504,11.832938374825442,8.841380205995222,6.980518138360271,3.438480862785634,2.969505612957887,2.608090674485255,53504,8.063502717285274,5.356721458173884,3.9037601230008843,2.837155990274084,2.313800087547555,1.933525086059254
wide-chroma-guided-edges,200.0,0.7963586682950557,24,432,True,173,5.0,0.8259946836377873,107008,11.781069509359344,8.442254194511685,9.8825329301596,3.430634166752892,2.802166118737218,3.118601318985031,107008,8.047180406776295,5.338197211361089,6.4701115871245785,2.833685583244039,2.1957751247732307,2.515192221052959
wide-chroma-guided-edges,30.0,0.8607072797453185,8,256,False,619,1.0,1.0032317916761375,53504,1.3737130648888836,13.558785239074691,13.584080143142701,0.82705317320391,3.6438782486130292,3.6829739536292183,53504,1.450220583296232,10.15193505086423,10.124732230651704,0.8297260367647935,3.1294525262131527,3.1767350237239778
wide-chroma-guided-edges,30.0,0.8609003816441251,8,432,False,619,1.0,1.0039146009257671,107008,1.3815722990342885,13.499090700256465,13.453335250365134,0.8259842326309179,3.653392650602146,3.667005433984128,107008,1.459258546585879,10.062890234689483,10.020427591733974,0.829217631272644,3.1389115045278997,3.16318614586061
wide-chroma-guided-edges,30.0,0.6707591341471053,8,256,False,619,5.0,0.9995365402677525,53504,1.6470784090452153,1.7199100607813584,1.5926180162048582,0.8319279298114897,1.0793838951481698,1.2320681964790599,53504,1.6652231558816453,1.0930968121613627,0.7371942649576463,0.83154236471589,0.743802611810048,0.8086500511874684
wide-chroma-guided-edges,30.0,0.669642825850379,8,432,False,619,5.0,0.9996365322578655,107008,1.6619130225569954,1.5797059685178394,1.5568591543109793,0.8345643581716794,1.0842237531936778,1.2273906620397883,107008,1.6798203277074193,0.9448891126703408,0.7392822256004321,0.8342610209487489,0.7237530925651009,0.823930190782875
wide-chroma-guided-edges,30.0,0.8607072720116735,8,256,True,619,1.0,1.0032317934615045,53504,1.3737121591985608,13.558782601229957,13.584077313241755,0.8270530623990879,3.643877885943794,3.682973567845911,53504,1.4502196359341566,10.151932967709335,10.12472989840451,0.8297259270784665,3.1294521946677842,3.1767346545720008
wide-chroma-guided-edges,30.0,0.8609003720178171,8,432,True,619,1.0,1.0039145988752787,107008,1.3815714155682042,13.49908805520176,13.453332445226906,0.8259841406785516,3.6533922861753094,3.667005050643799,107008,1.4592576201088816,10.062888054787845,10.020425285583967,0.8292175372666499,3.13891115642612,3.163185779775635
wide-chroma-guided-edges,30.0,0.6707591206398484,8,256,True,619,5.0,0.9995365581744626,53504,1.6470773479952445,1.7199097685411533,1.5926176118146307,0.8319278152961888,1.07938376925235,1.2320680249233544,53504,1.6652221225774735,1.093096663160471,0.7371940514772303,0.8315422651507526,0.7438025201780335,0.8086499122022699
wide-chroma-guided-edges,30.0,0.6696428089089242,8,432,True,619,5.0,0.9996365244555168,107008,1.6619120017681803,1.579705666153447,1.556858752789962,0.8345642733203017,1.084223613987875,1.2273904936702422,107008,1.679819289751331,0.9448889590250293,0.7392820108377142,0.8342609296166503,0.7237529850134792,0.823930053714148
wide-chroma-guided-edges,30.0,0.9731101176581552,24,256,False,619,1.0,1.008876484810173,53504,1.2648645302935535,22.585142124101,18.969809923609667,0.8277425202487776,4.696485521948467,4.325911517034013,53504,1.2974879841815021,21.573336706137596,17.86535157354585,0.8350899641565002,4.5846707800833615,4.193820824907848
wide-chroma-guided-edges,30.0,0.9728320287481944,24,432,False,619,1.0,1.0083478202344007,107008,1.2702388793393962,22.63284257785849,19.991802959511087,0.8256084721767253,4.7524202883306454,4.427724867217571,107008,1.303215861340245,21.52168965819851,18.852234875713773,0.8325005032864548,4.635048752659598,4.294794865328137
wide-chroma-guided-edges,30.0,0.8325981191507195,24,256,False,619,5.0,1.0059247826377342,53504,1.525605732221576,12.497816466482394,8.572596486178504,0.8568727990391604,3.4219751185933855,2.836878580901236,53504,1.599409439396047,9.34527443896009,5.827244369494361,0.8619495841216542,2.9182008114203652,2.2760919333789635
wide-chroma-guided-edges,30.0,0.8165373399528308,24,432,False,619,5.0,1.003166820102684,107008,1.534335360374892,11.524373108972105,9.016118722598343,0.8478726502133684,3.39472483557692,2.899664482914642,107008,1.6112505953488085,8.062620978094344,5.918501266119527,0.85055771036658,2.83823569791613,2.2877686458393707
wide-chroma-guided-edges,30.0,0.9731101166311139,24,256,True,619,1.0,1.0088764999554545,53504,1.2648638080347832,22.585137870376663,18.96980607366015,0.8277424367994084,4.6964850733898835,4.325911076246745,53504,1.2974872670909696,21.573332602258617,17.865347921742423,0.8350898925027861,4.58467033580146,4.193820394661601
wide-chroma-guided-edges,30.0,0.9728320284883388,24,432,True,619,1.0,1.0083478362301834,107008,1.2702381181835756,22.632837969741228,19.991798957406708,0.8256083670170531,4.752419806576269,4.427724420963969,107008,1.3032151040316768,21.52168524166481,18.852231110805295,0.8325004104551806,4.63504827902028,4.294794434086104
wide-chroma-guided-edges,30.0,0.8325981007321364,24,256,True,619,5.0,1.0059247671223999,53504,1.5256049391445061,12.497813723281023,8.572594615656108,0.8568727411061808,3.4219747293198535,2.8368782637883596,53504,1.5994085892512302,9.345272128167158,5.827242827515598,0.8619495125507673,2.9182004259044185,2.2760916148359884
wide-chroma-guided-edges,30.0,0.8165373167387412,24,432,True,619,5.0,1.0031668232080349,107008,1.5343344636375633,11.524370350130178,9.016116696056919,0.8478725602733705,3.3947244290059406,2.8996641459225745,107008,1.611249690836371,8.062618671329862,5.91849960674439,0.8505576227747003,2.8382352899473453,2.287768299808993
wide-chroma-guided-edges,128.0,0.8625980982584296,8,256,False,619,1.0,0.745715953880452,53504,3.072756249504591,14.003155834373993,14.074600626805566,1.7374680473128232,3.716420420656642,3.750862143988928,53504,1.7424590158293403,10.447081029292875,10.518736155552688,1.2956576422386883,3.1990973835223797,3.2420913827836135
wide-chroma-guided-edges,128.0,0.8625302370839695,8,432,False,619,1.0,0.7455866680937254,107008,3.050041976625717,13.961435804240065,13.942053266577105,1.7299693337480315,3.725092837981526,3.733880571724697,107008,1.7317607461245308,10.386075518655854,10.409320604454882,1.2898420714535168,3.207325774876612,3.226240987497796
wide-chroma-guided-edges,128.0,0.6689130383139299,8,256,False,619,5.0,0.7456858858916606,53504,3.09025234310229,1.4655228392161541,1.5907539230418142,1.735316756881882,1.1070629028464005,1.2568732148391788,53504,1.7587727235524877,0.8014191838794275,0.6878191796230881,1.2940012131581096,0.7618617755076195,0.8214568882555312
wide-chroma-guided-edges,128.0,0.6672415495907545,8,432,False,619,5.0,0.7457460991446921,107008,3.0703335403855703,1.3650723977671497,1.5657970951156672,1.7284536396018957,1.1064588424946176,1.250026503716672,107008,1.7506727314124864,0.6853970145931513,0.7055632927670547,1.2889875592855593,0.7350499041144226,0.8369135014943421
wide-chroma-guided-edges,128.0,0.8625981196998146,8,256,True,619,1.0,0.7457159312926345,53504,3.072763060246217,14.003159321946974,14.074604436699753,1.73746869298839,3.7164208707319384,3.7508626506295535,53504,1.7424651526472046,10.447084095520266,10.518739580487924,1.2956580844836336,3.1990978404786325,3.2420919109621273
wide-chroma-guided-edges,128.0,0.862530255990464,8,432,True,619,1.0,0.7455866675915628,107008,3.050048988028796,13.961439199089497,13.942057254275056,1.7299699968312865,3.7250932831091306,3.733881105368465,107008,1.731767187934074,10.3860784739904,10.409324068526582,1.2898425649708254,3.207326223583385,3.226241523869961
wide-chroma-guided-edges,128.0,0.6689130507218849,8,256,True,619,5.0,0.7456858787398006,53504,3.090260042280252,1.465523459073488,1.590754602531014,1.735317382667028,1.107063105528236,1.2568734836219981,53504,1.7587796324591616,0.8014195744477383,0.687819481187802,1.2940016673865138,0.7618619377674791,0.8214570723441307
wide-chroma-guided-edges,128.0,0.6672415700633408,8,432,True,619,5.0,0.7457461042281005,107008,3.0703414574602585,1.3650730036029806,1.5657977303178492,1.7284542884753962,1.1064590620008152,1.2500267550391067,107008,1.7506799007069924,0.6853973705357522,0.7055636288949318,1.2889880519668802,0.7350500707893356,0.8369136969171043
wide-chroma-guided-edges,128.0,0.9735230020084645,24,256,False,619,1.0,0.7530798999555773,53504,3.0658153590282033,23.240478222503135,19.56791283467376,1.7383235915013961,4.767353639701607,4.395326168915615,53504,1.7624509684657403,22.200149754059908,18.427634392909795,1.3090965563782913,4.656313549632298,4.262421840727344
wide-chroma-guided-edges,128.0,0.9730525923596384,24,432,False,619,1.0,0.7526391340283373,107008,3.0428606886072735,23.31694661562743,20.616498245074105,1.7308430634124654,4.822652068829282,4.498643576558916,107008,1.7496210289755942,22.183945068487557,19.44034817590048,1.3027002243857124,4.704143144559664,4.365110876041723
wide-chroma-guided-edges,128.0,0.8357041573714072,24,256,False,619,5.0,0.7539162538400781,53504,3.088683321177059,12.871789584960467,8.836357361298427,1.7393151871397776,3.51004085333845,2.9049235841847914,53504,1.7925942930175192,9.55423058309753,5.948895526214438,1.3112979901355755,3.004232995049436,2.339375366038135
wide-chroma-guided-edges,128.0,0.8196861003036641,24,432,False,619,5.0,0.7529088580066388,107008,3.063952063538322,12.055083780058796,9.259829336759578,1.730806342950481,3.4685505908052328,2.9652235069757045,107008,1.7777577428549223,8.508974818870607,6.000367236380328,1.3031394271014933,2.9142486141656097,2.344800026800177
wide-chroma-guided-edges,128.0,0.9735230015918669,24,256,True,619,1.0,0.7530798769079413,53504,3.065821722775798,23.240483325449237,19.567917918458672,1.7383242300327202,4.7673541474727195,4.395326734729022,53504,1.7624564769387598,22.20015438454546,18.42763943894401,1.3090969971791329,4.656314016642651,4.262422417774842
wide-chroma-guided-edges,128.0,0.9730525891619256,24,432,True,619,1.0,0.7526391189180843,107008,3.0428671649033694,23.31695140454108,20.616503773780583,1.7308436950052506,4.8226525693178734,4.498644174568792,107008,1.7496267510549144,22.183949371048232,19.440353397143127,1.3027006735936733,4.70414360582846,4.365111455026769
wide-chroma-guided-edges,128.0,0.8357041774110843,24,256,True,619,5.0,0.7539162090172844,53504,3.0886906367293023,12.87179359175924,8.836360415233463,1.73931585965975,3.5100413881384895,2.9049240796809386,53504,1.7926007846126768,9.554233904559263,5.948897930975992,1.3112984191983177,3.004233505328419,2.3393758494751897
wide-chroma-guided-edges,128.0,0.8196861386445286,24,432,True,619,5.0,0.7529088269206812,107008,3.063959529045217,12.05508716476141,9.259832685460276,1.7308070042657095,3.468551082453603,2.965224043737779,107008,1.777764515047515,8.508977819460933,6.00037009959088,1.3031398712077937,2.9142491319782198,2.3448006070410057
wide-chroma-guided-edges,200.0,0.8626864731210621,8,256,False,619,1.0,0.8167643144713802,53504,11.806581867091689,14.039369881755945,14.116177442119445,3.4341685530722112,3.722957640689104,3.7565836900480654,53504,7.88582494280047,10.465163448396307,10.551012592267671,2.8049063240291963,3.2050030679967074,3.2474218399353085
wide-chroma-guided-edges,200.0,0.8625777044107084,8,432,False,619,1.0,0.8156473631982402,107008,11.749367621407012,13.999951760882505,13.983787027138575,3.425511033948337,3.7314083753375282,3.739488128561616,107008,7.827747927591182,10.40854911274881,10.441048834208061,2.7940090424464383,3.2129670893782474,3.2312395299965972
wide-chroma-guided-edges,200.0,0.6685819202512812,8,256,False,619,5.0,0.8168169048017473,53504,11.800851437940066,1.4319868344316304,1.5910534827330831,3.4320992997322652,1.109643242825276,1.2589311358315152,53504,7.88485968263336,0.7648750802350098,0.6834993572175655,2.803396726979553,0.7634333092929529,0.8222062019003846
wide-chroma-guided-edges,200.0,0.6668529337035575,8,432,False,619,5.0,0.8157304922781523,107008,11.74571187844069,1.3385929458921382,1.5678270280957902,3.423658997564151,1.1080815814250602,1.2517594203741704,107008,7.828877868007924,0.6547318399650902,0.7036941163349648,2.7927830394755304,0.7355679118131367,0.8377013573325285
wide-chroma-guided-edges,200.0,0.8626864787095377,8,256,True,619,1.0,0.8167644177206527,53504,11.806588311717556,14.039370249605595,14.116178086162876,3.434169638884749,3.7229576790918357,3.756583774361678,53504,7.885830725893208,10.465163893489251,10.551013195393313,2.804907565457646,3.205003123763867,3.247421931776568
wide-chroma-guided-edges,200.0,0.8625777105694697,8,432,True,619,1.0,0.8156474576382433,107008,11.74937415920336,13.999952137279752,13.983787624566935,3.42551214612883,3.73140841908251,3.7394882083723764,107008,7.82775352541773,10.408549646277349,10.441049340005653,2.7940102730989027,3.212967163918678,3.2312396080682753
wide-chroma-guided-edges,200.0,0.6685819344747232,8,256,True,619,5.0,0.816817017508161,53504,11.800857868032322,1.431987161646014,1.5910536111531366,3.432100422813874,1.1096433567433783,1.2589311842096926,53504,7.884865589695723,0.7648753333086675,0.6834994209228097,2.803398031151327,0.763433414184559,0.8222062389136252
wide-chroma-guided-edges,200.0,0.6668529593596979,8,432,True,619,5.0,0.8157305796398809,107008,11.745718524419523,1.3385931791003347,1.5678271911456514,3.423660166818102,1.1080816561554676,1.2517594840211341,107008,7.828883376473382,0.6547320633565062,0.7036942090419205,2.7927842923685016,0.7355680137522068,0.8377014111520535
wide-chroma-guided-edges,200.0,0.9735549558503254,24,256,False,619,1.0,0.8236923516550732,53504,11.809788579351885,23.30172596270771,19.61952682641741,3.4350997882144694,4.774033204921817,4.40131341255767,53504,8.018827973456732,22.25789204156512,18.474494622545667,2.82946542272422,4.6631164575539925,4.268229335301496
wide-chroma-guided-edges,200.0,0.9730278374396754,24,432,False,619,1.0,0.822428704676128,107008,11.752893749512815,23.381636638664045,20.67099892818178,3.4265304760848756,4.8292004775685715,4.504833869349578,107008,7.957019871875842,22.24496600908089,19.489150495619533,2.8180770209797608,4.710357070958294,4.37106456690992
wide-chroma-guided-edges,200.0,0.8359959029826011,24,256,False,619,5.0,0.8237172492462168,53504,11.810475339970871,12.897629283266657,8.852537961242717,3.4342731970646474,3.518615747337661,2.910986602744366,53504,8.024097912068346,9.561264848156428,5.950545752859523,2.828870071046102,3.0124978256391817,2.3451738678581875
wide-chroma-guided-edges,200.0,0.8199309004256956,24,432,False,619,5.0,0.8223771831739329,107008,11.751735460745653,12.107372295068243,9.272237813703718,3.4252960450542735,3.4748133800395866,2.970922356208328,107008,7.9602965495525435,8.555912939524571,5.995569611845455,2.8168853130685463,2.920691674110472,2.3496441318868047
wide-chroma-guided-edges,200.0,0.9735549624193764,24,256,True,619,1.0,0.8236924565532687,53504,11.809795200310681,23.301726094135166,19.61952764499095,3.435100877562158,4.774033199370327,4.401313499358171,53504,8.018834097245048,22.257892544782152,18.47449563923392,2.829466680347463,4.6631164872487085,4.268229444984881
wide-chroma-guided-edges,200.0,0.9730278410900448,24,432,True,619,1.0,0.8224287882533996,107008,11.75290048085753,23.381636182948103,20.67100000425241,3.4265315959605434,4.829200437465428,4.504833984084175,107008,7.95702558669555,22.244965665531495,19.489151789152434,2.818078228377817,4.7103570425218395,4.371064702999471
wide-chroma-guided-edges,200.0,0.835995914902824,24,256,True,619,5.0,0.8237173216136325,53504,11.810482255276025,12.897630090422613,8.852538980658753,3.4342743665647557,3.5186158274470287,2.9109867516001726,53504,8.024103492801208,9.561265490627793,5.950546801265053,2.828871282913075,3.0124978990451394,2.345174075316001
wide-chroma-guided-edges,200.0,0.8199309158820945,24,432,True,619,5.0,0.8223772570869485,107008,11.751742083241437,12.10737272884487,9.272238829450659,3.4252971861607175,3.4748134496955982,2.9709225127719847,107008,7.960301879838837,8.555913281240029,5.9955707954264605,2.816886504662494,2.9206917390530833,2.3496443662324356
chroma-radius5,30.0,0.9274973289091752,8,256,False,173,1.0,1.0019776769463158,53504,1.2690051055914024,13.26683638486105,14.154846750782772,0.7851058429324815,3.6392891270535093,3.7622927255382184,53504,1.3098021779753284,11.338244007603349,12.267610234233551,0.7866585286584669,3.3620351483713757,3.5024247031632476
chroma-radius5,30.0,0.9269579550105128,8,432,False,173,1.0,1.0022587810201,107008,1.3101873673980484,13.28369373814547,14.221432630110167,0.8066480399199589,3.6446793639990642,3.7500592016898606,107008,1.351730105425682,11.344665950029263,12.332506178257931,0.808470081202431,3.3679944077451602,3.486292538837321
chroma-radius5,30.0,0.8312681194872619,8,256,False,173,5.0,1.0005406373424612,53504,1.5494097020597208,1.3708386735739109,1.7234825325791823,0.7932291370683684,1.1189575859445289,1.3020146502759684,53504,1.5615423630695213,0.9668025060894706,1.217874480128946,0.7936579863609959,0.9230249878120443,1.088409190054522
chroma-radius5,30.0,0.8370019808034969,8,432,False,173,5.0,1.0002414652391218,107008,1.5893449448994934,1.3453208481503036,2.1392441560563147,0.8164457463686687,1.1386604861113894,1.3518335921245908,107008,1.6012363425073823,0.9372931621478651,1.621168583328812,0.8166428896360456,0.9421302184226482,1.1406050156466727
chroma-radius5,30.0,0.927497324261934,8,256,True,173,1.0,1.0019777041648739,53504,1.269004295175498,13.266833635418122,14.154843504774597,0.7851057391266538,3.639288747184276,3.762292294149287,53504,1.3098013425101527,11.338241553119847,12.267607303140108,0.786658446016791,3.36203478043492,3.5024242844420717
chroma-radius5,30.0,0.9269579516321287,8,432,True,173,1.0,1.002258789196312,107008,1.3101865455871153,13.283690992448133,14.221429551549821,0.806647945214917,3.644678987368926,3.7500587934472134,107008,1.3517292570504087,11.344663538495462,12.332503422619462,0.8084699928787957,3.3679940490799702,3.486292145122746
chroma-radius5,30.0,0.8312681001930862,8,256,True,173,5.0,1.0005406443447324,53504,1.5494086990968636,1.370838403193874,1.7234820360543592,0.7932290324190553,1.1189574468439787,1.3020144550168389,53504,1.5615413762686057,0.9668022759510724,1.2178740854414158,0.7936578872095102,0.9230248476157786,1.0884090052945272
chroma-radius5,30.0,0.8370019608609813,8,432,True,173,5.0,1.0002414736648257,107008,1.5893439481976612,1.3453205598768334,2.139243596493959,0.8164456443875547,1.1386603493918828,1.351833395607788,107008,1.6012353510279955,0.9372929189666871,1.621168104079601,0.816642794509436,0.9421300803370143,1.1406048251980403
chroma-radius5,30.0,0.9870945068787583,24,256,False,173,1.0,1.0031869199491896,53504,1.1579856621094318,18.287236704232743,16.46834855841348,0.7841861502085116,4.26670184006035,4.03870386007962,53504,1.1701413943874233,17.841702956977574,16.018630785709462,0.7866852886944893,4.21494271052515,3.9830881678101164
chroma-radius5,30.0,0.9868273676436945,24,432,False,173,1.0,1.0042411348303741,107008,1.2004287333944015,18.699221925617366,20.08835633346771,0.8067406293098116,4.246438371964685,4.461127600945428,107008,1.2150883874294325,18.172789457814847,19.60673123717457,0.8101621250918555,4.186246051038968,4.406409643868267
chroma-radius5,30.0,0.8691485343674804,24,256,False,173,5.0,1.0013981951346203,53504,1.366069297203716,8.304453447333637,6.5799361172278505,0.7908567344511584,2.881646422996776,2.54789805867018,53504,1.4064210218868167,6.426704856775214,4.835091208281186,0.7919625064894498,2.5331179926053546,2.1817989204425294
chroma-radius5,30.0,0.8867206794532384,24,432,False,173,5.0,1.0031129138546795,107008,1.4457550435623918,7.791893610336386,9.541833597455074,0.8257354527387036,2.735237861689272,3.047205970101359,107008,1.4904177445662308,6.052118025450441,7.656028436104009,0.8283058960698341,2.406811204744553,2.7185843928638844
chroma-radius5,30.0,0.9870945065455886,24,256,True,173,1.0,1.0031868991805888,53504,1.1579849179351391,18.287232756226643,16.46834486553893,0.7841860495958527,4.2667013813155,4.038703409890171,53504,1.1701406322297705,17.841699188738684,16.018627090499628,0.7866851714747388,4.21494226724888,3.983087710462545
chroma-radius5,30.0,0.9868273688976175,24,432,True,173,1.0,1.004241126867639,107008,1.2004279797411352,18.69921784296521,20.088352134614073,0.8067405324285155,4.246437915582028,4.461127131262437,107008,1.2150876297506787,18.172785624062605,19.60672709132771,0.8101620213758115,4.1862456168760565,4.406409175617374
chroma-radius5,30.0,0.869148520227001,24,256,True,173,5.0,1.0013981862084114,53504,1.366068446526005,8.304451451377862,6.579934342982224,0.7908566401155425,2.881646076277677,2.547897719348973,53504,1.4064201373904457,6.426703157630618,4.835089693741134,0.7919624049625825,2.533117656005149,2.181798582624405
chroma-radius5,30.0,0.8867206672175947,24,432,True,173,5.0,1.0031129125370357,107008,1.4457541582758424,7.791891616582438,9.54183128288365,0.8257353533957923,2.735237518253687,3.0472055922128676,107008,1.4904168269500582,6.052116337793678,7.656026364917201,0.8283057953296518,2.406810876026386,2.7185840122401195
chroma-radius5,128.0,0.9288291558319283,8,256,False,173,1.0,0.9998686586412642,53504,3.024677685061139,13.790899622635964,14.696582491084818,1.7269604525228142,3.713313295381692,3.8330607003059427,53504,3.0270774707643593,11.811050439727845,12.766844828863766,1.7267336311904968,3.4362245638549114,3.572622947116722
chroma-radius5,128.0,0.9281519642671294,8,432,False,173,1.0,0.9998968637476046,107008,3.0385330865801414,13.817170445938244,14.71871755802763,1.7301299371256333,3.715517678521175,3.8215259688221797,107008,3.0412197846231352,11.82782336436662,12.775573718558826,1.729951498007761,3.43776268233364,3.5574276243620155
chroma-radius5,128.0,0.8302289179597095,8,256,False,173,5.0,0.9999908582235368,53504,3.0411930415469084,1.313744035380038,1.7843654563446099,1.725062716533185,1.1430179357320644,1.3357975763605046,53504,3.042163422329937,0.8915200960688762,1.2447236933934207,1.7250469463954456,0.9411647320965678,1.1156463943030168
chroma-radius5,128.0,0.8356417208938733,8,432,False,173,5.0,0.9999831441338088,107008,3.0567287875574523,1.3523198558422052,2.078502286153477,1.7286437844076268,1.1619910438378986,1.385579696482449,107008,3.0576873523476795,0.9212089680453114,1.5259512331074871,1.7286146466193046,0.9586069612830664,1.1681361515089048
chroma-radius5,128.0,0.928829169810929,8,256,True,173,1.0,0.9998686492555491,53504,3.0246839851282417,13.790902603668865,14.696586486619953,1.7269611061631114,3.713313696238299,3.833061222613005,53504,3.027083867832775,11.811053248061011,12.766848782663214,1.726734268536179,3.436224971679666,3.5726235012741285
chroma-radius5,128.0,0.9281519780457899,8,432,True,173,1.0,0.9998968453083568,107008,3.0385395541465705,13.817173550017403,14.71872166873176,1.730130592601444,3.71551809685683,3.8215264970961673,107008,3.041226284630402,11.827826358626735,12.775577686687882,1.7299521215136617,3.437763118953761,3.5574281698301977
chroma-radius5,128.0,0.830228936635786,8,256,True,173,5.0,0.9999908641601774,53504,3.0412003755366945,1.3137445054317638,1.7843662289956326,1.7250633875275518,1.1430181363534822,1.3357978658268137,53504,3.042170861268187,0.8915204075251683,1.244724329723114,1.7250476276247595,0.9411648969256294,1.1156466787819113
chroma-radius5,128.0,0.8356417455691454,8,432,True,173,5.0,0.9999831381996249,107008,3.0567363516503097,1.3523203125265204,2.07850320100736,1.728644475598235,1.1619912420265663,1.385579982599414,107008,3.057694929231735,0.9212093414763541,1.5259519896022717,1.7286153275401681,0.95860715684209,1.1681364234017972
chroma-radius5,128.0,0.9873470787316734,24,256,False,173,1.0,1.0000099929515716,53504,3.0184092174699457,18.940737401514046,17.03963695733854,1.7277151602972196,4.340793342852374,4.1067695548785546,53504,3.019130998514656,18.4964695385386,16.581785172476685,1.727732425271146,4.2897462115210745,4.050705503821447
chroma-radius5,128.0,0.9870094194534231,24,432,False,173,1.0,1.0000686757424926,107008,3.0333499360285345,19.364641901672677,20.725680111889226,1.7312951984188045,4.3169887616396565,4.532800546676504,107008,3.0345224882935744,18.839993343126412,20.231364302182214,1.73141409640203,4.256695239538918,4.477925786313029
chroma-radius5,128.0,0.8712331170819985,24,256,False,173,5.0,0.9999114050531752,53504,3.0280370975590096,8.789140505678624,6.942792576190698,1.7257941047092573,2.9618064920918923,2.6034177682189137,53504,3.030805254255838,6.818344004478233,5.149089890957869,1.72564120807232,2.610094506153643,2.233976685639789
chroma-radius5,128.0,0.8879400725885657,24,432,False,173,5.0,1.0000048231233913,107008,3.050248492761257,8.373774708875997,9.859091970944547,1.7309142722738584,2.797223367739337,3.1128717373543187,107008,3.0538223496239043,6.578197801552439,7.904546970382519,1.7309226206869734,2.4634085211556735,2.7822027891710968
chroma-radius5,128.0,0.9873470825028426,24,256,True,173,1.0,1.0000099909441909,53504,3.01841492478231,18.940741325210738,17.03964132952773,1.7277157704118156,4.340793799677747,4.10677008512724,53504,3.0191367414676167,18.496473486925456,16.581789634821885,1.7277330319236555,4.289746674021423,4.050706048151463
chroma-radius5,128.0,0.9870094232611207,24,432,True,173,1.0,1.0000686691083243,107008,3.033355763900934,19.364645792467993,20.72568566937394,1.7312958058045869,4.316989223804135,4.532801151167823,107008,3.034528324626533,18.839997425939178,20.231369783531083,1.7314146923438172,4.256695720898983,4.477926391777542
chroma-radius5,128.0,0.8712331558512253,24,256,True,173,5.0,0.9999113693699304,53504,3.0280435546259152,8.78914290011412,6.942795214753141,1.7257946997192932,2.9618068985342756,2.603418268272367,53504,3.030811634028338,6.81834654277205,5.149092223368108,1.7256417414476863,2.610094994048873,2.2339772020690223
chroma-radius5,128.0,0.8879400986974577,24,432,True,173,5.0,1.0000048022789843,107008,3.0502551770739106,8.373776969689276,9.859095639338703,1.7309148799463487,2.797223778478345,3.112872314271423,107008,3.0538290559550174,6.57819992888164,7.904550336273736,1.7309231922825004,2.46340896143975,2.78220337979267
chroma-radius5,200.0,0.9289285490121028,8,256,False,173,1.0,0.9999186243357191,53504,11.838104830007294,13.838987630310424,14.743587430907022,3.439543161973231,3.7199466851645475,3.8390168514657494,53504,11.837090623979993,11.854516846544048,12.810206994492875,3.4392632668636023,3.4428219894157275,3.5784758261501888
chroma-radius5,200.0,0.9282351931772114,8,432,False,173,1.0,0.9999235562274096,107008,11.780092589090668,13.866381222223152,14.760194600581983,3.4308928392117934,3.7216234513475244,3.827740704636201,107008,11.779288099836874,11.87277464556577,12.811539086018666,3.4306305688198107,3.443655067366153,3.563596261643153
chroma-radius5,200.0,0.8300221973252891,8,256,False,173,5.0,0.9999830651863914,53504,11.831357932849345,1.3126869857303967,1.793818826811906,3.4375520960910757,1.1448996307305686,1.3389973054506132,53504,11.831282005304772,0.8892005523186596,1.2505743143014476,3.4374938817870584,0.9423818448048231,1.1181126592616015
chroma-radius5,200.0,0.8353709438372203,8,432,False,173,5.0,0.9999824551866423,107008,11.774827286580596,1.3617299626779682,2.0673973271390507,3.4290566727115834,1.163595451467217,1.388773608536821,107008,11.774761713511388,0.9286998683597584,1.5110643704199098,3.4289965105522677,0.9594015259800466,1.1706091996452772
chroma-radius5,200.0,0.9289285518007904,8,256,True,173,1.0,0.9999186276128911,53504,11.838111770933144,13.838987816627245,14.743587904832587,3.439544286796475,3.7199467092584984,3.8390169152216536,53504,11.837097597472411,11.854517087025366,12.810207472661235,3.4392644028672916,3.442822023043177,3.5784758951178324
chroma-radius5,200.0,0.9282352027130206,8,432,True,173,1.0,0.9999235590702382,107008,11.7800994209832,13.866381131592593,14.760195158730204,3.4308939579444737,3.721623442261718,3.8277407719327057,107008,11.779294945372802,11.87277476465721,12.81153991021415,3.4306316972204143,3.44365508846162,3.563596366159209
chroma-radius5,200.0,0.8300222056585559,8,256,True,173,5.0,0.9999830634080185,53504,11.83136469316817,1.3126871218520952,1.7938189991715965,3.4375532408771616,1.1448996852027162,1.338997371875651,53504,11.831288717134429,0.8892006474434655,1.2505744737598785,3.437495020440506,0.9423818917293451,1.118112732142114
chroma-radius5,200.0,0.8353709534193049,8,432,True,173,5.0,0.9999824551270095,107008,11.774834002415979,1.361730000961789,2.0673974871059335,3.429057818062854,1.1635954757483529,1.3887736553996821,107008,11.774768408888825,0.9286999225441059,1.5110645381665113,3.428997655678959,0.9594015627188823,1.170609247622446
chroma-radius5,200.0,0.9873728381991426,24,256,False,173,1.0,0.9999845981526455,53504,11.840734542271749,18.99927177140604,17.089362492285268,3.440278329911835,4.347337046434145,4.112611742590428,53504,11.84054475049924,18.555751672135774,16.630998364016,3.4402253432701406,4.2963938391105305,4.056500213208522
chroma-radius5,200.0,0.9870220450162384,24,432,False,173,1.0,0.999993053002162,107008,11.785034408812555,19.42490286653863,20.782289367977953,3.432001828920243,4.323198559082664,4.53913898931142,107008,11.78508519168929,18.90106027594179,20.286601396882958,3.4319779868109577,4.26286828057495,4.4842495075611195
chroma-radius5,200.0,0.8714331842250195,24,256,False,173,5.0,0.9999304935475483,53504,11.832931781258118,8.841380215238498,6.980517577824922,3.4384797813257117,2.9695056096552586,2.608090563396452,53504,11.832271622944333,6.861987492599721,5.184003138005287,3.4382407847942846,2.617517872511031,2.238400858172976
chroma-radius5,200.0,0.8880119153145251,24,432,False,173,5.0,0.9999431727504747,107008,11.781063229110114,8.442254227658863,9.882531885876725,3.4306331133945673,2.8021660950617466,3.118601152947931,107008,11.780837104485038,6.643759784982684,7.9215619245403746,3.4304381599506026,2.4677079518906324,2.787770516632641
chroma-radius5,200.0,0.9873728361120904,24,256,True,173,1.0,0.9999846029005173,53504,11.840741751055422,18.999271130836615,17.08936274648523,3.440279467445324,4.347336977312822,4.112611774418622,53504,11.840552066477908,18.555751024122674,16.630998442894796,3.4402264971201153,4.296393769712537,4.056500227758208
chroma-radius5,200.0,0.9870220421595182,24,432,True,173,1.0,0.9999930579824522,107008,11.785040819372632,19.424902118704473,20.782290286026278,3.4320028654341996,4.323198494877888,4.539139088108922,107008,11.785091715540236,18.901059511959428,20.286602152573227,3.431979040410084,4.262868210345331,4.484249586741331
chroma-radius5,200.0,0.8714332038976367,24,256,True,173,5.0,0.9999305045054508,53504,11.832938374825442,8.841380205995222,6.980518138360271,3.438480862785634,2.969505612957887,2.608090674485255,53504,11.832278429478123,6.861987805061831,5.1840037640287076,3.438241903857577,2.6175179362660623,2.238401004870676
chroma-radius5,200.0,0.8880119298629848,24,432,True,173,5.0,0.9999431747015692,107008,11.781069509359344,8.442254194511685,9.8825329301596,3.430634166752892,2.802166118737218,3.118601318985031,107008,11.780843377125825,6.643759921536528,7.921563037767891,3.4304392199425595,2.467708014478112,2.787770707925632
chroma-radius5,30.0,0.9269653748210229,8,256,False,619,1.0,1.0020030519526366,53504,1.3737130648888836,13.558785239074691,13.584080143142701,0.82705317320391,3.6438782486130292,3.6829739536292183,53504,1.4152170259099792,11.71477222174844,11.698849950642185,0.8287098036774304,3.375277090544112,3.4164331981932983
chroma-radius5,30.0,0.9268139812484516,8,432,False,619,1.0,1.0023242055270531,107008,1.3815722990342885,13.499090700256465,13.453335250365134,0.8259842326309179,3.653392650602146,3.667005433984128,107008,1.4237461611269926,11.630600499121579,11.57878634558196,0.8279039897496574,3.3834381677007883,3.4011976125308707
chroma-radius5,30.0,0.8048831685647226,8,256,False,619,5.0,0.9996993769133871,53504,1.6470784090452153,1.7199100607813584,1.5926180162048582,0.8319279298114897,1.0793838951481698,1.2320681964790599,53504,1.6586224980696804,1.3096599137172797,1.0540601381402457,0.8316778330693902,0.8735882774586515,0.9874360198204405
chroma-radius5,30.0,0.8057567470432458,8,432,False,619,5.0,0.9998375194134889,107008,1.6619130225569954,1.5797059685178394,1.5568591543109793,0.8345643581716794,1.0842237531936778,1.2273906620397883,107008,1.6733689730110912,1.1683465134213153,1.0421155859647837,0.8344287576652824,0.8688182108794494,0.9931998635985078
chroma-radius5,30.0,0.9269653684565791,8,256,True,619,1.0,1.0020030474483264,53504,1.3737121591985608,13.558782601229957,13.584077313241755,0.8270530623990879,3.643877885943794,3.682973567845911,53504,1.4152160723905949,11.714769830953522,11.698847333049653,0.8287096889253569,3.3752767352414956,3.4164328131365806
chroma-radius5,30.0,0.9268139754377359,8,432,True,619,1.0,1.0023242041655125,107008,1.3815714155682042,13.49908805520176,13.453332445226906,0.8259841406785516,3.6533922861753094,3.667005050643799,107008,1.4237452439356646,11.630598102938972,11.578783779268717,0.8279038964589639,3.3834378106807086,3.401197233995465
chroma-radius5,30.0,0.8048831634787688,8,256,True,619,5.0,0.9996993801853351,53504,1.6470773479952445,1.7199097685411533,1.5926176118146307,0.8319278152961888,1.07938376925235,1.2320680249233544,53504,1.6586214458239006,1.3096597151220803,1.0540598650457906,0.8316777213105399,0.8735881707081291,0.9874358753107395
chroma-radius5,30.0,0.8057567387593982,8,432,True,619,5.0,0.9998375182144584,107008,1.6619120017681803,1.579705666153447,1.556858752789962,0.8345642733203017,1.084223613987875,1.2273904936702422,107008,1.673367938251597,1.168346304173037,1.0421153078084446,0.8344286718270234,0.8688180895076859,0.993199717996295
chroma-radius5,30.0,0.9875215363339233,24,256,False,619,1.0,1.0050906163783946,53504,1.2648645302935535,22.585142124101,18.969809923609667,0.8277425202487776,4.696485521948467,4.325911517034013,53504,1.281342884620892,22.112946541579337,18.45253195968236,0.8319562398794497,4.644647682718775,4.264572311104291
chroma-radius5,30.0,0.9873902392111792,24,432,False,619,1.0,1.0048771486511106,107008,1.2702388793393962,22.63284257785849,19.991802959511087,0.8256084721767253,4.7524202883306454,4.427724867217571,107008,1.286920017456642,22.114068844256675,19.458077616841322,0.8296350874231474,4.697997895367067,4.365976701168036
chroma-radius5,30.0,0.9081788702530753,24,256,False,619,5.0,1.0035176860156496,53504,1.525605732221576,12.497816466482394,8.572596486178504,0.8568727990391604,3.4219751185933855,2.836878580901236,53504,1.5677908622199543,10.71928022383635,6.984634172874894,0.859887008501531,3.146612529529854,2.528801656265516
chroma-radius5,30.0,0.8999311332936096,24,432,False,619,5.0,1.001860674246126,107008,1.534335360374892,11.524373108972105,9.016118722598343,0.8478726502133684,3.39472483557692,2.899664482914642,107008,1.5781188747596584,9.564648604886859,7.232074813021703,0.8494502650176151,3.092202111781277,2.5653276910723677
chroma-radius5,30.0,0.9875215354768467,24,256,True,619,1.0,1.0050906394344796,53504,1.2648638080347832,22.585137870376663,18.96980607366015,0.8277424367994084,4.6964850733898835,4.325911076246745,53504,1.2813421746975888,22.112942319013467,18.452528246664304,0.8319561750897717,4.644647230681384,4.264571877562573
chroma-radius5,30.0,0.9873902386817414,24,432,True,619,1.0,1.0048771596545727,107008,1.2702381181835756,22.632837969741228,19.991798957406708,0.8256083670170531,4.752419806576269,4.427724420963969,107008,1.2869192400835137,22.11406430012752,19.458073729058782,0.8296349908351462,4.697997414976418,4.365976260561967
chroma-radius5,30.0,0.9081788556677509,24,256,True,619,5.0,1.003517677983038,53504,1.5256049391445061,12.497813723281023,8.572594615656108,0.8568727411061808,3.4219747293198535,2.8368782637883596,53504,1.5677900215260394,10.719277699069199,6.984632363834261,0.8598869434818354,3.1466121378648535,2.5288013122398842
chroma-radius5,30.0,0.8999311191729649,24,432,True,619,5.0,1.001860678664957,107008,1.5343344636375633,11.524370350130178,9.016116696056919,0.8478725602733705,3.3947244290059406,2.8996641459225745,107008,1.5781179866923651,9.564646101934592,7.232072909653748,0.8494501786568737,3.092201706214094,2.565327336979277
chroma-radius5,128.0,0.9281152877491766,8,256,False,619,1.0,0.9999010714765229,53504,3.072756249504591,14.003155834373993,14.074600626805566,1.7374680473128232,3.716420420656642,3.750862143988928,53504,3.075708608889562,12.083934101573217,12.142080368513053,1.737296162164314,3.446890040305998,3.4835856368909623
chroma-radius5,128.0,0.927857205003626,8,432,False,619,1.0,0.9999301710679637,107008,3.050041976625717,13.961435804240065,13.942053266577105,1.7299693337480315,3.725092837981526,3.733880571724697,107008,3.053273192489235,12.023453713185743,12.01889458831112,1.7298485318370003,3.45409030270386,3.4667651142919143
chroma-radius5,128.0,0.8032990158048404,8,256,False,619,5.0,0.9999398775928753,53504,3.09025234310229,1.4655228392161541,1.5907539230418142,1.735316756881882,1.1070629028464005,1.2568732148391788,53504,3.091034564864779,1.0288959039863028,1.0221085653653454,1.7352124254613344,0.8944393666959375,1.0050971528952393
chroma-radius5,128.0,0.8040309343102217,8,432,False,619,5.0,0.9999519946884871,107008,3.0703335403855703,1.3650723977671497,1.5657970951156672,1.7284536396018957,1.1064588424946176,1.250026503716672,107008,3.0711874192364546,0.9242542884365887,1.0242273653405751,1.728370664646491,0.8840218601344315,1.0099937387386921
chroma-radius5,128.0,0.928115296301692,8,256,True,619,1.0,0.9999010814768503,53504,3.072763060246217,14.003159321946974,14.074604436699753,1.73746869298839,3.7164208707319384,3.7508626506295535,53504,3.0757156442534566,12.083937410968604,12.142083833641285,1.7372968251512608,3.4468904955985766,3.483586133433425
chroma-radius5,128.0,0.927857212750209,8,432,True,619,1.0,0.9999301666497009,107008,3.050048988028796,13.961439199089497,13.942057254275056,1.7299699968312865,3.7250932831091306,3.733881105368465,107008,3.0532803323803646,12.02345691576382,12.018898166654484,1.7298491872304909,3.4540907530010525,3.466765629914512
chroma-radius5,128.0,0.8032990175215151,8,256,True,619,5.0,0.9999398973020575,53504,3.090260042280252,1.465523459073488,1.590754602531014,1.735317382667028,1.107063105528236,1.2568734836219981,53504,3.091042428527358,1.0288964024520109,1.0221089738067886,1.7352130854105432,0.8944395497728936,1.005097354770028
chroma-radius5,128.0,0.8040309739060425,8,432,True,619,5.0,0.9999520067415304,107008,3.0703414574602585,1.3650730036029806,1.5657977303178492,1.7284542884753962,1.1064590620008152,1.2500267550391067,107008,3.0711954557595225,0.924254793255337,1.024227890113138,1.7283713343219764,0.8840220757974927,1.0099939943586862
chroma-radius5,128.0,0.987807975261194,24,256,False,619,1.0,1.0001444991466366,53504,3.0658153590282033,23.240478222503135,19.56791283467376,1.7383235915013961,4.767353639701607,4.395326168915615,53504,3.0675462618080327,22.75920039919773,19.03803869285863,1.7385747777769462,4.716298982723984,4.334058325282542
chroma-radius5,128.0,0.9875757329103557,24,432,False,619,1.0,1.000117879125757,107008,3.0428606886072735,23.31694661562743,20.616498245074105,1.7308430634124654,4.822652068829282,4.498643576558916,107008,3.044492606212069,22.79122081722516,20.069866521383094,1.7310470936796032,4.768027882457403,4.437069435612248
chroma-radius5,128.0,0.9103169820343697,24,256,False,619,5.0,0.9999889390107018,53504,3.088683321177059,12.871789584960467,8.836357361298427,1.7393151871397776,3.51004085333845,2.9049235841847914,53504,3.092109642831187,11.010003728019859,7.174412395970226,1.7392959485931065,3.2352433170059967,2.595318866566436
chroma-radius5,128.0,0.9019726901004512,24,432,False,619,5.0,0.9998843898824746,107008,3.063952063538322,12.055083780058796,9.259829336759578,1.730806342950481,3.4685505908052328,2.9652235069757045,107008,3.067190600072522,10.05834777019846,7.3887746089350355,1.7306062442257588,3.1683984409073114,2.62720798431396
chroma-radius5,128.0,0.9878079806481344,24,256,True,619,1.0,1.0001444975873341,53504,3.065821722775798,23.240483325449237,19.567917918458672,1.7383242300327202,4.7673541474727195,4.395326734729022,53504,3.06755268287454,22.759205194103235,19.038044150279593,1.7385754136899645,4.716299474941617,4.334058946182146
chroma-radius5,128.0,0.9875757308152925,24,432,True,619,1.0,1.0001178737104892,107008,3.0428671649033694,23.31695140454108,20.616503773780583,1.7308436950052506,4.8226525693178734,4.498644174568792,107008,3.044499107975163,22.79122523313226,20.06987199979246,1.7310477159738578,4.768028347313376,4.437070037684908
chroma-radius5,128.0,0.9103169955473402,24,256,True,619,5.0,0.9999889235065798,53504,3.0886906367293023,12.87179359175924,8.836360415233463,1.73931585965975,3.5100413881384895,2.9049240796809386,53504,3.092117038047787,11.010007369341427,7.174415128664591,1.7392965941390748,3.2352438414334403,2.5953193701866124
chroma-radius5,128.0,0.901972716729393,24,432,True,619,5.0,0.9998843659449941,107008,3.063959529045217,12.05508716476141,9.259832685460276,1.7308070042657095,3.468551082453603,2.965224043737779,107008,3.0671980794812312,10.058351111935739,7.388777780188422,1.7306068640333736,3.168398971415635,2.6272085558397116
chroma-radius5,200.0,0.9282012883466837,8,256,False,619,1.0,0.9999281932764127,53504,11.806581867091689,14.039369881755945,14.116177442119445,3.4341685530722112,3.722957640689104,3.7565836900480654,53504,11.806059455083755,12.111573798267969,12.179584284092346,3.4339219566801686,3.4532626098009396,3.4892342585714773
chroma-radius5,200.0,0.9279235011973133,8,432,False,619,1.0,0.9999313720830466,107008,11.749367621407012,13.999951760882505,13.983787027138575,3.425511033948337,3.7314083753375282,3.739488128561616,107008,11.74901806978783,12.054437177862754,12.056251456170484,3.425275948261576,3.4602130860873386,3.472201043946724
chroma-radius5,200.0,0.8030292502447278,8,256,False,619,5.0,0.9999744530346572,53504,11.800851437940066,1.4319868344316304,1.5910534827330831,3.4320992997322652,1.109643242825276,1.2589311358315152,53504,11.80064919376864,0.9930418687427502,1.0194442753510318,3.432011620010402,0.8962684929427381,1.006357955491165
chroma-radius5,200.0,0.8037593874637194,8,432,False,619,5.0,0.9999771691458368,107008,11.74571187844069,1.3385929458921382,1.5678270280957902,3.423658997564151,1.1080815814250602,1.2517594203741704,107008,11.745589474131533,0.8949904512312136,1.0238054374296774,3.423580832504873,0.8849126485048516,1.0111465167139555
chroma-radius5,200.0,0.9282013042530787,8,256,True,619,1.0,0.999928188918214,53504,11.806588311717556,14.039370249605595,14.116178086162876,3.434169638884749,3.7229576790918357,3.756583774361678,53504,11.806065757352679,12.111574415873976,12.179585382828405,3.433923027447944,3.4532626865544844,3.4892344144805696
chroma-radius5,200.0,0.9279235161322305,8,432,True,619,1.0,0.9999313804031362,107008,11.74937415920336,13.999952137279752,13.983787624566935,3.42551214612883,3.73140841908251,3.7394882083723764,107008,11.749024755059246,12.054437791861599,12.056252472942216,3.4252770888663107,3.4602131659680593,3.4722011902152317
chroma-radius5,200.0,0.8030292778615349,8,256,True,619,5.0,0.9999744657893126,53504,11.800857868032322,1.431987161646014,1.5910536111531366,3.432100422813874,1.1096433567433783,1.2589311842096926,53504,11.80065590505202,0.9930421429521515,1.0194444571346237,3.4320127868385772,0.8962686000889718,1.0063580421539535
chroma-radius5,200.0,0.8037594039313452,8,432,True,619,5.0,0.9999771646039992,107008,11.745718524419523,1.3385931791003347,1.5678271911456514,3.423660166818102,1.1080816561554676,1.2517594840211341,107008,11.745595998822397,0.8949906509820209,1.0238055978769547,3.4235819861824206,0.8849127200388286,1.0111465945024276
chroma-radius5,200.0,0.987836879050525,24,256,False,619,1.0,1.0000070169679653,53504,11.809788579351885,23.30172596270771,19.61952682641741,3.4350997882144694,4.774033204921817,4.40131341255767,53504,11.81022560544858,22.819242816061784,19.088256540048732,3.4351238921996408,4.723075825382885,4.340055184784478
chroma-radius5,200.0,0.987589675074522,24,432,False,619,1.0,1.000001068773937,107008,11.752893749512815,23.381636638664045,20.67099892818178,3.4265304760848756,4.8292004775685715,4.504833869349578,107008,11.753228175522887,22.855254696709984,20.122877573075,3.4265341382713426,4.774530290526374,4.443280093055136
chroma-radius5,200.0,0.9105240472740931,24,256,False,619,5.0,0.9999432740511366,53504,11.810475339970871,12.897629283266657,8.852537961242717,3.4342731970646474,3.518615747337661,2.910986602744366,53504,11.810323123866262,11.026200271727339,7.183116775315978,3.434078384658888,3.2438343533669665,2.601354646244934
chroma-radius5,200.0,0.9021462910256624,24,432,False,619,5.0,0.9999223451307445,107008,11.751735460745653,12.107372295068243,9.272237813703718,3.4252960450542735,3.4748133800395866,2.970922356208328,107008,11.751305486811379,10.108809792095435,7.392086697687115,3.4250300541377334,3.174893564568896,2.632577928834951
chroma-radius5,200.0,0.9878368899352202,24,256,True,619,1.0,1.000007013436365,53504,11.809795200310681,23.301726094135166,19.61952764499095,3.435100877562158,4.774033199370327,4.401313499358171,53504,11.81023212502032,22.81924353195698,19.088257651456797,3.4351249694235704,4.723075883695689,4.340055305720751
chroma-radius5,200.0,0.9875896783964131,24,432,True,619,1.0,1.0000010612304824,107008,11.75290048085753,23.381636182948103,20.67100000425241,3.4265315959605434,4.829200437465428,4.504833984084175,107008,11.753234721568875,22.855254590958324,20.12287859638674,3.4265352323003215,4.774530284939174,4.443280202205035
chroma-radius5,200.0,0.9105240590325555,24,256,True,619,5.0,0.9999432581712285,53504,11.810482255276025,12.897630090422613,8.852538980658753,3.4342743665647557,3.5186158274470287,2.9109867516001726,53504,11.810329634601192,11.026201121848308,7.183117879944511,3.434079499556694,3.2438344489814477,2.601354840778417
chroma-radius5,200.0,0.902146304695021,24,432,True,619,5.0,0.9999223401446553,107008,11.751742083241437,12.10737272884487,9.272238829450659,3.4252971861607175,3.4748134496955982,2.9709225127719847,107008,11.751311951809315,10.108810197324855,7.3920879767515055,3.4250311780767277,3.174893635849752,2.6325781594015805
chroma-radius5-sigma4,30.0,0.9463247110033334,8,256,False,173,1.0,1.0014033638149946,53504,1.2690051055914024,13.26683638486105,14.154846750782772,0.7851058429324815,3.6392891270535093,3.7622927255382184,53504,1.2993003954719153,11.824103757911665,12.744671894689658,0.7862076320633938,3.43403078628733,3.569918079296439
chroma-radius5-sigma4,30.0,0.9459222110969094,8,432,False,173,1.0,1.001617613551384,107008,1.3101873673980484,13.28369373814547,14.221432630110167,0.8066480399199589,3.6446793639990642,3.7500592016898606,107008,1.3410397556112188,11.832813722169723,12.809949439201008,0.8079528847205307,3.4397862842424924,3.554825444185222
chroma-radius5-sigma4,30.0,0.8687913483007074,8,256,False,173,5.0,1.0003120242993442,53504,1.5494097020597208,1.3708386735739109,1.7234825325791823,0.7932291370683684,1.1189575859445289,1.3020146502759684,53504,1.5588548940487317,1.0494810992857806,1.323814599472235,0.7934766438340816,0.9658925485803472,1.1365188692636545
chroma-radius5-sigma4,30.0,0.8734673051405374,8,432,False,173,5.0,1.0000933613472567,107008,1.5893449448994934,1.3453208481503036,2.1392441560563147,0.8164457463686687,1.1386604861113894,1.3518335921245908,107008,1.5986067305040497,1.020523719333185,1.7307622227268518,0.8165219708435117,0.9852813087799684,1.1885548720721815
chroma-radius5-sigma4,30.0,0.9463247093932042,8,256,True,173,1.0,1.0014033608164088,53504,1.269004295175498,13.266833635418122,14.154843504774597,0.7851057391266538,3.639288747184276,3.762292294149287,53504,1.2992995537921856,11.824101305043843,12.744668901602378,0.7862075257576818,3.434030426318877,3.5699176599334628
chroma-radius5-sigma4,30.0,0.9459222081560806,8,432,True,173,1.0,1.0016176028059358,107008,1.3101865455871153,13.283690992448133,14.221429551549821,0.806647945214917,3.644678987368926,3.7500587934472134,107008,1.3410389177856374,11.832811233499388,12.809946563939956,0.807952781194499,3.439785922043586,3.5548250424035603
chroma-radius5-sigma4,30.0,0.8687913360519014,8,256,True,173,5.0,1.0003120357919768,53504,1.5494086990968636,1.370838403193874,1.7234820360543592,0.7932290324190553,1.1189574468439787,1.3020144550168389,53504,1.558853915064994,1.049480850651513,1.3238142048565453,0.7934765482684051,0.9658924030914864,1.1365186931004647
chroma-radius5-sigma4,30.0,0.8734672942481292,8,432,True,173,5.0,1.0000933732604311,107008,1.5893439481976612,1.3453205598768334,2.139243596493959,0.8164456443875547,1.1386603493918828,1.351833395607788,107008,1.5986057479004019,1.0205234519960016,1.730761764842828,0.816521878579336,0.9852811644913493,1.1885546962174884
chroma-radius5-sigma4,30.0,0.9904271385213631,24,256,False,173,1.0,1.0024188807432655,53504,1.1579856621094318,18.287236704232743,16.46834855841348,0.7841861502085116,4.26670184006035,4.03870386007962,53504,1.1670708080395162,17.956030737217432,16.13434702269086,0.7860830029863864,4.228287384106037,3.997473068249173
chroma-radius5-sigma4,30.0,0.990228117796597,24,432,False,173,1.0,1.0031985704686837,107008,1.2004287333944015,18.699221925617366,20.08835633346771,0.8067406293098116,4.246438371964685,4.461127600945428,107008,1.2113711672717302,18.307791938921255,19.73067574700277,0.8093210460626092,4.201766301985983,4.420555325568434
chroma-radius5-sigma4,30.0,0.9034497385443633,24,256,False,173,5.0,1.0009130590333626,53504,1.366069297203716,8.304453447333637,6.5799361172278505,0.7908567344511584,2.881646422996776,2.54789805867018,53504,1.3961248382707345,6.891351076559431,5.269122908617966,0.7915788333366447,2.623928772205014,2.2784953882974586
chroma-radius5-sigma4,30.0,0.9163218522846903,24,432,False,173,5.0,1.0020264773842213,107008,1.4457550435623918,7.791893610336386,9.541833597455074,0.8257354527387036,2.735237861689272,3.047205970101359,107008,1.4786830713574624,6.481815428345672,8.132369794579935,0.8274087869590283,2.4920095672631137,2.8050348152362816
chroma-radius5-sigma4,30.0,0.9904271379483368,24,256,True,173,1.0,1.002418859796567,53504,1.1579849179351391,18.287232756226643,16.46834486553893,0.7841860495958527,4.2667013813155,4.038703409890171,53504,1.1670700173204498,17.95602694671319,16.134343254422824,0.7860828857042489,4.228286940595668,3.99747260598956
chroma-radius5-sigma4,30.0,0.9902281180047964,24,432,True,173,1.0,1.0031985619002755,107008,1.2004279797411352,18.69921784296521,20.088352134614073,0.8067405324285155,4.246437915582028,4.461127131262437,107008,1.2113703946039738,18.30778800225346,19.730671591274103,0.8093209419589492,4.2017658576317976,4.420554855043285
chroma-radius5-sigma4,30.0,0.9034497328362053,24,256,True,173,5.0,1.0009130480054933,53504,1.366068446526005,8.304451451377862,6.579934342982224,0.7908566401155425,2.881646076277677,2.547897719348973,53504,1.396123947058043,6.891349330702862,5.269121422776001,0.7915787301934312,2.6239284377302745,2.2784950723707507
chroma-radius5-sigma4,30.0,0.9163218449955194,24,432,True,173,5.0,1.0020264706753004,107008,1.4457541582758424,7.791891616582438,9.54183128288365,0.8257353533957923,2.735237518253687,3.0472055922128676,107008,1.4786821540486483,6.4818136560959605,8.132367703968775,0.8274086818750077,2.492009235863686,2.8050344438540114
chroma-radius5-sigma4,128.0,0.9474025966030265,8,256,False,173,1.0,0.9998988791227307,53504,3.024677685061139,13.790899622635964,14.696582491084818,1.7269604525228142,3.713313295381692,3.8330607003059427,53504,3.026438510804643,12.313467921134865,13.256849842206426,1.7267858207668456,3.5086164530318906,3.6405211782653426
chroma-radius5-sigma4,128.0,0.946900486991425,8,432,False,173,1.0,0.9999200743116923,107008,3.0385330865801414,13.817170445938244,14.71871755802763,1.7301299371256333,3.715517678521175,3.8215259688221797,107008,3.04050873291989,12.33236614838894,13.268902446282963,1.7299916552995467,3.5102924713352013,3.6263008885540153
chroma-radius5-sigma4,128.0,0.8683974621227004,8,256,False,173,5.0,0.99999020683085,53504,3.0411930415469084,1.313744035380038,1.7843654563446099,1.725062716533185,1.1430179357320644,1.3357975763605046,53504,3.0419428845385306,0.9781633769846539,1.3589416112691444,1.7250458227022079,0.9858677779799981,1.165725013311138
chroma-radius5-sigma4,128.0,0.8727698884246725,8,432,False,173,5.0,0.9999848176126237,107008,3.0567287875574523,1.3523198558422052,2.078502286153477,1.7286437844076268,1.1619910438378986,1.385579696482449,107008,3.057472527898342,1.0098288351098597,1.6438583803293352,1.7286175394680563,1.0038079749504456,1.2178912498518677
chroma-radius5-sigma4,128.0,0.9474025979022459,8,256,True,173,1.0,0.9998988802134229,53504,3.0246839851282417,13.790902603668865,14.696586486619953,1.7269611061631114,3.713313696238299,3.833061222613005,53504,3.0264449382147967,12.313470527218051,13.25685356567222,1.7267864762246292,3.50861682380843,3.640521691146526
chroma-radius5-sigma4,128.0,0.9469004930783457,8,432,True,173,1.0,0.9999200932023451,107008,3.0385395541465705,13.817173550017403,14.71872166873176,1.730130592601444,3.71551809685683,3.8215264970961673,107008,3.0405154299284414,12.332369060143407,13.268906341222268,1.7299923434062645,3.510292886712782,3.6263014150965054
chroma-radius5-sigma4,128.0,0.8683975119612732,8,256,True,173,5.0,0.999990203388058,53504,3.0412003755366945,1.3137445054317638,1.7843662289956326,1.7250633875275518,1.1430181363534822,1.3357978658268137,53504,3.0419502376007297,0.9781637770547849,1.3589424164453712,1.7250464877509688,0.9858679768181238,1.1657253583871117
chroma-radius5-sigma4,128.0,0.8727699268748893,8,432,True,173,5.0,0.9999848039776755,107008,3.0567363516503097,1.3523203125265204,2.07850320100736,1.728644475598235,1.1619912420265663,1.385579982599414,107008,3.0574800375296394,1.009829259583432,1.6438592477403773,1.7286182070781928,1.0038081882726844,1.2178915561196915
chroma-radius5-sigma4,128.0,0.9906251271114135,24,256,False,173,1.0,1.0000047730040236,53504,3.0184092174699457,18.940737401514046,17.03963695733854,1.7277151602972196,4.340793342852374,4.1067695548785546,53504,3.018928512583225,18.611030394484388,16.699832101476062,1.7277234066886313,4.302967819372728,4.065234624953326
chroma-radius5-sigma4,128.0,0.9903755795824738,24,432,False,173,1.0,1.0000477635018858,107008,3.0333499360285345,19.364641901672677,20.725680111889226,1.7312951984188045,4.3169887616396565,4.532800546676504,107008,3.0342001411324406,18.97522332008729,20.35889658084204,1.731377891140279,4.272317496969434,4.492146970857335
chroma-radius5-sigma4,128.0,0.9051862014427452,24,256,False,173,5.0,0.9999305470934599,53504,3.0280370975590096,8.789140505678624,6.942792576190698,1.7257941047092573,2.9618064920918923,2.6034177682189137,53504,3.0300847370204247,7.311729961391357,5.597064260029024,1.7256742432925953,2.702490725099267,2.3318856969965207
chroma-radius5-sigma4,128.0,0.9174119136228706,24,432,False,173,5.0,0.999991782289068,107008,3.050248492761257,8.373774708875997,9.859091970944547,1.7309142722738584,2.797223367739337,3.1128717373543187,107008,3.052837230738811,7.025864898543011,8.400964873717498,1.7309000481207208,2.5506895183726135,2.8696529279338683
chroma-radius5-sigma4,128.0,0.9906251199088567,24,256,True,173,1.0,1.0000047601220605,53504,3.01841492478231,18.940741325210738,17.03964132952773,1.7277157704118156,4.340793799677747,4.10677008512724,53504,3.018934179609844,18.611033877036775,16.69983631103353,1.7277239945497684,4.302968228210614,4.065235133891947
chroma-radius5-sigma4,128.0,0.9903755754610007,24,432,True,173,1.0,1.0000477605731806,107008,3.033355763900934,19.364645792467993,20.72568566937394,1.7312958058045869,4.316989223804135,4.532801151167823,107008,3.0342059906898387,18.97522704795706,20.358901793577033,1.7313784934846173,4.272317943166624,4.492147544804905
chroma-radius5-sigma4,128.0,0.9051862233322351,24,256,True,173,5.0,0.9999305566504314,53504,3.0280435546259152,8.78914290011412,6.942795214753141,1.7257946997192932,2.9618068985342756,2.603418268272367,53504,3.0300913286411832,7.31173231314453,5.597066640232486,1.725674854754677,2.7024911612366402,2.3318862040921844
chroma-radius5-sigma4,128.0,0.9174119381124018,24,432,True,173,5.0,0.9999917906291687,107008,3.0502551770739106,8.373776969689276,9.859095639338703,1.7309148799463487,2.797223778478345,3.112872314271423,107008,3.0528440625567823,7.025867128479816,8.400968462036706,1.7309006702242218,2.5506899581662323,2.869653537830862
chroma-radius5-sigma4,200.0,0.9474811306579186,8,256,False,173,1.0,0.9999387044819614,53504,11.838104830007294,13.838987630310424,14.743587430907022,3.439543161973231,3.7199466851645475,3.8390168514657494,53504,11.837329437349675,12.358318872672433,13.301263069754935,3.4393323333933017,3.515247583849227,3.6464151521825303
chroma-radius5-sigma4,200.0,0.946967439741376,8,432,False,173,1.0,0.9999423882638906,107008,11.780092589090668,13.866381222223152,14.760194600581983,3.4308928392117934,3.7216234513475244,3.827740704636201,107008,11.77947377402604,12.37861814476774,13.306396634534943,3.430695179518921,3.5162677831330913,3.6324957103496427
chroma-radius5-sigma4,200.0,0.8682786053616447,8,256,False,173,5.0,0.9999863190243018,53504,11.831357932849345,1.3126869857303967,1.793818826811906,3.4375520960910757,1.1448996307305686,1.3389973054506132,53504,11.831290183698082,0.976088851944968,1.3656653743490876,3.4375050670243876,0.9872879529897713,1.1684060450254539
chroma-radius5-sigma4,200.0,0.8725925842215336,8,432,False,173,5.0,0.9999859037053986,107008,11.774827286580596,1.3617299626779682,2.0673973271390507,3.4290566727115834,1.163595451467217,1.388773608536821,107008,11.774769013544926,1.0177620810266224,1.6298632683453271,3.42900833571852,1.0048355726483413,1.220561762187332
chroma-radius5-sigma4,200.0,0.9474811305372248,8,256,True,173,1.0,0.9999387122959201,53504,11.838111770933144,13.838987816627245,14.743587904832587,3.439544286796475,3.7199467092584984,3.8390169152216536,53504,11.837336529519225,12.35831913495879,13.301263407058487,3.4393334850240564,3.515247619879697,3.6464151988758715
chroma-radius5-sigma4,200.0,0.9469674431171787,8,432,True,173,1.0,0.9999423946028897,107008,11.7800994209832,13.866381131592593,14.760195158730204,3.4308939579444737,3.721623442261718,3.8277407719327057,107008,11.779480716882247,12.378618291322518,13.306397071379147,3.430696319935583,3.516267807289697,3.6324957672932556
chroma-radius5-sigma4,200.0,0.86827860882463,8,256,True,173,5.0,0.9999863281484362,53504,11.83136469316817,1.3126871218520952,1.7938189991715965,3.4375532408771616,1.1448996852027162,1.338997371875651,53504,11.831297158663512,0.9760889308281188,1.3656655463850524,3.43750624315951,0.987287989630352,1.1684061196826152
chroma-radius5-sigma4,200.0,0.8725926007595783,8,432,True,173,5.0,0.9999859091073776,107008,11.774834002415979,1.361730000961789,2.0673974871059335,3.429057818062854,1.1635954757483529,1.3887736553996821,107008,11.774775840301936,1.0177621139428261,1.629863492868354,3.4290094995773437,1.0048355967652332,1.220561839369382
chroma-radius5-sigma4,200.0,0.9906444530359959,24,256,False,173,1.0,0.9999876794962533,53504,11.840734542271749,18.99927177140604,17.089362492285268,3.440278329911835,4.347337046434145,4.112611742590428,53504,11.84057236095802,18.670144947072316,16.749173511386086,3.440235943949782,4.309591023431382,4.0710411088878855
chroma-radius5-sigma4,200.0,0.9903853550890597,24,432,False,173,1.0,0.9999937474732993,107008,11.785034408812555,19.42490286653863,20.782289367977953,3.432001828920243,4.323198559082664,4.53913898931142,107008,11.785045909263987,19.036113161378346,20.414492390428254,3.431980370237171,4.278503356234307,4.4984750233067565
chroma-radius5-sigma4,200.0,0.9053454325119981,24,256,False,173,5.0,0.9999474731757731,53504,11.832931781258118,8.841380215238498,6.980517577824922,3.4384797813257117,2.9695056096552586,2.608090563396452,53504,11.832422569295945,7.358043063414073,5.632724595277761,3.4382991689026303,2.7100426902137253,2.3363837536556264
chroma-radius5-sigma4,200.0,0.9174768884511162,24,432,False,173,5.0,0.9999555400207564,107008,11.781063229110114,8.442254227658863,9.882531885876725,3.4306331133945673,2.8021660950617466,3.118601152947931,107008,11.78084233619039,7.092445683034078,8.41976396516851,3.4304805875175535,2.55520109592065,2.8752931180019816
chroma-radius5-sigma4,200.0,0.990644450848213,24,256,True,173,1.0,0.9999876611839175,53504,11.840741751055422,18.999271130836615,17.08936274648523,3.440279467445324,4.347336977312822,4.112611774418622,53504,11.840579127360979,18.670144300150998,16.74917356838483,3.440237018469703,4.309590955499302,4.071041120851268
chroma-radius5-sigma4,200.0,0.9903853502915584,24,432,True,173,1.0,0.9999937481861976,107008,11.785040819372632,19.424902118704473,20.782290286026278,3.4320028654341996,4.323198494877888,4.539139088108922,107008,11.785052332248426,19.036112087894956,20.414493233566706,3.4319814091913154,4.278503257859732,4.498475112628495
chroma-radius5-sigma4,200.0,0.9053454393699611,24,256,True,173,5.0,0.9999474907536585,53504,11.832938374825442,8.841380205995222,6.980518138360271,3.438480862785634,2.969505612957887,2.608090674485255,53504,11.832429543937865,7.358043037839815,5.63272526500368,3.4383003107469694,2.710042688290325,2.336383902479827
chroma-radius5-sigma4,200.0,0.9174768928186032,24,432,True,173,5.0,0.9999555453319063,107008,11.781069509359344,8.442254194511685,9.8825329301596,3.430634166752892,2.802166118737218,3.118601318985031,107008,11.78084869630518,7.092445548606996,8.419765099701964,3.4304816590496583,2.5552011041304215,2.875293306216156
chroma-radius5-sigma4,30.0,0.9459227536725134,8,256,False,619,1.0,1.0014081199419584,53504,1.3737130648888836,13.558785239074691,13.584080143142701,0.82705317320391,3.6438782486130292,3.6829739536292183,53504,1.404519027806016,12.178980132043865,12.175075261432184,0.8282177632701584,3.444912233802614,3.4857026065902157
chroma-radius5-sigma4,30.0,0.9458343583124751,8,432,False,619,1.0,1.0016379160197,107008,1.3815722990342885,13.499090700256465,13.453335250365134,0.8259842326309179,3.653392650602146,3.667005433984128,107008,1.4128549583208712,12.101581583957275,12.052862644692908,0.8273371254375638,3.4535160603497306,3.470359448915595
chroma-radius5-sigma4,30.0,0.8489467427776904,8,256,False,619,5.0,0.9997236210212747,53504,1.6470784090452153,1.7199100607813584,1.5926180162048582,0.8319279298114897,1.0793838951481698,1.2320681964790599,53504,1.6561343472987409,1.3927557473436472,1.169654733689422,0.8316980024198752,0.9178539035956583,1.0446315602713092
chroma-radius5-sigma4,30.0,0.8494282859965272,8,432,False,619,5.0,0.9998129405548958,107008,1.6619130225569954,1.5797059685178394,1.5568591543109793,0.8345643581716794,1.0842237531936778,1.2273906620397883,107008,1.6709011499443975,1.2509445440184745,1.1508959541961046,0.834408245025936,0.9158791098490746,1.0470556684847698
chroma-radius5-sigma4,30.0,0.9459227528051584,8,256,True,619,1.0,1.0014081236216046,53504,1.3737121591985608,13.558782601229957,13.584077313241755,0.8270530623990879,3.643877885943794,3.682973567845911,53504,1.404518116338894,12.17897771795632,12.175072725732878,0.8282176553525724,3.44491188466209,3.4857022413730374
chroma-radius5-sigma4,30.0,0.9458343560402531,8,432,True,619,1.0,1.0016379264178112,107008,1.3815714155682042,13.49908805520176,13.453332445226906,0.8259841406785516,3.6533922861753094,3.667005050643799,107008,1.4128540817929374,12.101579143546324,12.052860097103391,0.8273370419232622,3.453515704543326,3.470359080820236
chroma-radius5-sigma4,30.0,0.8489467407124349,8,256,True,619,5.0,0.99972364029065,53504,1.6470773479952445,1.7199097685411533,1.5926176118146307,0.8319278152961888,1.07938376925235,1.2320680249233544,53504,1.6561332933932673,1.3927555607461242,1.169654421779839,0.8316979039669533,0.91785380362129,1.0446314040296034
chroma-radius5-sigma4,30.0,0.8494282767945689,8,432,True,619,5.0,0.9998129453529577,107008,1.6619120017681803,1.579705666153447,1.556858752789962,0.8345642733203017,1.084223613987875,1.2273904936702422,107008,1.6709001237274348,1.2509443339387465,1.1508956179939556,0.8344081641947216,0.9158789954235779,1.047055502140265
chroma-radius5-sigma4,30.0,0.9907368925512997,24,256,False,619,1.0,1.0038179452866813,53504,1.2648645302935535,22.585142124101,18.969809923609667,0.8277425202487776,4.696485521948467,4.325911517034013,53504,1.277149700208699,22.234017146118987,18.585197127754892,0.8309027959025471,4.657993869548054,4.280391961277638
chroma-radius5-sigma4,30.0,0.9906440581865105,24,432,False,619,1.0,1.003663863781856,107008,1.2702388793393962,22.63284257785849,19.991802959511087,0.8256084721767253,4.7524202883306454,4.427724867217571,107008,1.2826761894786098,22.247099924021143,19.595304849100753,0.8286333891559271,4.71201564105851,4.38193892998249
chroma-radius5-sigma4,30.0,0.9321439005532766,24,256,False,619,5.0,1.0022260106918441,53504,1.525605732221576,12.497816466482394,8.572596486178504,0.8568727990391604,3.4219751185933855,2.836878580901236,53504,1.5565063825055785,11.167763032112626,7.382310040474357,0.858780207051372,3.218138137647117,2.609785596382605
chroma-radius5-sigma4,30.0,0.9264793255332977,24,432,False,619,5.0,1.0010434386404898,107008,1.534335360374892,11.524373108972105,9.016118722598343,0.8478726502133684,3.39472483557692,2.899664482914642,107008,1.5663643190683005,10.06194265781402,7.688460783738496,0.8487573532988156,3.1717515362651736,2.655010964139914
chroma-radius5-sigma4,30.0,0.9907368927571071,24,256,True,619,1.0,1.003817949090853,53504,1.2648638080347832,22.585137870376663,18.96980607366015,0.8277424367994084,4.6964850733898835,4.325911076246745,53504,1.2771489841337935,22.234012844482102,18.58519349347047,0.8309027152834471,4.657993412116248,4.28039154065771
chroma-radius5-sigma4,30.0,0.990644059902467,24,432,True,619,1.0,1.0036638710150818,107008,1.2702381181835756,22.632837969741228,19.991798957406708,0.8256083670170531,4.752419806576269,4.427724420963969,107008,1.2826754167743488,22.24709543588812,19.595301038809815,0.8286332895827759,4.7120151679963,4.381938499773034
chroma-radius5-sigma4,30.0,0.9321438941548268,24,256,True,619,5.0,1.0022259929630775,53504,1.5256049391445061,12.497813723281023,8.572594615656108,0.8568727411061808,3.4219747293198535,2.8368782637883596,53504,1.5565055672153179,11.16776048413275,7.382308324040302,0.858780133798136,3.2181377525219346,2.6097852831164743
chroma-radius5-sigma4,30.0,0.9264793171494461,24,432,True,619,5.0,1.0010434432090025,107008,1.5343344636375633,11.524370350130178,9.016116696056919,0.8478725602733705,3.3947244290059406,2.8996641459225745,107008,1.5663634599075247,10.061940044430223,7.688458977977998,0.8487572671384874,3.1717511236340044,2.655010636633746
chroma-radius5-sigma4,128.0,0.9468733022933319,8,256,False,619,1.0,0.99992232409261,53504,3.072756249504591,14.003155834373993,14.074600626805566,1.7374680473128232,3.716420420656642,3.750862143988928,53504,3.0749253939393877,12.570744363657225,12.632606536176487,1.737333087905687,3.5172205306143423,3.5533329585658873
chroma-radius5-sigma4,128.0,0.9467073896688863,8,432,False,619,1.0,0.9999426458560868,107008,3.050041976625717,13.961435804240065,13.942053266577105,1.7299693337480315,3.725092837981526,3.733880571724697,107008,3.0524101365035454,12.515710480027877,12.507580477445066,1.7298701128378984,3.5249059838232353,3.5365545554903446
chroma-radius5-sigma4,128.0,0.8479841719650618,8,256,False,619,5.0,0.9999532482964159,53504,3.09025234310229,1.4655228392161541,1.5907539230418142,1.735316756881882,1.1070629028464005,1.2568732148391788,53504,3.090873577538494,1.1170746796063589,1.144455500137617,1.7352356278672396,0.9405345832163833,1.0642533445658264
chroma-radius5-sigma4,128.0,0.8484245410780412,8,432,False,619,5.0,0.999961439816846,107008,3.0703335403855703,1.3650723977671497,1.5657970951156672,1.7284536396018957,1.1064588424946176,1.250026503716672,107008,3.0710049023809063,1.0132958187902035,1.1392873821912053,1.7283869901129796,0.9331008944144792,1.0655239806480097
chroma-radius5-sigma4,128.0,0.9468733105708047,8,256,True,619,1.0,0.999922312975573,53504,3.072763060246217,14.003159321946974,14.074604436699753,1.73746869298839,3.7164208707319384,3.7508626506295535,53504,3.0749322529079883,12.570747780158149,12.632610115739222,1.7373337142155967,3.5172209955526923,3.5533334613837537
chroma-radius5-sigma4,128.0,0.9467073933316006,8,432,True,619,1.0,0.9999426536681475,107008,3.050048988028796,13.961439199089497,13.942057254275056,1.7299699968312865,3.7250932831091306,3.733881105368465,107008,3.0524173144528475,12.515713688726445,12.507584090014552,1.7298707893977534,3.524906427335448,3.536555065897367
chroma-radius5-sigma4,128.0,0.8479841988664789,8,256,True,619,5.0,0.9999532856647049,53504,3.090260042280252,1.465523459073488,1.590754602531014,1.735317382667028,1.107063105528236,1.2568734836219981,53504,3.090881545088411,1.1170751684214382,1.1444560951248086,1.7352363184689708,0.9405347706464902,1.06425361891866
chroma-radius5-sigma4,128.0,0.8484245721490614,8,432,True,619,5.0,0.9999614589807118,107008,3.0703414574602585,1.3650730036029806,1.5657977303178492,1.7284542884753962,1.1064590620008152,1.2500267550391067,107008,3.071012986682539,1.0132962912344416,1.1392879626841537,1.7283876720853253,0.9331010970842774,1.0655242484222291
chroma-radius5-sigma4,128.0,0.990963583324514,24,256,False,619,1.0,1.0001046811175265,53504,3.0658153590282033,23.240478222503135,19.56791283467376,1.7383235915013961,4.767353639701607,4.395326168915615,53504,3.0670838956827686,22.883281212142546,19.174472029627243,1.7385055611575773,4.729513299749043,4.349918372788425
chroma-radius5-sigma4,128.0,0.9907944946261749,24,432,False,619,1.0,1.0000841548192976,107008,3.0428606886072735,23.31694661562743,20.616498245074105,1.7308430634124654,4.822652068829282,4.498643576558916,107008,3.0440510286336626,22.926808841135387,20.210797632713852,1.7309887221976994,4.782175751402966,4.453026717175504
chroma-radius5-sigma4,128.0,0.9339256608572575,24,256,False,619,5.0,0.9999745509226838,53504,3.088683321177059,12.871789584960467,8.836357361298427,1.7393151871397776,3.51004085333845,2.9049235841847914,53504,3.0911269627159617,11.485048413890379,7.593914566735941,1.739270923173103,3.3074275426072877,2.6771721262685437
chroma-radius5-sigma4,128.0,0.9281928252187053,24,432,False,619,5.0,0.9999009718480826,107008,3.063952063538322,12.055083780058796,9.259829336759578,1.730806342950481,3.4685505908052328,2.9652235069757045,107008,3.066268037433124,10.571715736490631,7.87034409414918,1.7306349443970117,3.2482127001620884,2.718334198495744
chroma-radius5-sigma4,128.0,0.9909635888247407,24,256,True,619,1.0,1.0001046972117613,53504,3.065821722775798,23.240483325449237,19.567917918458672,1.7383242300327202,4.7673541474727195,4.395326734729022,53504,3.067090403538547,22.883286253882442,19.17447735439255,1.7385062277327419,4.729513810784198,4.349918977763593
chroma-radius5-sigma4,128.0,0.9907944959575775,24,432,True,619,1.0,1.0000841621960328,107008,3.0428671649033694,23.31695140454108,20.616503773780583,1.7308436950052506,4.8226525693178734,4.498644174568792,107008,3.0440575906799734,22.92681367979371,20.210803002265337,1.7309893666116118,4.782176259396862,4.453027309680617
chroma-radius5-sigma4,128.0,0.9339256659958028,24,256,True,619,5.0,0.9999745302655614,53504,3.0886906367293023,12.87179359175924,8.836360415233463,1.73931585965975,3.5100413881384895,2.9049240796809386,53504,3.0911342709845204,11.485051883164768,7.593917491356651,1.7392715597466997,3.307428030681184,2.6771726410296326
chroma-radius5-sigma4,128.0,0.9281928427062421,24,432,True,619,5.0,0.9999009482597586,107008,3.063959529045217,12.05508716476141,9.259832685460276,1.7308070042657095,3.468551082453603,2.965224043737779,107008,3.0662754687706104,10.571718939085384,7.870347442952042,1.730635564819915,3.2482131958653815,2.7183347754270972
chroma-radius5-sigma4,200.0,0.9469435204711794,8,256,False,619,1.0,0.9999456984501104,53504,11.806581867091689,14.039369881755945,14.116177442119445,3.4341685530722112,3.722957640689104,3.7565836900480654,53504,11.806170223568873,12.600825054302266,12.671289603745892,3.4339820723971974,3.523668801985001,3.5590177624841957
chroma-radius5-sigma4,200.0,0.946762906338006,8,432,False,619,1.0,0.9999478070836137,107008,11.749367621407012,13.999951760882505,13.983787027138575,3.425511033948337,3.7314083753375282,3.739488128561616,107008,11.749078546278765,12.54885423324534,12.546198793780276,3.4253322465373617,3.5311095062879794,3.5420538500928145
chroma-radius5-sigma4,200.0,0.8477891081658798,8,256,False,619,5.0,0.9999800011348438,53504,11.800851437940066,1.4319868344316304,1.5910534827330831,3.4320992997322652,1.109643242825276,1.2589311358315152,53504,11.800695536044008,1.0815912339675076,1.1423994497364929,3.432030661641167,0.9425519719077003,1.0657113209252433
chroma-radius5-sigma4,200.0,0.8482383717630282,8,432,False,619,5.0,0.9999818832904537,107008,11.74571187844069,1.3385929458921382,1.5678270280957902,3.423658997564151,1.1080815814250602,1.2517594203741704,107008,11.745613438941676,0.9846221750404908,1.1394078585750091,3.4235969721285064,0.934195891575646,1.0668277242111706
chroma-radius5-sigma4,200.0,0.9469435295069137,8,256,True,619,1.0,0.9999457093870834,53504,11.806588311717556,14.039370249605595,14.116178086162876,3.434169638884749,3.7229576790918357,3.756583774361678,53504,11.806176912616456,12.600825281378057,12.671290734099149,3.4339831957101943,3.523668826868549,3.559017920919949
chroma-radius5-sigma4,200.0,0.9467629124112236,8,432,True,619,1.0,0.9999478134188635,107008,11.74937415920336,13.999952137279752,13.983787624566935,3.42551214612883,3.73140841908251,3.7394882083723764,107008,11.7490852078554,12.54885459439335,12.546199619447314,3.4253333803612818,3.5311095520688114,3.5420539665900175
chroma-radius5-sigma4,200.0,0.8477891352142728,8,256,True,619,5.0,0.9999800001556254,53504,11.800857868032322,1.431987161646014,1.5910536111531366,3.432100422813874,1.1096433567433783,1.2589311842096926,53504,11.800701922943842,1.0815915209926046,1.1423996468637396,3.4320317813395396,0.942552082557597,1.065711409989722
chroma-radius5-sigma4,200.0,0.8482383997253218,8,432,True,619,5.0,0.9999818779212926,107008,11.745718524419523,1.3385931791003347,1.5678271911456514,3.423660166818102,1.1080816561554676,1.2517594840211341,107008,11.74561993891019,0.9846224240981638,1.1394080653227041,3.4235981229790915,0.9341959797942836,1.066827818676816
chroma-radius5-sigma4,200.0,0.9909857076513306,24,256,False,619,1.0,1.0000042959145807,53504,11.809788579351885,23.30172596270771,19.61952682641741,3.4350997882144694,4.774033204921817,4.40131341255767,53504,11.810091108360615,22.94366633798745,19.22508065587534,3.4351145451097356,4.736268142723099,4.355916042190624
chroma-radius5-sigma4,200.0,0.9908052354069671,24,432,False,619,1.0,0.9999996813673301,107008,11.752893749512815,23.381636638664045,20.67099892818178,3.4265304760848756,4.8292004775685715,4.504833869349578,107008,11.753115457862988,22.99103921796301,20.26420548446818,3.4265293842803213,4.788692745698863,4.459233194170034
chroma-radius5-sigma4,200.0,0.9340922479831398,24,256,False,619,5.0,0.9999547720202343,53504,11.810475339970871,12.897629283266657,8.852537961242717,3.4342731970646474,3.518615747337661,2.910986602744366,53504,11.81028914850362,11.50413130237953,7.604723054948749,3.434117871825981,3.3160789404593642,2.683237275850174
chroma-radius5-sigma4,200.0,0.9283338053460686,24,432,False,619,5.0,0.9999400995091348,107008,11.751735460745653,12.107372295068243,9.272237813703718,3.4252960450542735,3.4748133800395866,2.970922356208328,107008,11.751359022392664,10.623165629032101,7.876150473075889,3.425090868139816,3.2547116191395613,2.723813232010263
chroma-radius5-sigma4,200.0,0.9909857152331849,24,256,True,619,1.0,1.0000043103930858,53504,11.809795200310681,23.301726094135166,19.61952764499095,3.435100877562158,4.774033199370327,4.401313499358171,53504,11.81009805763465,22.943666929417542,19.22508169699558,3.4351156841972297,4.736268182844955,4.355916151448059
chroma-radius5-sigma4,200.0,0.990805239315758,24,432,True,619,1.0,0.9999996834011733,107008,11.75290048085753,23.381636182948103,20.67100000425241,3.4265315959605434,4.829200437465428,4.504833984084175,107008,11.753122230106172,22.991039053425038,20.264206602621233,3.4265305111246604,4.7886927354122495,4.459233314246906
chroma-radius5-sigma4,200.0,0.934092247535658,24,256,True,619,5.0,0.9999547535009249,53504,11.810482255276025,12.897630090422613,8.852538980658753,3.4342743665647557,3.5186158274470287,2.9109867516001726,53504,11.81029561310383,11.504131815607543,7.604723996179484,3.434118977672805,3.316078987574597,2.683237446938254
chroma-radius5-sigma4,200.0,0.9283338102727958,24,432,True,619,5.0,0.9999400952637834,107008,11.751742083241437,12.10737272884487,9.272238829450659,3.4252971861607175,3.4748134496955982,2.9709225127719847,107008,11.751365518524748,10.62316581856201,7.876151673072593,3.425091994636317,3.254711655588062,2.723813447301642
edge-blend-0.125,30.0,0.9999999994193555,8,256,False,173,1.0,0.9999957610585761,53504,1.2690051055914024,13.26683638486105,14.154846750782772,0.7851058429324815,3.6392891270535093,3.7622927255382184,53504,1.2690014443965845,13.266834958908776,14.154848117684555,0.7851025149148018,3.6392889348652386,3.762292907214515
edge-blend-0.125,30.0,0.9999999901162342,8,432,False,173,1.0,0.9999951856220254,107008,1.3101873673980484,13.28369373814547,14.221432630110167,0.8066480399199589,3.6446793639990642,3.7500592016898606,107008,1.310182581536202,13.283693716149948,14.221431976234902,0.8066441564114023,3.6446793609027863,3.750059132623546
edge-blend-0.125,30.0,1.0000000102441196,8,256,False,173,5.0,0.9999957699096397,53504,1.5494097020597208,1.3708386735739109,1.7234825325791823,0.7932291370683684,1.1189575859445289,1.3020146502759684,53504,1.5494062357174483,1.3708386698234813,1.7234825719969062,0.7932257816374422,1.1189575963358798,1.302014664534715
edge-blend-0.125,30.0,1.0000000178616757,8,432,False,173,5.0,0.9999954651934866,107008,1.5893449448994934,1.3453208481503036,2.1392441560563147,0.8164457463686687,1.1386604861113894,1.3518335921245908,107008,1.5893406217243289,1.3453209195047877,2.139244135733916,0.8164420439451803,1.1386605330257642,1.3518335938854296
edge-blend-0.125,30.0,0.9999999995477611,8,256,True,173,1.0,0.999995761021713,53504,1.269004295175498,13.266833635418122,14.154843504774597,0.7851057391266538,3.639288747184276,3.762292294149287,53504,1.269000632170404,13.266832209715792,14.154844878800661,0.7851024110804726,3.6392885549842173,3.7622924767721155
edge-blend-0.125,30.0,0.9999999901539633,8,432,True,173,1.0,0.9999951848569089,107008,1.3101865455871153,13.283690992448133,14.221429551549821,0.806647945214917,3.644678987368926,3.7500587934472134,107008,1.3101817577496422,13.283690969015607,14.221428902253033,0.8066440610896366,3.644678984076009,3.750058724847154
edge-blend-0.125,30.0,1.0000000104223945,8,256,True,173,5.0,0.9999957687742526,53504,1.5494086990968636,1.370838403193874,1.7234820360543592,0.7932290324190553,1.1189574468439787,1.3020144550168389,53504,1.5494052294966383,1.3708384002195153,1.7234820761129315,0.7932256760879497,1.1189574575092074,1.302014469443763
edge-blend-0.125,30.0,1.0000000173983823,8,432,True,173,5.0,0.9999954635654671,107008,1.5893439481976612,1.3453205598768334,2.139243596493959,0.8164456443875547,1.1386603493918828,1.351833395607788,107008,1.5893396209255692,1.3453206305195677,2.139243574505364,0.8164419406353393,1.138660395768559,1.3518333967508869
edge-blend-0.125,30.0,0.999999889948321,24,256,False,173,1.0,0.9999954374171092,53504,1.1579856621094318,18.287236704232743,16.46834855841348,0.7841861502085116,4.26670184006035,4.03870386007962,53504,1.157981565938111,18.28723238403818,16.4683449246385,0.7841825722941994,4.26670133216228,4.038703456118284
edge-blend-0.125,30.0,0.9999998785446101,24,432,False,173,1.0,0.9999948574609221,107008,1.2004287333944015,18.699221925617366,20.08835633346771,0.8067406293098116,4.246438371964685,4.461127600945428,107008,1.200423597654488,18.699220200727947,20.088349274233924,0.8067364806145997,4.246438137210524,4.461126791641652
edge-blend-0.125,30.0,0.999999906130176,24,256,False,173,5.0,0.9999957614484177,53504,1.366069297203716,8.304453447333637,6.5799361172278505,0.7908567344511584,2.881646422996776,2.54789805867018,53504,1.366065708812311,8.304451768668832,6.579934896931823,0.7908533823640953,2.8816461323007134,2.54789784234138
edge-blend-0.125,30.0,0.9999998692982015,24,432,False,173,5.0,0.9999957310040452,107008,1.4457550435623918,7.791893610336386,9.541833597455074,0.8257354527387036,2.735237861689272,3.047205970101359,107008,1.4457509731875036,7.791892273279126,9.54183065138068,0.8257319276773961,2.735237603509228,3.0472054826738635
edge-blend-0.125,30.0,0.9999998899534956,24,256,True,173,1.0,0.9999954378322502,53504,1.1579849179351391,18.287232756226643,16.46834486553893,0.7841860495958527,4.2667013813155,4.038703409890171,53504,1.1579808223701256,18.287228430390535,16.46834123760468,0.7841824720075474,4.266700872786349,4.038703006639873
edge-blend-0.125,30.0,0.9999998786886319,24,432,True,173,1.0,0.9999948567264485,107008,1.2004279797411352,18.69921784296521,20.088352134614073,0.8067405324285155,4.246437915582028,4.461127131262437,107008,1.2004228433933406,18.699216119305,20.088345083786194,0.8067363831412722,4.246437681107881,4.461126322916884
edge-blend-0.125,30.0,0.9999999060890925,24,256,True,173,5.0,0.9999957591684591,53504,1.366068446526005,8.304451451377862,6.579934342982224,0.7908566401155425,2.881646076277677,2.547897719348973,53504,1.3660648548931396,8.304449770849827,6.579933122976156,0.7908532862257587,2.8816457852435784,2.547897503163985
edge-blend-0.125,30.0,0.9999998694274481,24,432,True,173,5.0,0.9999957299509402,107008,1.4457541582758424,7.791891616582438,9.54183128288365,0.8257353533957923,2.735237518253687,3.0472055922128676,107008,1.4457500859898234,7.791890280567702,9.541828340795927,0.8257318274653229,2.7352372604390798,3.0472051051686058
edge-blend-0.125,128.0,0.9999445710437925,8,256,False,173,1.0,0.9460589340868691,53504,3.024677685061139,13.790899622635964,14.696582491084818,1.7269604525228142,3.713313295381692,3.8330607003059427,53504,2.712359251483265,13.789602009677854,14.694716614477676,1.6338063649239107,3.71313877255487,3.832817913154782
edge-blend-0.125,128.0,0.9999434748319695,8,432,False,173,1.0,0.9467947086588403,107008,3.0385330865801414,13.817170445938244,14.71871755802763,1.7301299371256333,3.715517678521175,3.8215259688221797,107008,2.729324161885087,13.815771055257153,14.716909853994338,1.6380778697628018,3.71532974553518,3.821288481721538
edge-blend-0.125,128.0,0.9999430761976916,8,256,False,173,5.0,0.946080601991052,53504,3.0411930415469084,1.313744035380038,1.7843654563446099,1.725062716533185,1.1430179357320644,1.3357975763605046,53504,2.729861305112339,1.3136035257234158,1.784153730718221,1.6320483733300353,1.142956611316287,1.3357183369861572
edge-blend-0.125,128.0,0.9999420193616312,8,432,False,173,5.0,0.9468383864811319,107008,3.0567287875574523,1.3523198558422052,2.078502286153477,1.7286437844076268,1.1619910438378986,1.385579696482449,107008,2.7484885815779814,1.352175215816306,2.078255885286073,1.636746291629155,1.1619292356903097,1.3854946928211886
edge-blend-0.125,128.0,0.9999445720492767,8,256,True,173,1.0,0.9460589519513704,53504,3.0246839851282417,13.790902603668865,14.696586486619953,1.7269611061631114,3.713313696238299,3.833061222613005,53504,2.7123654670374755,13.78960509717938,14.694720563021864,1.6338070141574523,3.7131391879988005,3.832818428751567
edge-blend-0.125,128.0,0.9999434779960925,8,432,True,173,1.0,0.9467947195492203,107008,3.0385395541465705,13.817173550017403,14.71872166873176,1.730130592601444,3.71551809685683,3.8215264970961673,107008,2.7293305038540874,13.815774328068294,14.71691395959085,1.6380785092056107,3.715330186089495,3.8212890118628047
edge-blend-0.125,128.0,0.9999430867562679,8,256,True,173,5.0,0.9460806089280176,53504,3.0412003755366945,1.3137445054317638,1.7843662289956326,1.7250633875275518,1.1430181363534822,1.3357978658268137,53504,2.7298684805364757,1.31360400311237,1.7841545565085168,1.632049020111495,1.1429568171657405,1.3357186463838904
edge-blend-0.125,128.0,0.9999420252132493,8,432,True,173,5.0,0.9468383855305931,107008,3.0567363516503097,1.3523203125265204,2.07850320100736,1.728644475598235,1.1619912420265663,1.385579982599414,107008,2.7484959203502677,1.3521756883131468,2.0782568314537277,1.6367469444318117,1.1619294406680611,1.3854949870287403
edge-blend-0.125,128.0,0.9999378946347797,24,256,False,173,1.0,0.9468794588945861,53504,3.0184092174699457,18.940737401514046,17.03963695733854,1.7277151602972196,4.340793342852374,4.1067695548785546,53504,2.7103704247591014,18.938139862058986,17.037734175675524,1.6359379961062044,4.340499893873576,4.106539724528987
edge-blend-0.125,128.0,0.9999415013116374,24,432,False,173,1.0,0.9476016748201349,107008,3.0333499360285345,19.364641901672677,20.725680111889226,1.7312951984188045,4.3169887616396565,4.532800546676504,107008,2.728222829787898,19.36223953834322,20.723377594966365,1.6405782296297169,4.3167235224174005,4.532547480086957
edge-blend-0.125,128.0,0.9999417848086356,24,256,False,173,5.0,0.9468818933285571,53504,3.0280370975590096,8.789140505678624,6.942792576190698,1.7257941047092573,2.9618064920918923,2.6034177682189137,53504,2.7208402597578702,8.788035994323875,6.942054635000828,1.6341231893623638,2.961622123397377,2.603279800829325
edge-blend-0.125,128.0,0.9999445017282893,24,432,False,173,5.0,0.9477024020788578,107008,3.050248492761257,8.373774708875997,9.859091970944547,1.7309142722738584,2.797223367739337,3.1128717373543187,107008,2.745995762219041,8.372815773485836,9.858013619021369,1.6403916136265138,2.797066816050246,3.1127001560800585
edge-blend-0.125,128.0,0.9999378943067394,24,256,True,173,1.0,0.946879450882598,53504,3.01841492478231,18.940741325210738,17.03964132952773,1.7277157704118156,4.340793799677747,4.10677008512724,53504,2.7103759105143226,18.938143796754858,17.03773855297183,1.6359385599687446,4.340500349195079,4.106540253451436
edge-blend-0.125,128.0,0.9999414997422847,24,432,True,173,1.0,0.9476016746840616,107008,3.033355763900934,19.364645792467993,20.72568566937394,1.7312958058045869,4.316989223804135,4.532801151167823,107008,2.7282284865295554,19.362243337428403,20.723383171917703,1.6405788049539185,4.3167239670887145,4.532548087611203
edge-blend-0.125,128.0,0.9999417793455836,24,256,True,173,5.0,0.9468818768811689,53504,3.0280435546259152,8.78914290011412,6.942795214753141,1.7257946997192932,2.9618068985342756,2.603418268272367,53504,2.720846443358915,8.788038427360197,6.942057063241877,1.6341237243817777,2.961622536809472,2.6032802602665437
edge-blend-0.125,128.0,0.9999444985865293,24,432,True,173,5.0,0.9477023962257825,107008,3.0502551770739106,8.373776969689276,9.859095639338703,1.7309148799463487,2.797223778478345,3.112872314271423,107008,2.7460022386931153,8.372818012676294,9.85801718077399,1.6403921793880172,2.797067226863844,3.1127007152006274
edge-blend-0.125,200.0,0.9999700108225635,8,256,False,173,1.0,0.9817064161720434,53504,11.838104830007294,13.838987630310424,14.743587430907022,3.439543161973231,3.7199466851645475,3.8390168514657494,53504,11.409423322472406,13.838261517738376,14.742599576158531,3.3766215908097985,3.7198490542404157,3.8388882272058944
edge-blend-0.125,200.0,0.9999650767811157,8,432,False,173,1.0,0.9816120938839762,107008,11.780092589090668,13.866381222223152,14.760194600581983,3.4308928392117934,3.7216234513475244,3.827740704636201,107008,11.351499626290213,13.865475117135672,14.75910161860262,3.3678059037902286,3.7215021972277893,3.82759855230161
edge-blend-0.125,200.0,0.9999659387863905,8,256,False,173,5.0,0.981706635082739,53504,11.831357932849345,1.3126869857303967,1.793818826811906,3.4375520960910757,1.1448996307305686,1.3389973054506132,53504,11.403253708863925,1.3125887786959733,1.7937051058119133,3.3746677011751864,1.1448567919380983,1.338954982745152
edge-blend-0.125,200.0,0.9999648278496276,8,432,False,173,5.0,0.981614054009647,107008,11.774827286580596,1.3617299626779682,2.0673973271390507,3.4290566727115834,1.163595451467217,1.388773608536821,107008,11.346845622688962,1.3616268062658183,2.067263643217593,3.3660102219292485,1.163551840502874,1.3887270118685966
edge-blend-0.125,200.0,0.9999700020846798,8,256,True,173,1.0,0.9817064282177271,53504,11.838111770933144,13.838987816627245,14.743587904832587,3.439544286796475,3.7199467092584984,3.8390169152216536,53504,11.409430246318577,13.83826167495945,14.74259958504678,3.3766227364876573,3.719849074049347,3.838888230070048
edge-blend-0.125,200.0,0.9999650748707966,8,432,True,173,1.0,0.9816121060597182,107008,11.7800994209832,13.866381131592593,14.760195158730204,3.4308939579444737,3.721623442261718,3.8277407719327057,107008,11.351506440801808,13.865475180798658,14.75910190659541,3.367807043725437,3.721502210071674,3.8275985840497873
edge-blend-0.125,200.0,0.9999659169414452,8,256,True,173,5.0,0.9817066235402065,53504,11.83136469316817,1.3126871218520952,1.7938189991715965,3.4375532408771616,1.1448996852027162,1.338997371875651,53504,11.403259904034261,1.3125888692903889,1.7937051839338334,3.3746687853412127,1.1448568276706113,1.3389550145543798
edge-blend-0.125,200.0,0.9999648287516973,8,432,True,173,5.0,0.9816140487853338,107008,11.774834002415979,1.361730000961789,2.0673974871059335,3.429057818062854,1.1635954757483529,1.3887736553996821,107008,11.3468519120063,1.361626869193149,2.0672638073467087,3.3660113283076805,1.1635518727461598,1.3887270541901584
edge-blend-0.125,200.0,0.9999694233501603,24,256,False,173,1.0,0.9823455076604796,53504,11.840734542271749,18.99927177140604,17.089362492285268,3.440278329911835,4.347337046434145,4.112611742590428,53504,11.426686502260354,18.99803270417237,17.08838059499712,3.3795419624905882,4.34719722271125,4.112493283036232
edge-blend-0.125,200.0,0.9999659774166287,24,432,False,173,1.0,0.9822498082168899,107008,11.785034408812555,19.42490286653863,20.782289367977953,3.432001828920243,4.323198559082664,4.53913898931142,107008,11.370860192622853,19.42361504503617,20.780823051767527,3.371083138256924,4.323057569617899,4.538978749198944
edge-blend-0.125,200.0,0.9999690478790102,24,256,False,173,5.0,0.9823428776388535,53504,11.832931781258118,8.841380215238498,6.980517577824922,3.4384797813257117,2.9695056096552586,2.608090563396452,53504,11.41931489763876,8.840818737479143,6.980095735841153,3.3777661230905154,2.9694120300974713,2.6080117355336907
edge-blend-0.125,200.0,0.9999661115526922,24,432,False,173,5.0,0.982253536644845,107008,11.781063229110114,8.442254227658863,9.882531885876725,3.4306331133945673,2.8021660950617466,3.118601152947931,107008,11.367397769110966,8.44170537501205,9.881831148589185,3.3697515085627296,2.802076881788806,3.118490303812822
edge-blend-0.125,200.0,0.9999694195943201,24,256,True,173,1.0,0.9823455087930872,53504,11.840741751055422,18.999271130836615,17.08936274648523,3.440279467445324,4.347336977312822,4.112611774418622,53504,11.426693454546502,18.998031639025605,17.088380981524306,3.379543083837988,4.347197106840088,4.112493331577346
edge-blend-0.125,200.0,0.9999659766551805,24,432,True,173,1.0,0.9822498203398057,107008,11.785040819372632,19.424902118704473,20.782290286026278,3.4320028654341996,4.323198494877888,4.539139088108922,107008,11.370866623331255,19.423614065689065,20.78082413388769,3.371084197978441,4.323057478484267,4.5389788670516
edge-blend-0.125,200.0,0.9999690419017403,24,256,True,173,5.0,0.9823428981157926,53504,11.832938374825442,8.841380205995222,6.980518138360271,3.438480862785634,2.969505612957887,2.608090674485255,53504,11.419321694900722,8.840818573546368,6.980096243383136,3.3777672558645304,2.9694120077512807,2.608011840023509
edge-blend-0.125,200.0,0.9999661010068722,24,432,True,173,5.0,0.9822535518053881,107008,11.781069509359344,8.442254194511685,9.8825329301596,3.430634166752892,2.802166118737218,3.118601318985031,107008,11.36740412948805,8.441705174128874,9.881831998536423,3.369752595237946,2.802076877571377,3.1184904354656093
edge-blend-0.125,30.0,1.0000000461035896,8,256,False,619,1.0,0.9999948628761387,53504,1.3737130648888836,13.558785239074691,13.584080143142701,0.82705317320391,3.6438782486130292,3.6829739536292183,53504,1.3737027182062151,13.55878686027664,13.58408113461309,0.8270489245293194,3.643878449667229,3.682974090720128
edge-blend-0.125,30.0,1.0000000588460631,8,432,False,619,1.0,0.9999954941130524,107008,1.3815722990342885,13.499090700256465,13.453335250365134,0.8259842326309179,3.653392650602146,3.667005433984128,107008,1.3815649089105917,13.499093034841007,13.453335875157483,0.8259805108393452,3.6533929954085615,3.6670055204362333
edge-blend-0.125,30.0,1.000000104534958,8,256,False,619,5.0,0.9999950956486007,53504,1.6470784090452153,1.7199100607813584,1.5926180162048582,0.8319279298114897,1.0793838951481698,1.2320681964790599,53504,1.6470677474107662,1.7199107759986587,1.5926180074554217,0.831923849744583,1.0793841407828844,1.2320682089293165
edge-blend-0.125,30.0,1.0000000057215286,8,432,False,619,5.0,0.9999955347367012,107008,1.6619130225569954,1.5797059685178394,1.5568591543109793,0.8345643581716794,1.0842237531936778,1.2273906620397883,107008,1.6619053780382118,1.5797061033640964,1.556859011924089,0.8345606316220804,1.084223824607887,1.2273906114579467
edge-blend-0.125,30.0,1.000000046235376,8,256,True,619,1.0,0.9999948637378582,53504,1.3737121591985608,13.558782601229957,13.584077313241755,0.8270530623990879,3.643877885943794,3.682973567845911,53504,1.373701817199367,13.55878421915865,13.584078314159147,0.8270488144377542,3.6438780866664335,3.6829737062253076
edge-blend-0.125,30.0,1.0000000589873312,8,432,True,619,1.0,0.9999954943842648,107008,1.3815714155682042,13.49908805520176,13.453332445226906,0.8259841406785516,3.6533922861753094,3.667005050643799,107008,1.381564028976968,13.499090390779944,13.453333075901075,0.8259804191114104,3.6533926312219447,3.6670051378887556
edge-blend-0.125,30.0,1.0000001050616325,8,256,True,619,5.0,0.9999950959138988,53504,1.6470773479952445,1.7199097685411533,1.5926176118146307,0.8319278152961888,1.07938376925235,1.2320680249233544,53504,1.6470666881892442,1.719910487193128,1.5926176025848062,0.8319237354505525,1.0793840160461334,1.2320680375050805
edge-blend-0.125,30.0,1.0000000060586354,8,432,True,619,5.0,0.9999955340816202,107008,1.6619120017681803,1.579705666153447,1.556858752789962,0.8345642733203017,1.084223613987875,1.2273904936702422,107008,1.6619043564603124,1.5797058041232528,1.5568586095224521,0.8345605462243744,1.0842236865382568,1.2273904428213798
edge-blend-0.125,30.0,1.0000000234465813,24,256,False,619,1.0,0.9999952244915823,53504,1.2648645302935535,22.585142124101,18.969809923609667,0.8277425202487776,4.696485521948467,4.325911517034013,53504,1.2648552773796216,22.585142422270813,18.969811463563058,0.8277385673574045,4.696485565210005,4.325911691043893
edge-blend-0.125,30.0,1.0000000101779123,24,432,False,619,1.0,0.9999958451797752,107008,1.2702388793393962,22.63284257785849,19.991802959511087,0.8256084721767253,4.7524202883306454,4.427724867217571,107008,1.2702322276534084,22.632844193037453,19.9918025885238,0.8256050419219474,4.752420451072198,4.427724789523575
edge-blend-0.125,30.0,1.0000000385010872,24,256,False,619,5.0,0.9999958440986298,53504,1.525605732221576,12.497816466482394,8.572596486178504,0.8568727990391604,3.4219751185933855,2.836878580901236,53504,1.5255964730230358,12.497816638711067,8.572597724193624,0.8568692379603208,3.4219751720504,2.8368787845645036
edge-blend-0.125,30.0,1.0000000375218796,24,432,False,619,5.0,0.9999962933033738,107008,1.534335360374892,11.524373108972105,9.016118722598343,0.8478726502133684,3.39472483557692,2.899664482914642,107008,1.5343288550394705,11.524374519673236,9.01611899836985,0.8478695074066764,3.394725044321447,2.899664496455442
edge-blend-0.125,30.0,1.000000023604889,24,256,True,619,1.0,0.9999952248149231,53504,1.2648638080347832,22.585137870376663,18.96980607366015,0.8277424367994084,4.6964850733898835,4.325911076246745,53504,1.2648545575841292,22.58513817769085,18.969807615696634,0.8277384841760766,4.69648511773768,4.325911250569295
edge-blend-0.125,30.0,1.0000000102301883,24,432,True,619,1.0,0.9999958440380157,107008,1.2702381181835756,22.632837969741228,19.991798957406708,0.8256083670170531,4.752419806576269,4.427724420963969,107008,1.2702314659637048,22.632839584793714,19.99179859179254,0.8256049358200658,4.752419969285944,4.427724343802297
edge-blend-0.125,30.0,1.000000038485911,24,256,True,619,5.0,0.9999958446589101,53504,1.5256049391445061,12.497813723281023,8.572594615656108,0.8568727411061808,3.4219747293198535,2.8368782637883596,53504,1.5255956813530291,12.497813896674392,8.572595853457802,0.8568691805076709,3.4219747828539373,2.8368784672529346
edge-blend-0.125,30.0,1.0000000377168876,24,432,True,619,5.0,0.9999962942365407,107008,1.5343344636375633,11.524370350130178,9.016116696056919,0.8478725602733705,3.3947244290059406,2.8996641459225745,107008,1.5343279613454546,11.524371762368185,9.016116978988014,0.8478694182582185,3.394724637978683,2.8996641605366453
edge-blend-0.125,128.0,0.999946849081473,8,256,False,619,1.0,0.946727679754447,53504,3.072756249504591,14.003155834373993,14.074600626805566,1.7374680473128232,3.716420420656642,3.750862143988928,53504,2.7604257604772138,14.001661390170419,14.073125122853758,1.644909093079959,3.716220174832548,3.750665471956862
edge-blend-0.125,128.0,0.9999427146097315,8,432,False,619,1.0,0.9467575038918788,107008,3.050041976625717,13.961435804240065,13.942053266577105,1.7299693337480315,3.725092837981526,3.733880571724697,107008,2.7407312581177306,13.959868443883643,13.940442294458993,1.637861448228783,3.7248813310836493,3.733664792858744
edge-blend-0.125,128.0,0.9999547074682316,8,256,False,619,5.0,0.9467296774878725,53504,3.09025234310229,1.4655228392161541,1.5907539230418142,1.735316756881882,1.1070629028464005,1.2568732148391788,53504,2.778857418341007,1.4653810989086538,1.5906274530918845,1.642875873582085,1.1070057190335125,1.2568224905935719
edge-blend-0.125,128.0,0.9999510445457481,8,432,False,619,5.0,0.9468021826638183,107008,3.0703335403855703,1.3650723977671497,1.5657970951156672,1.7284536396018957,1.1064588424946176,1.250026503716672,107008,2.761993780982628,1.364931364051656,1.5656563296584374,1.6365036786082956,1.1063990789615392,1.2499702616679662
edge-blend-0.125,128.0,0.9999468517877071,8,256,True,619,1.0,0.9467277056959247,53504,3.072763060246217,14.003159321946974,14.074604436699753,1.73746869298839,3.7164208707319384,3.7508626506295535,53504,2.7604325190799,14.001665009939089,14.073128960376478,1.6449097494313953,3.716220640495747,3.7506659832179245
edge-blend-0.125,128.0,0.9999427143071844,8,432,True,619,1.0,0.9467575257645696,107008,3.050048988028796,13.961439199089497,13.942057254275056,1.7299699968312865,3.7250932831091306,3.733881105368465,107008,2.7407381908553266,13.959871865477531,13.940446246294314,1.6378621138469291,3.724881778507945,3.7336653219012192
edge-blend-0.125,128.0,0.9999547189487415,8,256,True,619,5.0,0.9467296801439428,53504,3.090260042280252,1.465523459073488,1.590754602531014,1.735317382667028,1.107063105528236,1.2568734836219981,53504,2.7788649319439007,1.4653818463114834,1.5906280833887763,1.6428764706405794,1.1070059728237098,1.2568227399640113
edge-blend-0.125,128.0,0.9999510616250651,8,432,True,619,5.0,0.9468021931707379,107008,3.0703414574602585,1.3650730036029806,1.5657977303178492,1.7284542884753962,1.1064590620008152,1.2500267550391067,107008,2.7620015595708254,1.364932037008523,1.5656570019388218,1.6365043111238724,1.1063993245945691,1.2499705279192599
edge-blend-0.125,128.0,0.9999428957237351,24,256,False,619,1.0,0.9474275202998951,53504,3.0658153590282033,23.240478222503135,19.56791283467376,1.7383235915013961,4.767353639701607,4.395326168915615,53504,2.7571206160059463,23.237879331111895,19.565638427354802,1.6469356097749754,4.767081532427029,4.395075037071905
edge-blend-0.125,128.0,0.9999452506979845,24,432,False,619,1.0,0.9474425231425392,107008,3.0428606886072735,23.31694661562743,20.616498245074105,1.7308430634124654,4.822652068829282,4.498643576558916,107008,2.737043388363491,23.314484328602042,20.614138549546702,1.639874319163268,4.822398820254354,4.498385713666305
edge-blend-0.125,128.0,0.9999440106213292,24,256,False,619,5.0,0.9476126937605709,53504,3.088683321177059,12.871789584960467,8.836357361298427,1.7393151871397776,3.51004085333845,2.9049235841847914,53504,2.7808283078236586,12.870499203765988,8.835234093854591,1.648197149784196,3.5098585696022733,2.9047437313991122
edge-blend-0.125,128.0,0.9999462748782857,24,432,False,619,5.0,0.947563991749119,107008,3.063952063538322,12.055083780058796,9.259829336759578,1.730806342950481,3.4685505908052328,2.9652235069757045,107008,2.7589986585213824,12.053901055588183,9.258720584420145,1.6400497672708523,3.468381383526197,2.965044149265492
edge-blend-0.125,128.0,0.9999428986425508,24,256,True,619,1.0,0.9474275355976284,53504,3.065821722775798,23.240483325449237,19.567917918458672,1.7383242300327202,4.7673541474727195,4.395326734729022,53504,2.7571268924609016,23.237884179187816,19.565643871734594,1.646936241329545,4.767082024139755,4.395075648161117
edge-blend-0.125,128.0,0.9999452496039017,24,432,True,619,1.0,0.9474425470929537,107008,3.0428671649033694,23.31695140454108,20.616503773780583,1.7308436950052506,4.8226525693178734,4.498644174568792,107008,2.7370498173477626,23.31448894497584,20.61414414823768,1.6398749590155541,4.8223993014534345,4.498386321714989
edge-blend-0.125,128.0,0.999944009144016,24,256,True,619,5.0,0.9476126822422871,53504,3.0886906367293023,12.87179359175924,8.836360415233463,1.73931585965975,3.5100413881384895,2.9049240796809386,53504,2.7808353599035414,12.870503318756677,8.835237001218694,1.6481977670387251,3.5098591110260533,2.9047442082709147
edge-blend-0.125,128.0,0.9999462745871472,24,432,True,619,5.0,0.947563977787201,107008,3.063959529045217,12.05508716476141,9.259832685460276,1.7308070042657095,3.468551082453603,2.965224043737779,107008,2.7590058417472734,12.053904526777812,9.258723856524883,1.6400503697439648,3.4683818878533565,2.9650446690929706
edge-blend-0.125,200.0,0.9999661255166177,8,256,False,619,1.0,0.9811544366793433,53504,11.806581867091689,14.039369881755945,14.116177442119445,3.4341685530722112,3.722957640689104,3.7565836900480654,53504,11.366549925884595,14.038346579491732,14.115307166197839,3.369449712151481,3.7228199160715163,3.756467945095679
edge-blend-0.125,200.0,0.9999635377885666,8,432,False,619,1.0,0.9810903309922487,107008,11.749367621407012,13.999951760882505,13.983787027138575,3.425511033948337,3.7314083753375282,3.739488128561616,107008,11.310176509425593,13.99893394956632,13.982774330578621,3.360735754113974,3.731271381864996,3.7393527145991405
edge-blend-0.125,200.0,0.9999694052996309,8,256,False,619,5.0,0.9811532450907721,53504,11.800851437940066,1.4319868344316304,1.5910534827330831,3.4320992997322652,1.109643242825276,1.2589311358315152,53504,11.361403434735198,1.4318968155892118,1.590965827373629,3.3674153654060786,1.109604804695389,1.2588965758130704
edge-blend-0.125,200.0,0.9999690673570523,8,432,False,619,5.0,0.9810923021534771,107008,11.74571187844069,1.3385929458921382,1.5678270280957902,3.423658997564151,1.1080815814250602,1.2517594203741704,107008,11.307141573778566,1.3385084603824093,1.5677351400374917,3.3589254877086785,1.1080449356755018,1.2517227979866548
edge-blend-0.125,200.0,0.9999661249442741,8,256,True,619,1.0,0.9811544694646087,53504,11.806588311717556,14.039370249605595,14.116178086162876,3.434169638884749,3.7229576790918357,3.756583774361678,53504,11.366556850450419,14.038346815614986,14.115307897181411,3.3694508900914326,3.7228199378722304,3.756468041596533
edge-blend-0.125,200.0,0.9999635383729794,8,432,True,619,1.0,0.9810903552127747,107008,11.74937415920336,13.999952137279752,13.983787624566935,3.42551214612883,3.73140841908251,3.7394882083723764,107008,11.310183309471721,13.99893428231916,13.982775011245696,3.3607369282312076,3.731271418812715,3.739352805549337
edge-blend-0.125,200.0,0.9999694247432354,8,256,True,619,5.0,0.9811532600692228,53504,11.800857868032322,1.431987161646014,1.5910536111531366,3.432100422813874,1.1096433567433783,1.2589311842096926,53504,11.361409901396629,1.4318971672008465,1.5909660623123252,3.36741651872879,1.1096049193134656,1.258896667064991
edge-blend-0.125,200.0,0.999969078244484,8,432,True,619,5.0,0.9810923089053255,107008,11.745718524419523,1.3385931791003347,1.5678271911456514,3.423660166818102,1.1080816561554676,1.2517594840211341,107008,11.307148054384593,1.3385087238781412,1.5677353395951694,3.3589266579707635,1.1080450214104867,1.251722876196047
edge-blend-0.125,200.0,0.9999688207742543,24,256,False,619,1.0,0.9817564121752849,53504,11.809788579351885,23.30172596270771,19.61952682641741,3.4350997882144694,4.774033204921817,4.40131341255767,53504,11.383416956750322,23.300422235694995,19.618177937661784,3.3724312435415182,4.773896317634993,4.40116320650222
edge-blend-0.125,200.0,0.9999663776427353,24,432,False,619,1.0,0.9816885403535788,107008,11.752893749512815,23.381636638664045,20.67099892818178,3.4265304760848756,4.8292004775685715,4.504833869349578,107008,11.327173572696598,23.380134902407203,20.66953445702561,3.3637857015448147,4.829046119084467,4.504673818783206
edge-blend-0.125,200.0,0.9999692226665242,24,256,False,619,5.0,0.9817663075567928,53504,11.810475339970871,12.897629283266657,8.852537961242717,3.4342731970646474,3.518615747337661,2.910986602744366,53504,11.384606514399884,12.896956714916803,8.851907235915457,3.3716537158234208,3.518518763889573,2.910883339279114
edge-blend-0.125,200.0,0.999967410301744,24,432,False,619,5.0,0.9816949905074609,107008,11.751735460745653,12.107372295068243,9.272237813703718,3.4252960450542735,3.4748133800395866,2.970922356208328,107008,11.326560987331385,12.106640520828693,9.271574199898199,3.3625959684347984,3.474709090463987,2.9708150625801544
edge-blend-0.125,200.0,0.9999688211024068,24,256,True,619,1.0,0.9817564391158744,53504,11.809795200310681,23.301726094135166,19.61952764499095,3.435100877562158,4.774033199370327,4.401313499358171,53504,11.383423908747982,23.300422490292696,19.618178671115032,3.3724324055592394,4.7738963282166695,4.401163278944582
edge-blend-0.125,200.0,0.9999663765014383,24,432,True,619,1.0,0.9816885494843519,107008,11.75290048085753,23.381636182948103,20.67100000425241,3.4265315959605434,4.829200437465428,4.504833984084175,107008,11.327180218066532,23.3801344799221,20.669535413276066,3.363786832200807,4.829046081243205,4.504673920041144
edge-blend-0.125,200.0,0.9999692214965572,24,256,True,619,5.0,0.9817663227579275,53504,11.810482255276025,12.897630090422613,8.852538980658753,3.4342743665647557,3.5186158274470287,2.9109867516001726,53504,11.384613491585927,12.896957191864626,8.851908419897336,3.371654916204091,3.518518805583061,2.9108835261810286
edge-blend-0.125,200.0,0.9999674137015808,24,432,True,619,5.0,0.9816949986225777,107008,11.751742083241437,12.10737272884487,9.272238829450659,3.4252971861607175,3.4748134496955982,2.9709225127719847,107008,11.326567500111498,12.106640826317939,9.271575472791188,3.362597116449965,3.474709141559241,2.970815264763575
edge-blend-0.25,30.0,1.0000000293317144,8,256,False,173,1.0,0.9999953316341965,53504,1.2690051055914024,13.26683638486105,14.154846750782772,0.7851058429324815,3.6392891270535093,3.7622927255382184,53504,1.2690006482118448,13.266835136199184,14.154849560407216,0.7851021777712123,3.6392889618452258,3.7622930989563335
edge-blend-0.25,30.0,1.0000000307377352,8,432,False,173,1.0,0.9999940191274127,107008,1.3101873673980484,13.28369373814547,14.221432630110167,0.8066480399199589,3.6446793639990642,3.7500592016898606,107008,1.3101807515050776,13.283694946945799,14.221432937841385,0.8066432154608094,3.6446795296704337,3.7500592648233977
edge-blend-0.25,30.0,1.0000000406943241,8,256,False,173,5.0,0.9999951877573212,53504,1.5494097020597208,1.3708386735739109,1.7234825325791823,0.7932291370683684,1.1189575859445289,1.3020146502759684,53504,1.5494052141868666,1.3708387264494286,1.7234826869804303,0.793225319857261,1.1189576270876773,1.3020147070351442
edge-blend-0.25,30.0,1.0000000477830282,8,432,False,173,5.0,0.9999941768793635,107008,1.5893449448994934,1.3453208481503036,2.1392441560563147,0.8164457463686687,1.1386604861113894,1.3518335921245908,107008,1.5893385633618782,1.3453210201353158,2.139244202230945,0.8164409921065945,1.1386605874567826,1.3518336171840861
edge-blend-0.25,30.0,1.0000000295532543,8,256,True,173,1.0,0.9999953324668024,53504,1.269004295175498,13.266833635418122,14.154843504774597,0.7851057391266538,3.639288747184276,3.762292294149287,53504,1.268999839828377,13.26683238665835,14.1548463267621,0.7851020746195528,3.6392885819455008,3.762292669210262
edge-blend-0.25,30.0,1.0000000309154315,8,432,True,173,1.0,0.9999940189182744,107008,1.3101865455871153,13.283690992448133,14.221429551549821,0.806647945214917,3.644678987368926,3.7500587934472134,107008,1.3101799301047867,13.283692199786726,14.221429871171384,0.8066431205876329,3.644679152840164,3.7500588580710517
edge-blend-0.25,30.0,1.0000000407600345,8,256,True,173,5.0,0.9999951875983348,53504,1.5494086990968636,1.370838403193874,1.7234820360543592,0.7932290324190553,1.1189574468439787,1.3020144550168389,53504,1.54940420942266,1.3708384561125444,1.72348219136671,0.7932252150823388,1.1189574877928585,1.3020145120917026
edge-blend-0.25,30.0,1.0000000472706712,8,432,True,173,5.0,0.9999941760174957,107008,1.5893439481976612,1.3453205598768334,2.139243596493959,0.8164456443875547,1.1386603493918828,1.351833395607788,107008,1.5893375630151692,1.3453207303923018,2.139243641450305,0.8164408894224061,1.1386604497600976,1.3518334203063282
edge-blend-0.25,30.0,0.9999998933418822,24,256,False,173,1.0,0.9999947962727306,53504,1.1579856621094318,18.287236704232743,16.46834855841348,0.7841861502085116,4.26670184006035,4.03870386007962,53504,1.157980456098114,18.2872321840387,16.46834523397503,0.7841820695176575,4.26670130572377,4.038703513051639
edge-blend-0.25,30.0,0.9999998563594561,24,432,False,173,1.0,0.9999935095650991,107008,1.2004287333944015,18.699221925617366,20.08835633346771,0.8067406293098116,4.246438371964685,4.461127600945428,107008,1.200421598426069,18.699220403061414,20.088347629201337,0.8067353932122752,4.246438139330905,4.461126600978309
edge-blend-0.25,30.0,0.9999999026010319,24,256,False,173,5.0,0.9999949799878689,53504,1.366069297203716,8.304453447333637,6.5799361172278505,0.7908567344511584,2.881646422996776,2.54789805867018,53504,1.3660643680760611,8.304451767565332,6.579934736143898,0.7908527643407576,2.881646132451126,2.5478978216774886
edge-blend-0.25,30.0,0.999999835970845,24,432,False,173,5.0,0.9999946108203768,107008,1.4457550435623918,7.791893610336386,9.541833597455074,0.8257354527387036,2.735237861689272,3.047205970101359,107008,1.445749142447212,7.791892176470494,9.541829705000874,0.8257310027020276,2.73523757569085,3.047205324263304
edge-blend-0.25,30.0,0.9999998932792139,24,256,True,173,1.0,0.9999947961339923,53504,1.1579849179351391,18.287232756226643,16.46834486553893,0.7841860495958527,4.2667013813155,4.038703409890171,53504,1.1579797109683796,18.287228232371376,16.468341540552956,0.7841819687967255,4.266700846574164,4.03870306275432
edge-blend-0.25,30.0,0.9999998564719706,24,432,True,173,1.0,0.9999935086182581,107008,1.2004279797411352,18.69921784296521,20.088352134614073,0.8067405324285155,4.246437915582028,4.461127131262437,107008,1.2004208426584544,18.69921632598332,20.0883434311762,0.8067352955677528,4.246437683800987,4.4611261314404835
edge-blend-0.25,30.0,0.9999999029065244,24,256,True,173,5.0,0.9999949798813943,53504,1.366068446526005,8.304451451377862,6.579934342982224,0.7908566401155425,2.881646076277677,2.547897719348973,53504,1.366063518782759,8.304449772246276,6.579932970059738,0.790852669921409,2.8816457858314375,2.5478974840179185
edge-blend-0.25,30.0,0.9999998362482884,24,432,True,173,5.0,0.9999946112474863,107008,1.4457541582758424,7.791891616582438,9.54183128288365,0.8257353533957923,2.735237518253687,3.0472055922128676,107008,1.445748258760841,7.791890184465628,9.54182739865262,0.825730903712331,2.735237232684438,3.0472049475162994
edge-blend-0.25,128.0,0.999895971227721,8,256,False,173,1.0,0.8957719033152192,53504,3.024677685061139,13.790899622635964,14.696582491084818,1.7269604525228142,3.713313295381692,3.8330607003059427,53504,2.4368077054801156,13.7884878983727,14.693056495985442,1.5469626515064734,3.712988959771799,3.8326019304646115
edge-blend-0.25,128.0,0.9998934889153699,8,432,False,173,1.0,0.8972691671482966,107008,3.0385330865801414,13.817170445938244,14.71871755802763,1.7301299371256333,3.715517678521175,3.8215259688221797,107008,2.456711933800445,13.814566686806314,14.715278651024112,1.5523922477430518,3.715167975651311,3.8210741696244557
edge-blend-0.25,128.0,0.999892730320824,8,256,False,173,5.0,0.8958141921835885,53504,3.0411930415469084,1.313744035380038,1.7843654563446099,1.725062716533185,1.1430179357320644,1.3357975763605046,53504,2.4551785780057327,1.3134809774835188,1.783964708980264,1.545335663877202,1.1429031521505626,1.3356475878191132
edge-blend-0.25,128.0,0.9998905556970581,8,432,False,173,5.0,0.8973562301888353,107008,3.0567287875574523,1.3523198558422052,2.078502286153477,1.7286437844076268,1.1619910438378986,1.385579696482449,107008,2.4767359637967585,1.3520504836252034,2.078032401463973,1.5512092697153896,1.1618759461639812,1.385417925586189
edge-blend-0.25,128.0,0.9998959799488057,8,256,True,173,1.0,0.8957719287097137,53504,3.0246839851282417,13.790902603668865,14.696586486619953,1.7269611061631114,3.713313696238299,3.833061222613005,53504,2.4368137720858343,13.788490975233042,14.693060891386413,1.546963280874391,3.7129893737151596,3.832602504802202
edge-blend-0.25,128.0,0.9998934922838507,8,432,True,173,1.0,0.8972691945980578,107008,3.0385395541465705,13.817173550017403,14.71872166873176,1.730130592601444,3.71551809685683,3.8215264970961673,107008,2.456718186274787,13.814569801856493,14.715282941800513,1.552392883372958,3.715168395473088,3.8210747213965726
edge-blend-0.25,128.0,0.9998927490894504,8,256,True,173,5.0,0.8958141911080747,53504,3.0412003755366945,1.3137445054317638,1.7843662289956326,1.7250633875275518,1.1430181363534822,1.3357978658268137,53504,2.4551855389589714,1.3134815056344458,1.7839655328857942,1.545336263108149,1.142903381082356,1.3356478964394187
edge-blend-0.25,128.0,0.9998905722354111,8,432,True,173,5.0,0.8973562184845202,107008,3.0567363516503097,1.3523203125265204,2.07850320100736,1.728644475598235,1.1619912420265663,1.385579982599414,107008,2.4767430828344588,1.3520510099541827,2.0780333491153966,1.5512098697269887,1.1618761732476313,1.3854182264531716
edge-blend-0.25,128.0,0.9998823506308021,24,256,False,173,1.0,0.8974683006449261,53504,3.0184092174699457,18.940737401514046,17.03963695733854,1.7277151602972196,4.340793342852374,4.1067695548785546,53504,2.4389495988007286,18.935785043050185,17.03606077294316,1.5505695889104218,4.340234181797086,4.106337626908403
edge-blend-0.25,128.0,0.9998900695408147,24,432,False,173,1.0,0.8989356429627027,107008,3.0333499360285345,19.364641901672677,20.725680111889226,1.7312951984188045,4.3169887616396565,4.532800546676504,107008,2.459561854221724,19.36013038964296,20.721348456405334,1.556322962348848,4.316490899550812,4.532324438217313
edge-blend-0.25,128.0,0.9998900232421691,24,256,False,173,5.0,0.8974743237301658,53504,3.0280370975590096,8.789140505678624,6.942792576190698,1.7257941047092573,2.9618064920918923,2.6034177682189137,53504,2.4501703107788204,8.787032009748689,6.941419322974142,1.5488558970214477,2.961454671378235,2.6031611349990347
edge-blend-0.25,128.0,0.9998957319954699,24,432,False,173,5.0,0.8991349641786521,107008,3.050248492761257,8.373774708875997,9.859091970944547,1.7309142722738584,2.797223367739337,3.1128717373543187,107008,2.478107248941238,8.37196784231544,9.857067328795818,1.5563255421972735,2.796928867497535,3.1125497158583095
edge-blend-0.25,128.0,0.9998823531497827,24,256,True,173,1.0,0.8974683094262318,53504,3.01841492478231,18.940741325210738,17.03964132952773,1.7277157704118156,4.340793799677747,4.10677008512724,53504,2.4389550182385706,18.935789153773726,17.036065191417226,1.5505701516405317,4.3402346587269856,4.106338157689068
edge-blend-0.25,128.0,0.9998900687584781,24,432,True,173,1.0,0.8989356463877165,107008,3.033355763900934,19.364645792467993,20.72568566937394,1.7312958058045869,4.316989223804135,4.532801151167823,107008,2.4595673757094456,19.360134140099476,20.72135410028864,1.5563235142792888,4.316491342492886,4.5323250541375435
edge-blend-0.25,128.0,0.9998900305219545,24,256,True,173,5.0,0.8974743468644213,53504,3.0280435546259152,8.78914290011412,6.942795214753141,1.7257946997192932,2.9618068985342756,2.603418268272367,53504,2.450176556324162,8.78703471586119,6.941421860133785,1.5488564709526527,2.9614551296158664,2.603161619502079
edge-blend-0.25,128.0,0.999895740092508,24,432,True,173,5.0,0.8991349628786782,107008,3.0502551770739106,8.373776969689276,9.859095639338703,1.7309148799463487,2.797223778478345,3.112872314271423,107008,2.4781136009333986,8.371970293598622,9.857071122403473,1.556326086326712,2.7969293102657855,3.1125503094528675
edge-blend-0.25,200.0,0.9999341609266484,8,256,False,173,1.0,0.9602903178624788,53504,11.838104830007294,13.838987630310424,14.743587430907022,3.439543161973231,3.7199466851645475,3.8390168514657494,53504,10.917680909716166,13.83742377951011,14.741387089126246,3.302959996312989,3.71973648622261,3.8387304517828813
edge-blend-0.25,200.0,0.9999243196826842,8,432,False,173,1.0,0.9601216061402817,107008,11.780092589090668,13.866381222223152,14.760194600581983,3.4308928392117934,3.7216234513475244,3.827740704636201,107008,10.86071052829781,13.86443910828986,14.757808455038356,3.2940743432792186,3.7213633756617934,3.827430040138977
edge-blend-0.25,200.0,0.9999252715380721,8,256,False,173,5.0,0.9602907356583885,53504,11.831357932849345,1.3126869857303967,1.793818826811906,3.4375520960910757,1.1448996307305686,1.3389973054506132,53504,10.912190947960081,1.3124731999368093,1.7935676812148684,3.3010494312193344,1.1448063375629216,1.3389038593069187
edge-blend-0.25,200.0,0.999922421153539,8,432,False,173,5.0,0.9601256690333712,107008,11.774827286580596,1.3617299626779682,2.0673973271390507,3.4290566727115834,1.163595451467217,1.388773608536821,107008,10.856762206082815,1.3615062690948172,2.0670990597823224,3.2923253320405546,1.1635008577798556,1.3886694913788573
edge-blend-0.25,200.0,0.9999341578283588,8,256,True,173,1.0,0.9602903404200585,53504,11.838111770933144,13.838987816627245,14.743587904832587,3.439544286796475,3.7199467092584984,3.8390169152216536,53504,10.917687733246812,13.837423945795704,14.741387408818655,3.3029611540576544,3.7197365075525397,3.8387304951491448
edge-blend-0.25,200.0,0.9999243220973326,8,432,True,173,1.0,0.9601216241781738,107008,11.7800994209832,13.866381131592593,14.760195158730204,3.4308939579444737,3.721623442261718,3.8277407719327057,107008,10.86071712512081,13.864439199224705,14.75780897088691,3.2940754792847313,3.721363391456641,3.827430101220348
edge-blend-0.25,200.0,0.9999252656574374,8,256,True,173,5.0,0.9602907435760301,53504,11.83136469316817,1.3126871218520952,1.7938189991715965,3.4375532408771616,1.1448996852027162,1.338997371875651,53504,10.912197259711126,1.3124733282267196,1.7935678217170683,3.3010505577641216,1.1448063897591212,1.338903914038645
edge-blend-0.25,200.0,0.9999224369918621,8,432,True,173,5.0,0.9601256821002645,107008,11.774834002415979,1.361730000961789,2.0673974871059335,3.429057818062854,1.1635954757483529,1.3887736553996821,107008,10.856768567946343,1.3615063586456428,2.0670993017370303,3.2923264765288427,1.1635009027624177,1.3886695583286812
edge-blend-0.25,200.0,0.9999309260804672,24,256,False,173,1.0,0.9616741092330571,53504,11.840734542271749,18.99927177140604,17.089362492285268,3.440278329911835,4.347337046434145,4.112611742590428,53504,10.95130055615396,18.99648481842804,17.087134185658687,3.308426598431753,4.347022215934805,4.1123430412417505
edge-blend-0.25,200.0,0.9999253771092417,24,432,False,173,1.0,0.9615049709362329,107008,11.785034408812555,19.42490286653863,20.782289367977953,3.432001828920243,4.323198559082664,4.53913898931142,107008,10.896246006233572,19.42208117847273,20.77907757827539,3.2998868187690564,4.322888920002672,4.538787912154551
edge-blend-0.25,200.0,0.9999312849146034,24,256,False,173,5.0,0.9616692708916699,53504,11.832931781258118,8.841380215238498,6.980517577824922,3.4384797813257117,2.9695056096552586,2.608090563396452,53504,10.944459806381927,8.840143154158685,6.979569651342343,3.3066803442832455,2.9692993388554068,2.607913876966535
edge-blend-0.25,200.0,0.9999258408385445,24,432,False,173,5.0,0.961513402687005,107008,11.781063229110114,8.442254227658863,9.882531885876725,3.4306331133945673,2.8021660950617466,3.118601152947931,107008,10.893382381220734,8.441066268481904,9.880988419592901,3.2985997182307245,2.8019728660229246,3.1183567819004048
edge-blend-0.25,200.0,0.99993092758113,24,256,True,173,1.0,0.961674124299665,53504,11.840741751055422,18.999271130836615,17.08936274648523,3.440279467445324,4.347336977312822,4.112611774418622,53504,10.951307495683059,18.996484145349125,17.087134580274746,3.3084277442016,4.347022143418808,4.112343089728654
edge-blend-0.25,200.0,0.9999253767568569,24,432,True,173,1.0,0.9615049946986455,107008,11.785040819372632,19.424902118704473,20.782290286026278,3.4320028654341996,4.323198494877888,4.539139088108922,107008,10.896252391193551,19.42208017969139,20.77907871807067,3.2998878969350462,4.322888828689174,4.538788033718432
edge-blend-0.25,200.0,0.9999312827160816,24,256,True,173,5.0,0.9616693193807428,53504,11.832938374825442,8.841380205995222,6.980518138360271,3.438480862785634,2.969505612957887,2.608090674485255,53504,10.944466914418285,8.84014310711685,6.979570168491474,3.30668155101877,2.9692993365235485,2.6079139812954724
edge-blend-0.25,200.0,0.999925834246455,24,432,True,173,5.0,0.9615134339993173,107008,11.781069509359344,8.442254194511685,9.8825329301596,3.430634166752892,2.802166118737218,3.118601318985031,107008,10.893388789707759,8.44106605275733,9.880989405257122,3.2986008384699597,2.801972862240273,3.118356935440388
edge-blend-0.25,30.0,1.0000001061866501,8,256,False,619,1.0,0.9999935449746261,53504,1.3737130648888836,13.558785239074691,13.584080143142701,0.82705317320391,3.6438782486130292,3.6829739536292183,53504,1.3736979173290202,13.55878890533283,13.584082357387398,0.8270478345546914,3.6438787256349268,3.682974255577547
edge-blend-0.25,30.0,1.000000125502927,8,432,False,619,1.0,0.9999944196033304,107008,1.3815722990342885,13.499090700256465,13.453335250365134,0.8259842326309179,3.653392650602146,3.667005433984128,107008,1.381561184252657,13.499095406896815,13.453336962438643,0.825979623311257,3.6533933349378844,3.6670056692180757
edge-blend-0.25,30.0,1.0000002070591154,8,256,False,619,5.0,0.9999937916040875,53504,1.6470784090452153,1.7199100607813584,1.5926180162048582,0.8319279298114897,1.0793838951481698,1.2320681964790599,53504,1.6470624586604383,1.719911126317008,1.5926183135027827,0.8319227648735308,1.0793842537978502,1.232068333185505
edge-blend-0.25,30.0,1.0000000545504952,8,432,False,619,5.0,0.9999944090707816,107008,1.6619130225569954,1.5797059685178394,1.5568591543109793,0.8345643581716794,1.0842237531936778,1.2273906620397883,107008,1.66190120214936,1.5797062601867424,1.5568591254591644,0.8345596921814247,1.0842238907278514,1.2273906597489006
edge-blend-0.25,30.0,1.0000001062541892,8,256,True,619,1.0,0.9999935452797303,53504,1.3737121591985608,13.558782601229957,13.584077313241755,0.8270530623990879,3.643877885943794,3.682973567845911,53504,1.3736970150205907,13.558786261383588,13.584079536607486,0.8270477240029219,3.6438783621997946,3.6829738710441617
edge-blend-0.25,30.0,1.000000125613675,8,432,True,619,1.0,0.9999944201077541,107008,1.3815714155682042,13.49908805520176,13.453332445226906,0.8259841406785516,3.6533922861753094,3.667005050643799,107008,1.3815603042214901,13.499092763492108,13.453334160933032,0.8259795317760498,3.6533929708212645,3.6670052863778038
edge-blend-0.25,30.0,1.000000207322059,8,256,True,619,5.0,0.9999937916774441,53504,1.6470773479952445,1.7199097685411533,1.5926176118146307,0.8319278152961888,1.07938376925235,1.2320680249233544,53504,1.6470613983713778,1.719910837502788,1.5926179082842193,0.8319226504199682,1.079384128743813,1.2320681614648836
edge-blend-0.25,30.0,1.000000054891117,8,432,True,619,5.0,0.9999944078064059,107008,1.6619120017681803,1.579705666153447,1.556858752789962,0.8345642733203017,1.084223613987875,1.2273904936702422,107008,1.6619001784989564,1.5797059613522921,1.5568587237685965,0.8345596062753186,1.0842237524678322,1.227390491288182
edge-blend-0.25,30.0,1.000000062094879,24,256,False,619,1.0,0.9999938422529411,53504,1.2648645302935535,22.585142124101,18.969809923609667,0.8277425202487776,4.696485521948467,4.325911517034013,53504,1.2648508221984138,22.58514374624622,18.96981333359263,0.827737423219708,4.696485698361244,4.325911910735634
edge-blend-0.25,30.0,1.0000000371171593,24,432,False,619,1.0,0.9999947639170478,107008,1.2702388793393962,22.63284257785849,19.991802959511087,0.8256084721767253,4.7524202883306454,4.427724867217571,107008,1.2702289251526881,22.632845490999554,19.991803694277962,0.8256041492222789,4.75242058630502,4.427724901068502
edge-blend-0.25,30.0,1.0000000773868116,24,256,False,619,5.0,0.9999946511554729,53504,1.525605732221576,12.497816466482394,8.572596486178504,0.8568727990391604,3.4219751185933855,2.836878580901236,53504,1.5255917501794398,12.497817345212328,8.572598664768677,0.8568682157597788,3.421975261969057,2.836878946924891
edge-blend-0.25,30.0,1.0000000753664218,24,432,False,619,5.0,0.999995364588871,107008,1.534335360374892,11.524373108972105,9.016118722598343,0.8478726502133684,3.39472483557692,2.899664482914642,107008,1.5343253806359065,11.524375532668039,9.016119586754765,0.8478687199750496,3.3947251937957548,2.899664581603653
edge-blend-0.25,30.0,1.0000000622298713,24,256,True,619,1.0,0.9999938427530924,53504,1.2648638080347832,22.585137870376663,18.96980607366015,0.8277424367994084,4.6964850733898835,4.325911076246745,53504,1.2648501032928698,22.585139505542426,18.969809480057666,0.8277373401848491,4.696485251323105,4.325911469569881
edge-blend-0.25,30.0,1.0000000372712405,24,432,True,619,1.0,0.9999947631892719,107008,1.2702381181835756,22.632837969741228,19.991798957406708,0.8256083670170531,4.752419806576269,4.427724420963969,107008,1.2702281654001655,22.632840889566314,19.991799699817708,0.8256040434622995,4.752420105214954,4.427724455570024
edge-blend-0.25,30.0,1.0000000772211417,24,256,True,619,5.0,0.9999946529572742,53504,1.5256049391445061,12.497813723281023,8.572594615656108,0.8568727411061808,3.4219747293198535,2.8368782637883596,53504,1.5255909616638494,12.497814595743318,8.572596792586847,0.8568681593710236,3.4219748719267855,2.8368786295854145
edge-blend-0.25,30.0,1.0000000753781106,24,432,True,619,5.0,0.9999953659619985,107008,1.5343344636375633,11.524370350130178,9.016116696056919,0.8478725602733705,3.3947244290059406,2.8996641459225745,107008,1.5343244881281777,11.524372768638209,9.016117566070836,0.8478686311997058,3.394724786465727,2.899664245580514
edge-blend-0.25,128.0,0.999900242332451,8,256,False,619,1.0,0.8971833402137422,53504,3.072756249504591,14.003155834373993,14.074600626805566,1.7374680473128232,3.716420420656642,3.750862143988928,53504,2.4852940151533667,14.000354061358632,14.07183050828936,1.558827386202767,3.7160446733853534,3.7504929265966642
edge-blend-0.25,128.0,0.9998924570956277,8,432,False,619,1.0,0.8972678194024069,107008,3.050041976625717,13.961435804240065,13.942053266577105,1.7299693337480315,3.725092837981526,3.733880571724697,107008,2.4684066125461244,13.958504746305065,13.939019579523087,1.5522458117251308,3.7246970413303044,3.7334742200275453
edge-blend-0.25,128.0,0.9999160768110547,8,256,False,619,5.0,0.8971869988572138,53504,3.09025234310229,1.4655228392161541,1.5907539230418142,1.735316756881882,1.1070629028464005,1.2568732148391788,53504,2.504547394355475,1.4652616607375792,1.5905191108128274,1.556903633173489,1.1069572202585458,1.2567789856443348
edge-blend-0.25,128.0,0.999908447628887,8,432,False,619,5.0,0.8973558567965063,107008,3.0703335403855703,1.3650723977671497,1.5657970951156672,1.7284536396018957,1.1064588424946176,1.250026503716672,107008,2.4905219708384583,1.364809259311985,1.5655336981066954,1.5510379966979988,1.1063471258409314,1.2499212819788452
edge-blend-0.25,128.0,0.999900240173,8,256,True,619,1.0,0.897183371065245,53504,3.072763060246217,14.003159321946974,14.074604436699753,1.73746869298839,3.7164208707319384,3.7508626506295535,53504,2.4853006302903666,14.000357493727757,14.071834220756086,1.558828019095649,3.7160451195276085,3.75049342098759
edge-blend-0.25,128.0,0.9998924556322693,8,432,True,619,1.0,0.8972678286064726,107008,3.050048988028796,13.961439199089497,13.942057254275056,1.7299699968312865,3.7250932831091306,3.733881105368465,107008,2.4684133027777926,13.958508122951873,13.939023493366378,1.5522464226111548,3.724697485182021,3.7334747439368297
edge-blend-0.25,128.0,0.999916094192054,8,256,True,619,5.0,0.8971870172098662,53504,3.090260042280252,1.465523459073488,1.590754602531014,1.735317382667028,1.107063105528236,1.2568734836219981,53504,2.5045548556586086,1.4652623737589299,1.590519768047453,1.5569042264674628,1.1069574718508997,1.2567792501031583
edge-blend-0.25,128.0,0.9999084640960715,8,432,True,619,5.0,0.8973558729173394,107008,3.0703414574602585,1.3650730036029806,1.5657977303178492,1.7284542884753962,1.1064590620008152,1.2500267550391067,107008,2.490529630176962,1.3648099088813712,1.5655343740465189,1.551038606832558,1.1063473678080347,1.2499215500913474
edge-blend-0.25,128.0,0.9998916881642488,24,256,False,619,1.0,0.8986373125816314,53504,3.0658153590282033,23.240478222503135,19.56791283467376,1.7383235915013961,4.767353639701607,4.395326168915615,53504,2.485548990266412,23.235545042283647,19.563595409396573,1.5621224406640641,4.7668374619714875,4.394849904477862
edge-blend-0.25,128.0,0.9998970355236995,24,432,False,619,1.0,0.8986898322289559,107008,3.0428606886072735,23.31694661562743,20.616498245074105,1.7308430634124654,4.822652068829282,4.498643576558916,107008,2.4681346149858228,23.31234139962409,20.612033034953406,1.5554910622728007,4.822178397774208,4.498155836487233
edge-blend-0.25,128.0,0.999894165633397,24,256,False,619,5.0,0.8990063549738901,53504,3.088683321177059,12.871789584960467,8.836357361298427,1.7393151871397776,3.51004085333845,2.9049235841847914,53504,2.5100064814951506,12.869365839733428,8.83421348529689,1.5636554065412611,3.509698598111809,2.904580826998582
edge-blend-0.25,128.0,0.9998992250682488,24,432,False,619,5.0,0.8989310873485611,107008,3.063952063538322,12.055083780058796,9.259829336759578,1.730806342950481,3.4685505908052328,2.9652235069757045,107008,2.4908539693635694,12.052887942024872,9.257725001988467,1.5558756278582624,3.468236457951117,2.964883265553946
edge-blend-0.25,128.0,0.999891687438266,24,256,True,619,1.0,0.8986373330206657,53504,3.065821722775798,23.240483325449237,19.567917918458672,1.7383242300327202,4.7673541474727195,4.395326734729022,53504,2.485555122640372,23.235549940079526,19.56360056451481,1.562123050001806,4.766837953738567,4.394850480584083
edge-blend-0.25,128.0,0.9998970325372893,24,432,True,619,1.0,0.8986898456147454,107008,3.0428671649033694,23.31695140454108,20.616503773780583,1.7308436950052506,4.8226525693178734,4.498644174568792,107008,2.4681408392651316,23.312346117413192,20.61203836942965,1.5554916530475242,4.822178889523634,4.498156414875005
edge-blend-0.25,128.0,0.999894156615024,24,256,True,619,5.0,0.8990063476828843,53504,3.0886906367293023,12.87179359175924,8.836360415233463,1.73931585965975,3.5100413881384895,2.9049240796809386,53504,2.510013390592224,12.869369735405305,8.834216214015647,1.563655998459628,3.50969912008685,2.9045812734241205
edge-blend-0.25,128.0,0.9998992234272421,24,432,True,619,5.0,0.8989310907133291,107008,3.063959529045217,12.05508716476141,9.259832685460276,1.7308070042657095,3.468551082453603,2.965224043737779,107008,2.4908611019689526,12.052891362048964,9.257728253664231,1.5558762281588439,3.4682369534305106,2.9648837861999815
edge-blend-0.25,200.0,0.9999259518242183,8,256,False,619,1.0,0.9592306963228556,53504,11.806581867091689,14.039369881755945,14.116177442119445,3.4341685530722112,3.722957640689104,3.7565836900480654,53504,10.865244384412975,14.037140620660917,14.114265464966303,3.2941598924535107,3.7226578514006103,3.756329416968215
edge-blend-0.25,200.0,0.9999213590402601,8,432,False,619,1.0,0.9590625257043309,107008,11.749367621407012,13.999951760882505,13.983787027138575,3.425511033948337,3.7314083753375282,3.739488128561616,107008,10.809166551605152,13.99775230313928,13.98160683958888,3.285279264046546,3.731112384384927,3.7391965955328814
edge-blend-0.25,200.0,0.9999342125493789,8,256,False,619,5.0,0.9592281367152339,53504,11.800851437940066,1.4319868344316304,1.5910534827330831,3.4320992997322652,1.109643242825276,1.2589311358315152,53504,10.860781298922646,1.431790840587833,1.5908666934515499,3.2921662163038397,1.109559996900545,1.2588573442903441
edge-blend-0.25,200.0,0.9999337717255323,8,432,False,619,5.0,0.959066796952772,107008,11.74571187844069,1.3385929458921382,1.5678270280957902,3.423658997564151,1.1080815814250602,1.2517594203741704,107008,10.806844919556632,1.3384087666119844,1.567633020990054,3.2835176686523884,1.108001899719918,1.251682091265987
edge-blend-0.25,200.0,0.999925957425846,8,256,True,619,1.0,0.9592307517680915,53504,11.806588311717556,14.039370249605595,14.116178086162876,3.434169638884749,3.7229576790918357,3.756583774361678,53504,10.865251473568163,14.037141008244124,14.114266399525308,3.294161124406573,3.7226578919975273,3.756329540808627
edge-blend-0.25,200.0,0.9999213599835621,8,432,True,619,1.0,0.9590625644813079,107008,11.74937415920336,13.999952137279752,13.983787624566935,3.42551214612883,3.73140841908251,3.7394882083723764,107008,10.809173327455452,13.997752670170648,13.981607507882218,3.285280463528184,3.7311124256488415,3.739196684849314
edge-blend-0.25,200.0,0.9999342146859919,8,256,True,619,5.0,0.9592281640330723,53504,11.800857868032322,1.431987161646014,1.5910536111531366,3.432100422813874,1.1096433567433783,1.2589311842096926,53504,10.860787698985595,1.4317912509234578,1.5908667673442225,3.2921673873528836,1.1095601414117886,1.2588573704739867
edge-blend-0.25,200.0,0.9999337772286208,8,432,True,619,5.0,0.9590668164039964,107008,11.745718524419523,1.3385931791003347,1.5678271911456514,3.423660166818102,1.1080816561554676,1.2517594840211341,107008,10.806851333940733,1.3384090845312637,1.567633135175455,3.2835188566394122,1.108002010080479,1.251682135650708
edge-blend-0.25,200.0,0.9999318095584757,24,256,False,619,1.0,0.9605282212406175,53504,11.809788579351885,23.30172596270771,19.61952682641741,3.4350997882144694,4.774033204921817,4.40131341255767,53504,10.89723048378386,23.29887008630519,19.616567485515745,3.2995102893576664,4.773733920468139,4.400984802194689
edge-blend-0.25,200.0,0.9999279568549984,24,432,False,619,1.0,0.9603525914342296,107008,11.752893749512815,23.381636638664045,20.67099892818178,3.4265304760848756,4.8292004775685715,4.504833869349578,107008,10.841086976224743,23.378438730761985,20.667837154705264,3.2906774223364748,4.828871773489212,4.504488737188671
edge-blend-0.25,200.0,0.9999323754390574,24,256,False,619,5.0,0.9605495470538615,53504,11.810475339970871,12.897629283266657,8.852537961242717,3.4342731970646474,3.518615747337661,2.910986602744366,53504,10.899000728967096,12.896156123790533,8.851134259793385,3.298789563899664,3.5184043108361394,2.9107577066541137
edge-blend-0.25,200.0,0.9999296398453899,24,432,False,619,5.0,0.9603663271951839,107008,11.751735460745653,12.107372295068243,9.272237813703718,3.4252960450542735,3.4748133800395866,2.970922356208328,107008,10.841093960401214,12.10580573730693,9.27079088426116,3.2895389823449617,3.474590059120647,2.9706885638188254
edge-blend-0.25,200.0,0.9999318118489534,24,256,True,619,1.0,0.9605282630080395,53504,11.809795200310681,23.301726094135166,19.61952764499095,3.435100877562158,4.774033199370327,4.401313499358171,53504,10.897237446878668,23.29887034261855,19.616568362498057,3.2995114791821716,4.773733931495623,4.400984892949187
edge-blend-0.25,200.0,0.999927957469056,24,432,True,619,1.0,0.9603526241547803,107008,11.75290048085753,23.381636182948103,20.67100000425241,3.4265315959605434,4.829200437465428,4.504833984084175,107008,10.841093818912936,23.378438340619734,20.667838222371827,3.290678609929975,4.828871739736635,4.504488851056087
edge-blend-0.25,200.0,0.9999323741087744,24,256,True,619,5.0,0.9605495689884557,53504,11.810482255276025,12.897630090422613,8.852538980658753,3.4342743665647557,3.5186158274470287,2.9109867516001726,53504,10.899007501444805,12.89615678780803,8.851135344251357,3.2987907625918775,3.518404370105068,2.9107578711549396
edge-blend-0.25,200.0,0.9999296404849578,24,432,True,619,5.0,0.9603663496347099,107008,11.751742083241437,12.10737272884487,9.272238829450659,3.4252971861607175,3.4748134496955982,2.9709225127719847,107008,10.841100448421283,12.10580604281787,9.270792027237402,3.2895401550872116,3.47459011160003,2.9706887449562025
edge-blend-0.5,30.0,1.000000063177428,8,256,False,173,1.0,0.9999952801093137,53504,1.2690051055914024,13.26683638486105,14.154846750782772,0.7851058429324815,3.6392891270535093,3.7622927255382184,53504,1.2689999201902782,13.266835380895623,14.154851163042736,0.7851021373187257,3.639288996465592,3.762293311952606
edge-blend-0.5,30.0,1.0000000745585698,8,432,False,173,1.0,0.9999935921062725,107008,1.3101873673980484,13.28369373814547,14.221432630110167,0.8066480399199589,3.6446793639990642,3.7500592016898606,107008,1.3101791485622563,13.283695841397527,14.221434431508609,0.8066428710050436,3.6446796523381413,3.7500594651583046
edge-blend-0.5,30.0,1.0000000560638256,8,256,False,173,5.0,0.9999949537517993,53504,1.5494097020597208,1.3708386735739109,1.7234825325791823,0.7932291370683684,1.1189575859445289,1.3020146502759684,53504,1.5494041645830459,1.3708387483338849,1.7234827564922537,0.7932251342372627,1.1189576381698398,1.3020147323022855
edge-blend-0.5,30.0,1.0000000786612007,8,432,False,173,5.0,0.9999935984775759,107008,1.5893449448994934,1.3453208481503036,2.1392441560563147,0.8164457463686687,1.1386604861113894,1.3518335921245908,107008,1.5893365893226983,1.3453210980119363,2.1392443314552585,0.8164405198729152,1.138660626155466,1.3518336559453683
edge-blend-0.5,30.0,1.0000000634081196,8,256,True,173,1.0,0.9999952811831156,53504,1.269004295175498,13.266833635418122,14.154843504774597,0.7851057391266538,3.639288747184276,3.762292294149287,53504,1.2689991119419934,13.266832633383698,14.154847927863104,0.785102034356436,3.6392886168455982,3.7622928820025723
edge-blend-0.5,30.0,1.0000000747710365,8,432,True,173,1.0,0.9999935920958679,107008,1.3101865455871153,13.283690992448133,14.221429551549821,0.806647945214917,3.644678987368926,3.7500587934472134,107008,1.310178327548979,13.28369309781635,14.221431363228834,0.8066427762922157,3.6446792759986866,3.7500590581824595
edge-blend-0.5,30.0,1.0000000560671032,8,256,True,173,5.0,0.9999949538595432,53504,1.5494086990968636,1.370838403193874,1.7234820360543592,0.7932290324190553,1.1189574468439787,1.3020144550168389,53504,1.5494031606631102,1.3708384782630745,1.7234822602123399,0.7932250296739433,1.11895749900279,1.302014537107708
edge-blend-0.5,30.0,1.0000000781873983,8,432,True,173,5.0,0.999993598185441,107008,1.5893439481976612,1.3453205598768334,2.139243596493959,0.8164456443875547,1.1386603493918828,1.351833395607788,107008,1.5893355905157183,1.3453208083926176,2.1392437705579077,0.8164404176539418,1.13866048859858,1.3518334590389445
edge-blend-0.5,30.0,0.9999999106212237,24,256,False,173,1.0,0.99999473758585,53504,1.1579856621094318,18.287236704232743,16.46834855841348,0.7841861502085116,4.26670184006035,4.03870386007962,53504,1.157979910769155,18.287232403009973,16.468346136249416,0.7841820234962185,4.266701329538356,4.038703635566645
edge-blend-0.5,30.0,0.9999998783376702,24,432,False,173,1.0,0.999993007453288,107008,1.2004287333944015,18.699221925617366,20.08835633346771,0.8067406293098116,4.246438371964685,4.461127600945428,107008,1.2004199749078868,18.699221702432688,20.088348201515277,0.8067349881382767,4.246438271398977,4.46112666215127
edge-blend-0.5,30.0,0.99999991318729,24,256,False,173,5.0,0.9999947400014351,53504,1.366069297203716,8.304453447333637,6.5799361172278505,0.7908567344511584,2.881646422996776,2.54789805867018,53504,1.3660635351181403,8.30445202162923,6.579934760344247,0.7908525745458702,2.881646176827455,2.5478978329628297
edge-blend-0.5,30.0,0.9999998516443748,24,432,False,173,5.0,0.9999941071805293,107008,1.4457550435623918,7.791893610336386,9.541833597455074,0.8257354527387036,2.735237861689272,3.047205970101359,107008,1.4457473281506399,7.791892713293549,9.541829788668258,0.8257305868287501,2.7352376594997874,3.0472053352768462
edge-blend-0.5,30.0,0.9999999106024031,24,256,True,173,1.0,0.9999947382726915,53504,1.1579849179351391,18.287232756226643,16.46834486553893,0.7841860495958527,4.2667013813155,4.038703409890171,53504,1.15797916711623,18.287228451859562,16.46834244584131,0.7841819234227005,4.266700870406243,4.03870318562556
edge-blend-0.5,30.0,0.9999998784466632,24,432,True,173,1.0,0.9999930073033836,107008,1.2004279797411352,18.69921784296521,20.088352134614073,0.8067405324285155,4.246437915582028,4.461127131262437,107008,1.2004192203105166,18.699217623065564,20.08834400583493,0.806734891136724,4.246437815547252,4.461126192889798
edge-blend-0.5,30.0,0.9999999135713754,24,256,True,173,5.0,0.9999947391673263,53504,1.366068446526005,8.304451451377862,6.579934342982224,0.7908566401155425,2.881646076277677,2.547897719348973,53504,1.3660626842479306,8.304450027401261,6.579932995365377,0.79085247955109,2.881645830396278,2.5478974955464366
edge-blend-0.5,30.0,0.999999851826554,24,432,True,173,5.0,0.9999941067624349,107008,1.4457541582758424,7.791891616582438,9.54183128288365,0.8257353533957923,2.735237518253687,3.0472055922128676,107008,1.4457464424299313,7.79189071913285,9.54182748085327,0.8257304871411889,2.735237316159449,3.0472049583053877
edge-blend-0.5,128.0,0.9998234200133436,8,256,False,173,1.0,0.8133633490155804,53504,3.024677685061139,13.790899622635964,14.696582491084818,1.7269604525228142,3.713313295381692,3.8330607003059427,53504,2.0177852996208148,13.786918027016517,14.690483876449107,1.4046463372814184,3.7127779313576617,3.832267281325838
edge-blend-0.5,128.0,0.9998176339355491,8,432,False,173,1.0,0.8163391960242685,107008,3.0385330865801414,13.817170445938244,14.71871755802763,1.7301299371256333,3.715517678521175,3.8215259688221797,107008,2.0427832132398533,13.812846259780732,14.712696644666737,1.4123728818906578,3.714936831131296,3.8207349963038526
edge-blend-0.5,128.0,0.9998165867121407,8,256,False,173,5.0,0.813440969633972,53504,3.0411930415469084,1.313744035380038,1.7843654563446099,1.725062716533185,1.1430179357320644,1.3357975763605046,53504,2.0374698462594445,1.31330200434681,1.7836725517094991,1.403236688816168,1.1428250677710345,1.3355382176182076
edge-blend-0.5,128.0,0.9998118227828282,8,432,False,173,5.0,0.8165048976427726,107008,3.0567287875574523,1.3523198558422052,2.078502286153477,1.7286437844076268,1.1619910438378986,1.385579696482449,107008,2.0641252055647916,1.3518700411305626,2.077676162343099,1.4114461162485643,1.1617989234950143,1.3852967043183235
edge-blend-0.5,128.0,0.999823432350306,8,256,True,173,1.0,0.8133633686681678,53504,3.0246839851282417,13.790902603668865,14.696586486619953,1.7269611061631114,3.713313696238299,3.833061222613005,53504,2.017791064798621,13.786921291472677,14.690488290071611,1.4046469028677337,3.712778370446713,3.832267858105997
edge-blend-0.5,128.0,0.9998176415509566,8,432,True,173,1.0,0.8163392160354859,107008,3.0385395541465705,13.817173550017403,14.71872166873176,1.730130592601444,3.71551809685683,3.8215264970961673,107008,2.0427891585881452,13.812849575941325,14.712700970698501,1.4123734516032735,3.714937278494311,3.8207355528003175
edge-blend-0.5,128.0,0.9998165826826559,8,256,True,173,5.0,0.8134409841079985,53504,3.0412003755366945,1.3137445054317638,1.7843662289956326,1.7250633875275518,1.1430181363534822,1.3357978658268137,53504,2.037476616377107,1.3133025129675384,1.7836732544002247,1.4032372595990894,1.142825288064783,1.335538480843087
edge-blend-0.5,128.0,0.9998118308844033,8,432,True,173,5.0,0.8165049173879989,107008,3.0567363516503097,1.3523203125265204,2.07850320100736,1.728644475598235,1.1619912420265663,1.385579982599414,107008,2.0641322026182127,1.3518705685544854,2.0776770591667137,1.4114467147415577,1.1617991523256013,1.3852969837732183
edge-blend-0.5,128.0,0.9997969116202706,24,256,False,173,1.0,0.8169657486298916,53504,3.0184092174699457,18.940737401514046,17.03963695733854,1.7277151602972196,4.340793342852374,4.1067695548785546,53504,2.027908020766858,18.932074485875475,17.033572251141788,1.4114841093514312,4.339815890217413,4.106036867445086
edge-blend-0.5,128.0,0.999813176189306,24,432,False,173,1.0,0.8198704139313099,107008,3.0333499360285345,19.364641901672677,20.725680111889226,1.7312951984188045,4.3169887616396565,4.532800546676504,107008,2.053320607347454,19.35700619260343,20.718283977893044,1.4194377109649146,4.316146450001504,4.531987802425505
edge-blend-0.5,128.0,0.9998110125413163,24,256,False,173,5.0,0.8169810476014998,53504,3.0280370975590096,8.789140505678624,6.942792576190698,1.7257941047092573,2.9618064920918923,2.6034177682189137,53504,2.040281864901513,8.78542965352334,6.940518766411135,1.4099410756098616,2.961187611543264,2.602993030385614
edge-blend-0.5,128.0,0.9998225774057208,24,432,False,173,5.0,0.82024204485745,107008,3.050248492761257,8.373774708875997,9.859091970944547,1.7309142722738584,2.797223367739337,3.1128717373543187,107008,2.0730349555644914,8.370685279124352,9.855648796362383,1.4197686621628547,2.796721129985186,3.1123247876474247
edge-blend-0.5,128.0,0.9997969157185519,24,256,True,173,1.0,0.8169657271789593,53504,3.01841492478231,18.940741325210738,17.03964132952773,1.7277157704118156,4.340793799677747,4.10677008512724,53504,2.027913037246919,18.93207842066787,17.033576915017502,1.4114845707330448,4.33981634795606,4.106037432153697
edge-blend-0.5,128.0,0.9998131717861928,24,432,True,173,1.0,0.8198704102735919,107008,3.033355763900934,19.364645792467993,20.72568566937394,1.7312958058045869,4.316989223804135,4.532801151167823,107008,2.053325860828178,19.357009900760275,20.71828939517284,1.4194382026099555,4.316146886849384,4.5319883927702875
edge-blend-0.5,128.0,0.9998110146264971,24,256,True,173,5.0,0.81698105993016,53504,3.0280435546259152,8.78914290011412,6.942795214753141,1.7257946997192932,2.9618068985342756,2.603418268272367,53504,2.0402878137128626,8.785432237105695,6.940521255694948,1.4099415829985205,2.9611880509158945,2.602993505246114
edge-blend-0.5,128.0,0.9998225750454325,24,432,True,173,5.0,0.8202420447365677,107008,3.0502551770739106,8.373776969689276,9.859095639338703,1.7309148799463487,2.797223778478345,3.112872314271423,107008,2.073041099376875,8.370687710384631,9.855652209206355,1.4197691603921436,2.7967215703558157,3.1123253244896074
edge-blend-0.5,200.0,0.9998518685530956,8,256,False,173,1.0,0.9092283753273602,53504,11.838104830007294,13.838987630310424,14.743587430907022,3.439543161973231,3.7199466851645475,3.8390168514657494,53504,9.789056629687547,13.835584525767523,14.738517365449088,3.1273302410292523,3.7194895078372396,3.8383572176212333
edge-blend-0.5,200.0,0.9998331015805271,8,432,False,173,1.0,0.9091636545729052,107008,11.780092589090668,13.866381222223152,14.760194600581983,3.4308928392117934,3.7216234513475244,3.827740704636201,107008,9.740414391983338,13.862175602149764,14.754866650413398,3.119243072145805,3.7210597157217116,3.8270460537204114
edge-blend-0.5,200.0,0.9998316763937729,8,256,False,173,5.0,0.9092284741415985,53504,11.831357932849345,1.3126869857303967,1.793818826811906,3.4375520960910757,1.1448996307305686,1.3389973054506132,53504,9.78512667104897,1.3122157961319683,1.7932430334653033,3.125520247111142,1.144693951424957,1.338783006686754
edge-blend-0.5,200.0,0.9998255097808088,8,432,False,173,5.0,0.909171691513803,107008,11.774827286580596,1.3617299626779682,2.0673973271390507,3.4290566727115834,1.163595451467217,1.388773608536821,107008,9.738051995352269,1.361243263438364,2.0667089186443386,3.117601255425883,1.1633896811809907,1.3885335720439402
edge-blend-0.5,200.0,0.9998518576702963,8,256,True,173,1.0,0.9092284430422457,53504,11.838111770933144,13.838987816627245,14.743587904832587,3.439544286796475,3.7199467092584984,3.8390169152216536,53504,9.789063617875403,13.83558454796188,14.738517377869444,3.1273314966588104,3.7194895096823983,3.838357221915962
edge-blend-0.5,200.0,0.9998330981690069,8,432,True,173,1.0,0.9091637166100166,107008,11.7800994209832,13.866381131592593,14.760195158730204,3.4308939579444737,3.721623442261718,3.8277407719327057,107008,9.740421136634787,13.862175501744284,14.754867038762935,3.1192443020996476,3.7210597060955752,3.8270460961304478
edge-blend-0.5,200.0,0.9998316761485021,8,256,True,173,5.0,0.9092285169385506,53504,11.83136469316817,1.3126871218520952,1.7938189991715965,3.4375532408771616,1.1448996852027162,1.338997371875651,53504,9.78513292530743,1.3122159649756842,1.7932431715007116,3.1255214351000498,1.1446940206018,1.3387830599513382
edge-blend-0.5,200.0,0.9998255235274155,8,432,True,173,5.0,0.9091717471718739,107008,11.774834002415979,1.361730000961789,2.0673974871059335,3.429057818062854,1.1635954757483529,1.3887736553996821,107008,9.738058451980857,1.3612433490129634,2.0667091292331286,3.117602487601579,1.163389727373325,1.3885336330294646
edge-blend-0.5,200.0,0.9998377621775313,24,256,False,173,1.0,0.9123783923940744,53504,11.840734542271749,18.99927177140604,17.089362492285268,3.440278329911835,4.347337046434145,4.112611742590428,53504,9.858494309687114,18.992667594139434,17.084178693129516,3.138835612033131,4.3465916922265695,4.111986858647115
edge-blend-0.5,200.0,0.9998340853008291,24,432,False,173,1.0,0.9123218675159533,107008,11.785034408812555,19.42490286653863,20.782289367977953,3.432001828920243,4.323198559082664,4.53913898931142,107008,9.811522287904799,19.418552896330223,20.775236734858158,3.1310903178786837,4.322500416791572,4.538367649999461
edge-blend-0.5,200.0,0.9998422949880403,24,256,False,173,5.0,0.9123702546933201,53504,11.832931781258118,8.841380215238498,6.980517577824922,3.4384797813257117,2.9695056096552586,2.608090563396452,53504,9.852934586285194,8.83849320532681,6.978379165682006,3.137166673845971,2.969024930252336,2.6076933425112667
edge-blend-0.5,200.0,0.9998364713976983,24,432,False,173,5.0,0.9123416227572508,107008,11.781063229110114,8.442254227658863,9.882531885876725,3.4306331133945673,2.8021660950617466,3.118601152947931,107008,9.81002397839532,8.439602170775926,9.879152899496953,3.1299093817591594,2.801736309416797,3.118065610165471
edge-blend-0.5,200.0,0.9998377652711449,24,256,True,173,1.0,0.9123784388786321,53504,11.840741751055422,18.999271130836615,17.08936274648523,3.440279467445324,4.347336977312822,4.112611774418622,53504,9.858501147200835,18.992666938284735,17.084179130277015,3.1388368098139767,4.346591624792238,4.1119869156368845
edge-blend-0.5,200.0,0.9998340822673428,24,432,True,173,1.0,0.91232191278119,107008,11.785040819372632,19.424902118704473,20.782290286026278,3.4320028654341996,4.323198494877888,4.539139088108922,107008,9.811528404332766,19.418551824353585,20.77523770249642,3.131091418863454,4.322500322766405,4.538367750933373
edge-blend-0.5,200.0,0.9998422969811562,24,256,True,173,5.0,0.9123702920514116,53504,11.832938374825442,8.841380205995222,6.980518138360271,3.438480862785634,2.969505612957887,2.608090674485255,53504,9.852940677717699,8.838493272922243,6.978379722834245,3.1371677889929184,2.9690249458848466,2.6076934514799124
edge-blend-0.5,200.0,0.9998364707284922,24,432,True,173,5.0,0.9123416575156503,107008,11.781069509359344,8.442254194511685,9.8825329301596,3.430634166752892,2.802166118737218,3.118601318985031,107008,9.810029712592682,8.43960198716778,9.879154059624783,3.129910462025155,2.801736311521782,3.1180657917832626
edge-blend-0.5,30.0,1.000000193493048,8,256,False,619,1.0,0.9999929962177131,53504,1.3737130648888836,13.558785239074691,13.584080143142701,0.82705317320391,3.6438782486130292,3.6829739536292183,53504,1.3736942097810165,13.558792062586228,13.58408383684649,0.8270473807035452,3.6438791659094503,3.6829744562806392
edge-blend-0.5,30.0,1.0000002023896917,8,432,False,619,1.0,0.9999939567908127,107008,1.3815722990342885,13.499090700256465,13.453335250365134,0.8259842326309179,3.653392650602146,3.667005433984128,107008,1.3815581555453562,13.499098297184652,13.453338097986082,0.8259792410354148,3.6533937429608976,3.6670058245086863
edge-blend-0.5,30.0,1.0000003289324582,8,256,False,619,5.0,0.9999931887947908,53504,1.6470784090452153,1.7199100607813584,1.5926180162048582,0.8319279298114897,1.0793838951481698,1.2320681964790599,53504,1.6470581966280287,1.7199114143147038,1.5926187408799537,0.8319222633796405,1.079384359538793,1.2320685059507999
edge-blend-0.5,30.0,1.0000001244163406,8,432,False,619,5.0,0.9999938873441103,107008,1.6619130225569954,1.5797059685178394,1.5568591543109793,0.8345643581716794,1.0842237531936778,1.2273906620397883,107008,1.6618977046164898,1.5797064326885328,1.5568593475945989,0.8345592567669401,1.0842239621442107,1.2273907493299225
edge-blend-0.5,30.0,1.0000001936044025,8,256,True,619,1.0,0.9999929971032869,53504,1.3737121591985608,13.558782601229957,13.584077313241755,0.8270530623990879,3.643877885943794,3.682973567845911,53504,1.3736933088596426,13.558789420264088,13.584081016298995,0.8270472706319157,3.6438788027327402,3.682974071810846
edge-blend-0.5,30.0,1.0000002024887495,8,432,True,619,1.0,0.9999939574739668,107008,1.3815714155682042,13.49908805520176,13.453332445226906,0.8259841406785516,3.6533922861753094,3.667005050643799,107008,1.3815572759112582,13.499095652794322,13.453335296534162,0.8259791496478786,3.6533933787449695,3.6670054416818796
edge-blend-0.5,30.0,1.0000003290723372,8,256,True,619,5.0,0.9999931884921455,53504,1.6470773479952445,1.7199097685411533,1.5926176118146307,0.8319278152961888,1.07938376925235,1.2320680249233544,53504,1.647057136825991,1.7199111246028538,1.5926183359116397,0.8319221486133405,1.0793842340472006,1.2320683343454788
edge-blend-0.5,30.0,1.0000001245736896,8,432,True,619,5.0,0.9999938854291379,107008,1.6619120017681803,1.579705666153447,1.556858752789962,0.8345642733203017,1.084223613987875,1.2273904936702422,107008,1.6618966803745252,1.5797061331663633,1.5568589454444017,0.8345591703179135,1.0842238236139656,1.2273905807074115
edge-blend-0.5,30.0,1.00000010286537,24,256,False,619,1.0,0.9999932732230777,53504,1.2648645302935535,22.585142124101,18.969809923609667,0.8277425202487776,4.696485521948467,4.325911517034013,53504,1.2648474292581697,22.585145541298964,18.969814824994096,0.8277369522094948,4.696485881282851,4.325912096394558
edge-blend-0.5,30.0,1.0000000720408935,24,432,False,619,1.0,0.9999942523603768,107008,1.2702388793393962,22.63284257785849,19.991802959511087,0.8256084721767253,4.7524202883306454,4.427724867217571,107008,1.2702261868250195,22.632847179532,19.9918049265843,0.8256037268767573,4.752420761671237,4.427725045618352
edge-blend-0.5,30.0,1.000000119474522,24,256,False,619,5.0,0.9999942521354843,53504,1.525605732221576,12.497816466482394,8.572596486178504,0.8568727990391604,3.4219751185933855,2.836878580901236,53504,1.5255881312648845,12.49781833203093,8.572599394918678,0.8568678738504043,3.421975389059725,2.836879086747299
edge-blend-0.5,30.0,1.0000001164188983,24,432,False,619,5.0,0.999994987181162,107008,1.534335360374892,11.524373108972105,9.016118722598343,0.8478726502133684,3.39472483557692,2.899664482914642,107008,1.5343224537869111,11.524376596776678,9.016120159060051,0.8478683999813752,3.394725350676989,2.8996646801316
edge-blend-0.5,30.0,1.0000001029783356,24,256,True,619,1.0,0.9999932740464536,53504,1.2648638080347832,22.585137870376663,18.96980607366015,0.8277424367994084,4.6964850733898835,4.325911076246745,53504,1.264846710760888,22.585141297265398,18.96981097308474,0.82773686944223,4.696485433906861,4.325911655387965
edge-blend-0.5,30.0,1.0000000721937203,24,432,True,619,1.0,0.9999942518607218,107008,1.2702381181835756,22.632837969741228,19.991798957406708,0.8256083670170531,4.752419806576269,4.427724420963969,107008,1.270225427597123,22.63284257774691,19.99180093251444,0.8256036213051702,4.7524202805442775,4.427724600147487
edge-blend-0.5,30.0,1.0000001193835175,24,256,True,619,5.0,0.9999942534332923,53504,1.5256049391445061,12.497813723281023,8.572594615656108,0.8568727411061808,3.4219747293198535,2.8368782637883596,53504,1.52558734174317,12.497815583310668,8.572597524846621,0.8568678170298141,3.421974999141414,2.8368787697782794
edge-blend-0.5,30.0,1.0000001164578405,24,432,True,619,5.0,0.999994988146735,107008,1.5343344636375633,11.524370350130178,9.016116696056919,0.8478725602733705,3.3947244290059406,2.8996641459225745,107008,1.534321560557246,11.524373834516815,9.016118136871228,0.8478683108605111,3.3947249436067466,2.899664343991628
edge-blend-0.5,128.0,0.9998304112570977,8,256,False,619,1.0,0.816364689280797,53504,3.072756249504591,14.003155834373993,14.074600626805566,1.7374680473128232,3.716420420656642,3.750862143988928,53504,2.068207375429926,13.998386171993069,14.069910920940119,1.418407562579846,3.7157790525953285,3.750237042984698
edge-blend-0.5,128.0,0.9998170593127538,8,432,False,619,1.0,0.8165057728669244,107008,3.050041976625717,13.961435804240065,13.942053266577105,1.7299693337480315,3.725092837981526,3.733880571724697,107008,2.055406277640316,13.95647558740654,13.93687579689606,1.4125299478880147,3.7244218530672666,3.733187031567082
edge-blend-0.5,128.0,0.9998616981183832,8,256,False,619,5.0,0.8163695600799262,53504,3.09025234310229,1.4655228392161541,1.5907539230418142,1.735316756881882,1.1070629028464005,1.2568732148391788,53504,2.0886940760575823,1.465097556466849,1.5903659297825674,1.4166597774149863,1.1068894825233797,1.2567172770789545
edge-blend-0.5,128.0,0.9998458448584606,8,432,False,619,5.0,0.816668352822336,107008,3.0703335403855703,1.3650723977671497,1.5657970951156672,1.7284536396018957,1.1064588424946176,1.250026503716672,107008,2.078804642733469,1.3646307907200925,1.5653539064034554,1.4115733867834517,1.1062705124069276,1.2498495290482738
edge-blend-0.5,128.0,0.9998304135672291,8,256,True,619,1.0,0.816364708203593,53504,3.072763060246217,14.003159321946974,14.074604436699753,1.73746869298839,3.7164208707319384,3.7508626506295535,53504,2.0682136278658487,13.998389789459617,14.069914730558342,1.418408122564345,3.71577952004336,3.750237549422035
edge-blend-0.5,128.0,0.999817052827943,8,432,True,619,1.0,0.8165057985459847,107008,3.050048988028796,13.961439199089497,13.942057254275056,1.7299699968312865,3.7250932831091306,3.733881105368465,107008,2.055412774097703,13.956478881826524,13.936879529707639,1.4125305337233243,3.724422283707851,3.7331875311719163
edge-blend-0.5,128.0,0.9998617151873499,8,256,True,619,5.0,0.8163695805694359,53504,3.090260042280252,1.465523459073488,1.590754602531014,1.735317382667028,1.107063105528236,1.2568734836219981,53504,2.088701258526799,1.465098294623386,1.5903665968053933,1.4166603238427329,1.1068897359543972,1.2567175391976695
edge-blend-0.5,128.0,0.9998458553303268,8,432,True,619,5.0,0.816668372158572,107008,3.0703414574602585,1.3650730036029806,1.5657977303178492,1.7284542884753962,1.1064590620008152,1.2500267550391067,107008,2.078812037430072,1.3646314327422873,1.5653545576815497,1.4115739501197047,1.106270751928975,1.2498497859312443
edge-blend-0.5,128.0,0.999810772480192,24,256,False,619,1.0,0.8195038302154083,53504,3.0658153590282033,23.240478222503135,19.56791283467376,1.7383235915013961,4.767353639701607,4.395326168915615,53504,2.07560434286974,23.231855249711035,19.560340906325322,1.4245628413891989,4.766453018759844,4.39449283226423
edge-blend-0.5,128.0,0.9998238383474873,24,432,False,619,1.0,0.8195693050358327,107008,3.0428606886072735,23.31694661562743,20.616498245074105,1.7308430634124654,4.822652068829282,4.498643576558916,107008,2.061972062202705,23.309152732816088,20.60876353630805,1.418545846607046,4.821850301741702,4.4977998455807775
edge-blend-0.5,128.0,0.9998165562763276,24,256,False,619,5.0,0.82020529639452,53504,3.088683321177059,12.871789584960467,8.836357361298427,1.7393151871397776,3.51004085333845,2.9049235841847914,53504,2.101237259795022,12.86765030402644,8.832554651597926,1.4265955285914713,3.50945736117437,2.9043177074858204
edge-blend-0.5,128.0,0.9998283268780171,24,432,False,619,5.0,0.820023722864663,107008,3.063952063538322,12.055083780058796,9.259829336759578,1.730806342950481,3.4685505908052328,2.9652235069757045,107008,2.0858592864904257,12.051421636426168,9.256156500627144,1.419302260904026,3.468026680032084,2.964630765135322
edge-blend-0.5,128.0,0.9998107750831005,24,256,True,619,1.0,0.8195038483873429,53504,3.065821722775798,23.240483325449237,19.567917918458672,1.7383242300327202,4.7673541474727195,4.395326734729022,53504,2.0756101903230535,23.231860505538265,19.5603460037892,1.424563396256779,4.766453543646187,4.3944934042024295
edge-blend-0.5,128.0,0.9998238372233899,24,432,True,619,1.0,0.8195693005521958,107008,3.0428671649033694,23.31695140454108,20.616503773780583,1.7308436950052506,4.8226525693178734,4.498644174568792,107008,2.0619779371494995,23.30915752105123,20.60876896073352,1.4185463564806313,4.821850801661977,4.497800433132923
edge-blend-0.5,128.0,0.9998165519518656,24,256,True,619,5.0,0.8202052920837778,53504,3.0886906367293023,12.87179359175924,8.836360415233463,1.73931585965975,3.5100413881384895,2.9049240796809386,53504,2.1012438889860676,12.867654287477984,8.832557594614814,1.4265960726981723,3.5094578876819997,2.9043181818900994
edge-blend-0.5,128.0,0.9998283264060134,24,432,True,619,5.0,0.8200237242754831,107008,3.063959529045217,12.05508716476141,9.259832685460276,1.7308070042657095,3.468551082453603,2.965224043737779,107008,2.0858661418416387,12.051425071926877,9.256159781031045,1.4193028056400592,3.4680271783547387,2.9646312905874614
edge-blend-0.5,200.0,0.9998352837554622,8,256,False,619,1.0,0.9076240441839641,53504,11.806581867091689,14.039369881755945,14.116177442119445,3.4341685530722112,3.722957640689104,3.7565836900480654,53504,9.729971991268375,14.034453736494635,14.111876479949194,3.116933950548793,3.72229727576141,3.7560116305293936
edge-blend-0.5,200.0,0.9998260798707311,8,432,False,619,1.0,0.9071451511407521,107008,11.749367621407012,13.999951760882505,13.983787027138575,3.425511033948337,3.7314083753375282,3.739488128561616,107008,9.673324381897958,13.995095763998306,13.978958982933296,3.107435724625378,3.7307546599735026,3.738842494374381
edge-blend-0.5,200.0,0.9998578047374064,8,256,False,619,5.0,0.9076179595130548,53504,11.800851437940066,1.4319868344316304,1.5910534827330831,3.4320992997322652,1.109643242825276,1.2589311358315152,53504,9.727058344222652,1.4315507939896472,1.590660760335575,3.1150349632691827,1.1094590606808439,1.2587753872945902
edge-blend-0.5,200.0,0.9998552799905467,8,432,False,619,5.0,0.9071553288582535,107008,11.74571187844069,1.3385929458921382,1.5678270280957902,3.423658997564151,1.1080815814250602,1.2517594203741704,107008,9.672614797627798,1.3381803939324124,1.5674118469806515,3.1057905038338256,1.1079035716709245,1.251593888023928
edge-blend-0.5,200.0,0.9998352936211992,8,256,True,619,1.0,0.9076241153569045,53504,11.806588311717556,14.039370249605595,14.116178086162876,3.434169638884749,3.7229576790918357,3.756583774361678,53504,9.729978585125929,14.034454266554619,14.111877539414124,3.1169351804783103,3.7222973326379685,3.756011769975779
edge-blend-0.5,200.0,0.99982608196106,8,432,True,619,1.0,0.9071452125121706,107008,11.74937415920336,13.999952137279752,13.983787624566935,3.42551214612883,3.73140841908251,3.7394882083723764,107008,9.67333081069861,13.995096192257282,13.978959653059832,3.107436943763059,3.7307547095690263,3.738842583925496
edge-blend-0.5,200.0,0.9998578045087101,8,256,True,619,5.0,0.9076180268671431,53504,11.800857868032322,1.431987161646014,1.5910536111531366,3.432100422813874,1.1096433567433783,1.2589311842096926,53504,9.727064790397987,1.4315511071894218,1.5906609243799066,3.1150362137642156,1.109459159398418,1.2587754485389613
edge-blend-0.5,200.0,0.9998552750092867,8,432,True,619,5.0,0.9071553853005776,107008,11.745718524419523,1.3385931791003347,1.5678271911456514,3.423660166818102,1.1080816561554676,1.2517594840211341,107008,9.672621151669473,1.3381806273087284,1.5674119956280546,3.105791757768115,1.1079036405781002,1.2515939456857623
edge-blend-0.5,200.0,0.9998450043945802,24,256,False,619,1.0,0.9106146475871605,53504,11.809788579351885,23.30172596270771,19.61952682641741,3.4350997882144694,4.774033204921817,4.40131341255767,53504,9.795982273551841,23.29509586366468,19.612861002558517,3.128052183071649,4.773342823922208,4.400577456503156
edge-blend-0.5,200.0,0.999841632514226,24,432,False,619,1.0,0.9101154711558672,107008,11.752893749512815,23.381636638664045,20.67099892818178,3.4265304760848756,4.8292004775685715,4.504833869349578,107008,9.738727257109948,23.37463885505421,20.664003724748504,3.1185383986719244,4.828480850675202,4.504072036394524
edge-blend-0.5,200.0,0.9998458645055013,24,256,False,619,5.0,0.910664547006021,53504,11.810475339970871,12.897629283266657,8.852537961242717,3.4342731970646474,3.518615747337661,2.910986602744366,53504,9.799087184285094,12.894218868831532,8.849321001582984,3.1274708452997966,3.51813196080249,2.910467134900159
edge-blend-0.5,200.0,0.9998435554991658,24,432,False,619,5.0,0.9101467607542844,107008,11.751735460745653,12.107372295068243,9.272237813703718,3.4252960450542735,3.4748133800395866,2.970922356208328,107008,9.74012319716869,12.103913638036406,9.268994544243432,3.1175221000306084,3.474319857060542,2.970398982214319
edge-blend-0.5,200.0,0.9998450051197357,24,256,True,619,1.0,0.910614722509423,53504,11.809795200310681,23.301726094135166,19.61952764499095,3.435100877562158,4.774033199370327,4.401313499358171,53504,9.795989157563055,23.295095966101563,19.612862021958744,3.12805343241314,4.773342810684783,4.400577558576062
edge-blend-0.5,200.0,0.9998416354073325,24,432,True,619,1.0,0.9101155296817659,107008,11.75290048085753,23.381636182948103,20.67100000425241,3.4265315959605434,4.829200437465428,4.504833984084175,107008,9.738733860407057,23.37463859268518,20.664004873629267,3.1185396184289367,4.828480830051693,4.504072158247378
edge-blend-0.5,200.0,0.9998458617798034,24,256,True,619,5.0,0.910664587334139,53504,11.810482255276025,12.897630090422613,8.852538980658753,3.4342743665647557,3.5186158274470287,2.9109867516001726,53504,9.7990935355567,12.894219511831531,8.849322034661666,3.127472048819905,3.518132016947799,2.9104672931599667
edge-blend-0.5,200.0,0.9998435535712097,24,432,True,619,5.0,0.9101468079589595,107008,11.751742083241437,12.10737272884487,9.272238829450659,3.4252971861607175,3.4748134496955982,2.9709225127719847,107008,9.7401294094979,12.103913844257498,9.268995694927073,3.117523300294983,3.474319895755877,2.9703991613921135
