seed,role,radius,saturated,mixed,injected_clip_target,preprocessing,qualified,comparisons,max_accuracy_budget_fraction,encoded_y_bias,encoded_cb_bias,encoded_cr_bias,accepted_black_fraction,insufficient_bins,rejected_clipped,rejected_structure,rejected_correlation
14951,fit,0,false,false,0.05,lower_clip,True,6,0.0036630512,-0.013423504,-5.9867389e-19,-7.5549466e-19,0.050048828,0,0,0,0
14951,fit,0,false,false,0.05,color_nr,True,6,0.0018315256,-0.013423504,5.6345796e-10,-1.9427724e-11,0.050048828,0,0,0,0
14951,fit,0,false,false,0.05,sharpen,True,6,0.0011775375,-0.019198678,-7.2198624e-19,-9.111083e-19,0.10839844,0,0,0,0
14951,fit,0,false,false,0.05,default,True,6,0.0011775375,-0.019198678,6.8878e-10,-3.074588e-11,0.1081543,0,0,0,0
14951,fit,0,false,false,0.15,lower_clip,True,6,0.0037675345,-0.015844464,-5.0300724e-19,-6.3476843e-19,0.15039062,0,0,0,0
14951,fit,0,false,false,0.15,color_nr,True,6,0.0018837672,-0.015844464,5.328884e-10,7.0003492e-12,0.15039062,0,0,0,0
14951,fit,0,false,false,0.15,sharpen,True,6,0.0012387208,-0.018292354,-6.2700144e-19,-7.9124253e-19,0.22290039,0,0,0,0
14951,fit,0,false,false,0.15,default,True,6,0.0012387208,-0.018292354,6.2434206e-10,-1.9741039e-12,0.22314453,0,0,0,0
14951,fit,0,false,false,0.3,lower_clip,True,6,0.0041469163,-0.0053946768,-1.394582e-19,-1.7598884e-19,0.29882812,0,0,0,0
14951,fit,0,false,false,0.3,color_nr,True,6,0.0020734581,-0.005394677,5.8922359e-10,1.3772128e-11,0.29882812,0,0,0,0
14951,fit,0,false,false,0.3,sharpen,True,6,0.0015308791,-0.0042233222,-1.8207291e-19,-2.2976634e-19,0.36083984,0,0,0,0
14951,fit,0,false,false,0.3,default,True,6,0.0015308791,-0.0042233223,6.0846416e-10,1.2344633e-11,0.36083984,0,0,0,0
14951,fit,0,false,false,0.45,lower_clip,True,6,0.011799474,0.034699774,6.9497683e-19,8.7702386e-19,0.45019531,0,0,0,0
14951,fit,0,false,false,0.45,color_nr,True,6,0.0058997368,0.034699774,4.889836e-10,2.8659014e-11,0.45019531,0,0,0,0
14951,fit,0,false,false,0.45,sharpen,True,6,0.0035623274,0.03788745,7.4530313e-19,9.4053298e-19,0.49291992,0,0,0,0
14951,fit,0,false,false,0.45,default,True,6,0.0035623274,0.03788745,4.9464037e-10,2.792792e-11,0.4934082,0,0,0,0
14951,fit,0,false,false,0.595,lower_clip,True,6,0.032144237,0.044863191,9.1003301e-19,1.1484133e-18,0.59082031,0,0,0,0
14951,fit,0,false,false,0.595,color_nr,True,6,0.016072584,0.044863191,3.7586379e-10,2.7338932e-11,0.59082031,0,0,0,0
14951,fit,0,false,false,0.595,sharpen,False,0,,,,,,1,63,0,0
14951,fit,0,false,false,0.595,default,False,0,,,,,,1,63,0,0
14951,fit,0,false,true,0.05,lower_clip,True,6,0.0044531573,-0.0074898141,-0.0041773477,0.00018823427,0.049804688,0,0,0,0
14951,fit,0,false,true,0.05,color_nr,True,6,0.038341818,-0.0038375265,-6.7303073e-05,-0.00020275373,0.0014648438,0,0,0,0
14951,fit,0,false,true,0.05,sharpen,True,6,0.0020615597,-0.010204999,-0.0026276179,0.00059046165,0.061767578,0,0,0,0
14951,fit,0,false,true,0.05,default,True,6,0.014070455,-0.0070763979,-0.00010724032,-0.00022346928,0.013671875,0,0,0,0
14951,fit,0,false,true,0.15,lower_clip,True,6,0.0044369152,-0.011815972,-0.0040457997,0.00010903277,0.14990234,0,0,0,0
14951,fit,0,false,true,0.15,color_nr,True,6,0.014055842,-0.0055864579,0.00084089833,-0.00036783073,0.010986328,0,0,0,0
14951,fit,0,false,true,0.15,sharpen,True,6,0.0020631955,-0.013348124,-0.0017284803,0.00056276815,0.15917969,0,0,0,0
14951,fit,0,false,true,0.15,default,True,6,0.014055842,-0.0096959597,0.00097915222,-0.00039986833,0.052001953,0,0,0,0
14951,fit,0,false,true,0.3,lower_clip,True,6,0.025258965,-0.015195583,-0.0022888496,-8.687721e-05,0.30249023,0,0,0,0
14951,fit,0,false,true,0.3,color_nr,True,6,0.026345019,-0.0063661101,0.0026586889,-0.00053120357,0.036621094,0,0,0,0
14951,fit,0,false,true,0.3,sharpen,True,6,0.0020959429,-0.014306174,0.00041371921,0.0004116799,0.27441406,0,0,0,0
14951,fit,0,false,true,0.3,default,True,6,0.032680346,-0.01021029,0.0030808572,-0.00052493037,0.11352539,0,0,0,0
14951,fit,0,false,true,0.45,lower_clip,True,6,0.0043918765,-0.015293871,3.7770193e-05,-0.00027326226,0.44921875,0,0,0,0
14951,fit,0,false,true,0.45,color_nr,True,6,0.014239469,-0.0046730935,0.0048117745,-0.00059896854,0.07421875,0,0,0,0
14951,fit,0,false,true,0.45,sharpen,True,6,0.002112012,-0.012345676,0.0028271816,0.00031152844,0.37158203,0,0,0,0
14951,fit,0,false,true,0.45,default,True,6,0.014239469,-0.0075295252,0.0053884036,-0.00055162394,0.17529297,0,0,0,0
14951,fit,0,false,true,0.595,lower_clip,True,6,0.032568006,-0.010388369,0.0026101244,-0.00039059735,0.59179688,0,0,0,0
14951,fit,0,false,true,0.595,color_nr,True,6,0.014002786,0.0013750697,0.0071698676,-0.00053803908,0.12646484,0,0,0,0
14951,fit,0,false,true,0.595,sharpen,True,6,0.0021127936,-0.005985761,0.0053326107,0.00031900901,0.45703125,0,0,0,0
14951,fit,0,false,true,0.595,default,True,6,0.014002786,-0.00014022768,0.0077680786,-0.00045547721,0.24414062,0,0,0,0
14951,fit,0,true,false,0.05,lower_clip,True,6,0.0036661499,-0.0046552007,0.002157418,-0.0062518003,0.050048828,0,0,0,0
14951,fit,0,true,false,0.05,color_nr,True,6,0.0056686085,-0.0044107429,0.001855094,-0.0057396492,0.047363281,0,0,0,0
14951,fit,0,true,false,0.05,sharpen,True,6,0.0011714916,-0.0053686917,0.0029744643,-0.0096238351,0.10766602,0,0,0,0
14951,fit,0,true,false,0.05,default,True,6,0.0056686085,-0.0051746451,0.0026859961,-0.0091284633,0.10473633,0,0,0,0
14951,fit,0,true,false,0.15,lower_clip,True,6,0.0038054407,-0.0056377719,0.0026608136,-0.0072773717,0.15039062,0,0,0,0
14951,fit,0,true,false,0.15,color_nr,True,6,0.0070042855,-0.0046306817,0.001524731,-0.0050119955,0.13208008,0,0,0,0
14951,fit,0,true,false,0.15,sharpen,True,6,0.001216708,-0.004172031,0.0028162029,-0.0091592989,0.21850586,0,0,0,0
14951,fit,0,true,false,0.15,default,True,6,0.0070042855,-0.0034608828,0.0017814224,-0.0071594948,0.20629883,0,0,0,0
14951,fit,0,true,false,0.3,lower_clip,True,6,0.0050854725,-0.0040196534,0.0016944724,-0.0009803917,0.29882812,0,0,0,0
14951,fit,0,true,false,0.3,color_nr,True,6,0.0081109497,-0.0014669691,-0.00096847103,0.0047795453,0.23779297,0,0,0,0
14951,fit,0,true,false,0.3,sharpen,True,6,0.0020336729,-0.00043245224,0.0010653307,-0.00058275193,0.34936523,0,0,0,0
14951,fit,0,true,false,0.3,default,True,6,0.0081109497,0.0013464542,-0.0013027032,0.0042390581,0.31005859,0,0,0,0
14951,fit,0,true,false,0.45,lower_clip,True,6,0.028356382,0.0038104972,-0.0027763958,0.022024054,0.45019531,0,0,0,0
14951,fit,0,true,false,0.45,color_nr,True,6,0.015651018,0.0082682953,-0.0071588547,0.031784378,0.3203125,0,0,0,0
14951,fit,0,true,false,0.45,sharpen,True,6,0.012186354,0.0086075525,-0.0039419106,0.024233597,0.46484375,0,0,0,0
14951,fit,0,true,false,0.45,default,True,6,0.012988255,0.011948102,-0.0078638651,0.032358944,0.37939453,0,0,0,0
14951,fit,0,true,false,0.595,lower_clip,True,6,0.039596958,0.0050591628,-0.0035309851,0.028380272,0.59082031,0,0,0,0
14951,fit,0,true,false,0.595,color_nr,True,6,0.0068105482,0.011712645,-0.009741657,0.042161041,0.38769531,0,0,0,0
14951,fit,0,true,false,0.595,sharpen,True,6,0.0022664085,0.010436225,-0.0050428719,0.03196377,0.53100586,0,0,0,0
14951,fit,0,true,false,0.595,default,True,6,0.0068105482,0.01593759,-0.010723464,0.043601407,0.41870117,0,0,0,0
14951,fit,0,true,true,0.05,lower_clip,True,6,0.0042799968,-0.0045690531,0.0016670801,-0.0063132235,0.050048828,0,0,0,0
14951,fit,0,true,true,0.05,color_nr,True,6,0.0062930784,-0.0010610108,-0.0065399735,0.0064833684,0.011962891,0,0,0,0
14951,fit,0,true,true,0.05,sharpen,True,6,0.0021244885,-0.0054642921,0.0023843119,-0.0080293649,0.078613281,0,0,0,0
14951,fit,0,true,true,0.05,default,True,6,0.0062930784,-0.0023856871,-0.0057530344,0.0038904703,0.040771484,0,0,0,0
14951,fit,0,true,true,0.15,lower_clip,True,6,0.004486704,-0.005536424,0.0021047247,-0.0073496327,0.15039062,0,0,0,0
14951,fit,0,true,true,0.15,color_nr,True,6,0.0066409637,-0.00049746323,-0.0070153523,0.0086875485,0.051513672,0,0,0,0
14951,fit,0,true,true,0.15,sharpen,True,6,0.002243352,-0.00528458,0.0024693399,-0.008110874,0.1730957,0,0,0,0
14951,fit,0,true,true,0.15,default,True,6,0.0066409637,-0.0010584898,-0.0063693372,0.0060889166,0.10253906,0,0,0,0
14951,fit,0,true,true,0.3,lower_clip,True,6,0.0048164119,-0.0038990449,0.0010690304,-0.0010680595,0.29882812,0,0,0,0
14951,fit,0,true,true,0.3,color_nr,True,6,0.0072280447,0.0029234378,-0.0090035288,0.018214924,0.12060547,0,0,0,0
14951,fit,0,true,true,0.3,sharpen,True,6,0.002408206,-0.00212542,0.00085262514,-8.1912734e-06,0.27392578,0,0,0,0
14951,fit,0,true,true,0.3,default,True,6,0.0072280447,0.0035949649,-0.0087502394,0.016554016,0.18139648,0,0,0,0
14951,fit,0,true,true,0.45,lower_clip,True,6,0.013834041,0.0039495919,-0.0034656617,0.021909337,0.45019531,0,0,0,0
14951,fit,0,true,true,0.45,color_nr,True,6,0.012737918,0.012561043,-0.014489296,0.044005816,0.1887207,0,0,0,0
14951,fit,0,true,true,0.45,sharpen,True,6,0.0081410108,0.0070462933,-0.0042435157,0.024825491,0.34985352,0,0,0,0
14951,fit,0,true,true,0.45,default,True,6,0.01131474,0.014218157,-0.014601299,0.043348324,0.24609375,0,0,0,0
14951,fit,0,true,true,0.595,lower_clip,True,6,0.021461155,0.0052363696,-0.0042985867,0.028265601,0.59082031,0,0,0,0
14951,fit,0,true,true,0.595,color_nr,True,6,0.007045431,0.015755796,-0.016385161,0.052773838,0.25317383,0,0,0,0
14951,fit,0,true,true,0.595,sharpen,True,6,0.002356838,0.0094952038,-0.0056006091,0.032933519,0.40576172,0,0,0,0
14951,fit,0,true,true,0.595,default,True,6,0.007045431,0.018190899,-0.016813137,0.053005661,0.29858398,0,0,0,0
14951,fit,1,false,false,0.05,lower_clip,True,6,0.013120678,-0.013764695,-6.1391603e-19,-7.7472943e-19,0.047851562,0,0,0,0
14951,fit,1,false,false,0.05,color_nr,True,6,0.013120678,-0.013764695,5.3707808e-10,-1.8550903e-11,0.047851562,0,0,0,0
14951,fit,1,false,false,0.05,sharpen,True,6,0.015773327,-0.01810448,-6.7298653e-19,-8.4927327e-19,0.088867188,0,0,0,0
14951,fit,1,false,false,0.05,default,True,6,0.015773327,-0.01810448,6.3200393e-10,-2.8024019e-11,0.088623047,0,0,0,0
14951,fit,1,false,false,0.15,lower_clip,True,6,0.01331602,-0.016300835,-8.7248253e-19,-1.1010266e-18,0.15063477,0,0,0,0
14951,fit,1,false,false,0.15,color_nr,True,6,0.01331602,-0.016300835,5.0088361e-10,8.3556822e-12,0.15063477,0,0,0,0
14951,fit,1,false,false,0.15,sharpen,True,6,0.016655113,-0.018731885,-9.3664734e-19,-1.1819992e-18,0.20458984,0,0,0,0
14951,fit,1,false,false,0.15,default,True,6,0.016655113,-0.018731886,5.5503732e-10,2.9635997e-12,0.20458984,0,0,0,0
14951,fit,1,false,false,0.3,lower_clip,True,6,0.01457805,-0.0063503496,-4.1382333e-19,-5.2222307e-19,0.29907227,0,0,0,0
14951,fit,1,false,false,0.3,color_nr,True,6,0.014578359,-0.0063503497,5.5132739e-10,1.4939451e-11,0.29907227,0,0,0,0
14951,fit,1,false,false,0.3,sharpen,True,6,0.016929682,-0.0062870933,-4.3175529e-19,-5.4485225e-19,0.35180664,0,0,0,0
14951,fit,1,false,false,0.3,default,True,6,0.016929682,-0.0062870934,5.7374669e-10,1.2819985e-11,0.35058594,0,0,0,0
14951,fit,1,false,false,0.45,lower_clip,True,6,0.038760494,0.032561857,7.2078661e-19,9.0959443e-19,0.44580078,0,0,0,0
14951,fit,1,false,false,0.45,color_nr,True,6,0.038760494,0.032561857,3.7776344e-10,3.4649921e-11,0.44580078,0,0,0,0
14951,fit,1,false,false,0.45,sharpen,True,6,0.017403052,0.034192811,7.2938707e-19,9.2044775e-19,0.48876953,0,0,0,0
14951,fit,1,false,false,0.45,default,True,6,0.017403365,0.034192812,3.8884324e-10,3.3534028e-11,0.48803711,0,0,0,0
14951,fit,1,false,false,0.595,lower_clip,True,6,0.10363816,0.045050856,9.0000679e-19,1.1357608e-18,0.58691406,0,0,0,0
14951,fit,1,false,false,0.595,color_nr,True,6,0.10363816,0.045050856,3.6544889e-10,2.537981e-11,0.58691406,0,0,0,0
14951,fit,1,false,false,0.595,sharpen,True,6,0.14499002,0.04731154,9.4021444e-19,1.1865007e-18,0.59472656,0,0,0,0
14951,fit,1,false,false,0.595,default,True,6,0.14498962,0.047311541,3.6799308e-10,2.4830932e-11,0.5949707,0,0,0,0
14951,fit,1,false,true,0.05,lower_clip,True,6,0.026788036,-0.0075736531,-0.0041233934,-5.7978462e-05,0.049316406,0,0,0,0
14951,fit,1,false,true,0.05,color_nr,True,6,0.22764964,-0.0039450839,0.00018183364,-0.00029734101,0.00073242188,0,0,0,0
14951,fit,1,false,true,0.05,sharpen,True,6,0.026572658,-0.0094016159,-0.0030368664,0.00018872396,0.052001953,0,0,0,0
14951,fit,1,false,true,0.05,default,True,6,0.12483048,-0.0061158484,0.00017821005,-0.00029776234,0.0075683594,0,0,0,0
14951,fit,1,false,true,0.15,lower_clip,True,6,0.028360583,-0.01189213,-0.0040336471,-0.00015666429,0.14819336,0,0,0,0
14951,fit,1,false,true,0.15,color_nr,True,6,0.094719682,-0.0057348401,0.0012066446,-0.00041565918,0.0095214844,0,0,0,0
14951,fit,1,false,true,0.15,sharpen,True,6,0.028142897,-0.013051993,-0.0023389646,0.00014840879,0.14135742,0,0,0,0
14951,fit,1,false,true,0.15,default,True,6,0.062213186,-0.0086936447,0.0013087484,-0.00042146372,0.035644531,0,0,0,0
14951,fit,1,false,true,0.3,lower_clip,True,6,0.058082389,-0.015275053,-0.0023366014,-0.0003149269,0.30395508,0,0,0,0
14951,fit,1,false,true,0.3,color_nr,True,6,0.055987456,-0.0065680174,0.0030739706,-0.00054287543,0.032714844,0,0,0,0
14951,fit,1,false,true,0.3,sharpen,True,6,0.039106984,-0.014811889,-0.00029167473,4.6926296e-05,0.25244141,0,0,0,0
14951,fit,1,false,true,0.3,default,True,6,0.097602594,-0.0095831425,0.0033467115,-0.0005452471,0.082519531,0,0,0,0
14951,fit,1,false,true,0.45,lower_clip,True,6,0.028917019,-0.015409299,-3.0127008e-05,-0.0005274096,0.44995117,0,0,0,0
14951,fit,1,false,true,0.45,color_nr,True,6,0.061073192,-0.0049420818,0.0052538539,-0.00062977462,0.070068359,0,0,0,0
14951,fit,1,false,true,0.45,sharpen,True,6,0.029248402,-0.013454065,0.0021320818,-8.3885928e-05,0.35668945,0,0,0,0
14951,fit,1,false,true,0.45,default,True,6,0.061073192,-0.0073867162,0.005640647,-0.00061675358,0.14575195,0,0,0,0
14951,fit,1,false,true,0.595,lower_clip,True,6,0.05376914,-0.010570306,0.002490301,-0.00072617377,0.58740234,0,0,0,0
14951,fit,1,false,true,0.595,color_nr,True,6,0.058448284,0.00099894521,0.007590094,-0.00062042047,0.12231445,0,0,0,0
14951,fit,1,false,true,0.595,sharpen,True,6,0.02768841,-0.0074214925,0.0046119344,-0.0001820658,0.44335938,0,0,0,0
14951,fit,1,false,true,0.595,default,True,6,0.058448284,-0.00049313332,0.0079967111,-0.00058309941,0.21044922,0,0,0,0
14951,fit,1,true,false,0.05,lower_clip,True,6,0.01816946,-0.0049043071,0.002211294,-0.0063174567,0.047851562,0,0,0,0
14951,fit,1,true,false,0.05,color_nr,True,6,0.013675017,-0.0046538057,0.0019081988,-0.0057749193,0.045410156,0,0,0,0
14951,fit,1,true,false,0.05,sharpen,True,6,0.01816946,-0.0055369031,0.0028087897,-0.0087128319,0.088378906,0,0,0,0
14951,fit,1,true,false,0.05,default,True,6,0.015581318,-0.0053309677,0.0025192907,-0.0081964373,0.085693359,0,0,0,0
14951,fit,1,true,false,0.15,lower_clip,True,6,0.02491488,-0.0059376827,0.0027386385,-0.0073889276,0.15063477,0,0,0,0
14951,fit,1,true,false,0.15,color_nr,True,6,0.019631715,-0.0049174581,0.0016087558,-0.0050654234,0.12988281,0,0,0,0
14951,fit,1,true,false,0.15,sharpen,True,6,0.02491488,-0.0051016421,0.0029029506,-0.0088620735,0.19897461,0,0,0,0
14951,fit,1,true,false,0.15,default,True,6,0.019631715,-0.0043118699,0.0018544602,-0.0067664337,0.18554688,0,0,0,0
14951,fit,1,true,false,0.3,lower_clip,True,6,0.019283403,-0.004439865,0.0018373651,-0.0013621756,0.29907227,0,0,0,0
14951,fit,1,true,false,0.3,color_nr,True,6,0.016245496,-0.0019217797,-0.00074861303,0.0043426798,0.23291016,0,0,0,0
14951,fit,1,true,false,0.3,sharpen,True,6,0.019283403,-0.0020597008,0.0014348062,-0.0011921938,0.33007812,0,0,0,0
14951,fit,1,true,false,0.3,default,True,6,0.01856565,-0.00012224018,-0.00092594397,0.0037744525,0.28686523,0,0,0,0
14951,fit,1,true,false,0.45,lower_clip,True,6,0.014532728,0.0031243981,-0.0024861249,0.020988908,0.44775391,0,0,0,0
14951,fit,1,true,false,0.45,color_nr,True,6,0.014322012,0.0074637934,-0.006702044,0.030492541,0.31445312,0,0,0,0
14951,fit,1,true,false,0.45,sharpen,True,6,0.014894547,0.006519795,-0.003327966,0.022633444,0.43212891,0,0,0,0
14951,fit,1,true,false,0.45,default,True,6,0.015935426,0.0099780858,-0.0071758754,0.0308047,0.35449219,0,0,0,0
14951,fit,1,true,false,0.595,lower_clip,True,6,0.092096686,0.0048428939,-0.0035091595,0.028668277,0.58691406,0,0,0,0
14951,fit,1,true,false,0.595,color_nr,True,6,0.02102613,0.011285497,-0.0094618792,0.041963954,0.38427734,0,0,0,0
14951,fit,1,true,false,0.595,sharpen,True,6,0.018659932,0.008916592,-0.004700527,0.031619868,0.49487305,0,0,0,0
14951,fit,1,true,false,0.595,default,True,6,0.021015472,0.01429397,-0.010170283,0.042992865,0.39599609,0,0,0,0
14951,fit,1,true,true,0.05,lower_clip,True,6,0.026590401,-0.0046091934,0.0016993436,-0.0065278728,0.047851562,0,0,0,0
14951,fit,1,true,true,0.05,color_nr,True,6,0.025788427,-0.0012247646,-0.0059604207,0.0057321649,0.010742188,0,0,0,0
14951,fit,1,true,true,0.05,sharpen,True,6,0.026590401,-0.0052517691,0.0021897066,-0.007699035,0.06640625,0,0,0,0
14951,fit,1,true,true,0.05,default,True,6,0.018373142,-0.0021930186,-0.005410839,0.0039332008,0.028808594,0,0,0,0
14951,fit,1,true,true,0.15,lower_clip,True,6,0.026645457,-0.0056054039,0.0021523091,-0.0076258919,0.15063477,0,0,0,0
14951,fit,1,true,true,0.15,color_nr,True,6,0.016693361,-0.00073398789,-0.006389671,0.0078020146,0.050048828,0,0,0,0
14951,fit,1,true,true,0.15,sharpen,True,6,0.026645457,-0.005477856,0.0024101409,-0.0081582082,0.15478516,0,0,0,0
14951,fit,1,true,true,0.15,default,True,6,0.018777646,-0.001237457,-0.0059091625,0.005885431,0.086425781,0,0,0,0
14951,fit,1,true,true,0.3,lower_clip,True,6,0.026960227,-0.004058421,0.0011700046,-0.0016344331,0.29907227,0,0,0,0
14951,fit,1,true,true,0.3,color_nr,True,6,0.017383889,0.0025144921,-0.008279441,0.016950072,0.1171875,0,0,0,0
14951,fit,1,true,true,0.3,sharpen,True,6,0.026960227,-0.0028216511,0.0010064207,-0.00082814044,0.25415039,0,0,0,0
14951,fit,1,true,true,0.3,default,True,6,0.019665897,0.0028635188,-0.0080656191,0.015644205,0.16210938,0,0,0,0
14951,fit,1,true,true,0.45,lower_clip,True,6,0.027477275,0.0035477987,-0.0032263179,0.0206689,0.44775391,0,0,0,0
14951,fit,1,true,true,0.45,color_nr,True,6,0.019042063,0.011810141,-0.013567854,0.041934188,0.18603516,0,0,0,0
14951,fit,1,true,true,0.45,sharpen,True,6,0.027477275,0.0058007735,-0.0038160737,0.022883656,0.33496094,0,0,0,0
14951,fit,1,true,true,0.45,default,True,6,0.020260269,0.012916002,-0.013632636,0.041392079,0.2265625,0,0,0,0
14951,fit,1,true,true,0.595,lower_clip,True,6,0.039820739,0.0053299073,-0.0043378486,0.028334734,0.58618164,0,0,0,0
14951,fit,1,true,true,0.595,color_nr,True,6,0.018942498,0.015415817,-0.015687822,0.051915322,0.25048828,0,0,0,0
14951,fit,1,true,true,0.595,sharpen,True,6,0.027798691,0.0084904127,-0.0053301,0.03188402,0.39501953,0,0,0,0
14951,fit,1,true,true,0.595,default,True,6,0.019986751,0.017123062,-0.015993666,0.052047002,0.27856445,0,0,0,0
14951,fit,2,false,false,0.05,lower_clip,True,6,0.011975303,-0.014211839,-5.5717504e-19,-7.0312531e-19,0.050537109,0,0,0,0
14951,fit,2,false,false,0.05,color_nr,True,6,0.011975303,-0.014211839,4.5687143e-10,-1.8355607e-11,0.050537109,0,0,0,0
14951,fit,2,false,false,0.05,sharpen,True,6,0.01447527,-0.017408199,-5.989115e-19,-7.5579451e-19,0.076660156,0,0,0,0
14951,fit,2,false,false,0.05,default,True,6,0.01447527,-0.017408198,5.317899e-10,-2.4372882e-11,0.076416016,0,0,0,0
14951,fit,2,false,false,0.15,lower_clip,True,6,0.011611193,-0.01686421,-2.336998e-19,-2.9491673e-19,0.15405273,0,0,0,0
14951,fit,2,false,false,0.15,color_nr,True,6,0.011611193,-0.01686421,4.5775386e-10,1.7995006e-12,0.15405273,0,0,0,0
14951,fit,2,false,false,0.15,sharpen,True,6,0.014503163,-0.018976251,-3.4750754e-19,-4.3853606e-19,0.19311523,0,0,0,0
14951,fit,2,false,false,0.15,default,True,6,0.014503163,-0.018976251,5.0161272e-10,-1.220535e-12,0.19335938,0,0,0,0
14951,fit,2,false,false,0.3,lower_clip,True,6,0.010571996,-0.0070724889,-2.0287177e-19,-2.560134e-19,0.29858398,0,0,0,0
14951,fit,2,false,false,0.3,color_nr,True,6,0.010571996,-0.0070724889,4.9346266e-10,1.0933813e-11,0.29858398,0,0,0,0
14951,fit,2,false,false,0.3,sharpen,True,6,0.013716862,-0.0075697108,-2.4448996e-19,-3.0853335e-19,0.34448242,0,0,0,0
14951,fit,2,false,false,0.3,default,True,6,0.013716862,-0.0075697108,5.1865933e-10,8.429242e-12,0.34472656,0,0,0,0
14951,fit,2,false,false,0.45,lower_clip,True,6,0.080565513,0.031179159,6.2432588e-19,7.8786612e-19,0.44042969,0,0,0,0
14951,fit,2,false,false,0.45,color_nr,True,6,0.080565513,0.031179159,3.1009504e-10,3.2348069e-11,0.44042969,0,0,0,0
14951,fit,2,false,false,0.45,sharpen,False,0,,,,,,1,0,0,0
14951,fit,2,false,false,0.45,default,False,0,,,,,,1,0,0,0
14951,fit,2,false,false,0.595,lower_clip,True,6,0.15583372,0.045053983,8.9757724e-19,1.1326948e-18,0.58276367,0,0,0,0
14951,fit,2,false,false,0.595,color_nr,True,6,0.15583372,0.045053983,3.3313882e-10,2.031454e-11,0.58276367,0,0,0,0
14951,fit,2,false,false,0.595,sharpen,True,6,0.1744085,0.04635139,9.2253819e-19,1.1641942e-18,0.59228516,0,0,0,0
14951,fit,2,false,false,0.595,default,True,6,0.1744085,0.046351391,3.3572208e-10,1.9834531e-11,0.59228516,0,0,0,0
14951,fit,2,false,true,0.05,lower_clip,True,6,0.033400978,-0.0076273505,-0.004042385,-0.0002681845,0.050048828,0,0,0,0
14951,fit,2,false,true,0.05,color_nr,True,6,0.41832137,-0.0042644606,0.0002068107,-0.00038107144,0.0009765625,0,0,0,0
14951,fit,2,false,true,0.05,sharpen,True,6,0.033400978,-0.0088539706,-0.0032906959,-0.00011361159,0.045410156,0,0,0,0
14951,fit,2,false,true,0.05,default,True,6,0.21099455,-0.0056957851,0.00021950673,-0.00037277374,0.0053710938,0,0,0,0
14951,fit,2,false,true,0.15,lower_clip,True,6,0.032259223,-0.01196039,-0.0039204318,-0.0004377336,0.14990234,0,0,0,0
14951,fit,2,false,true,0.15,color_nr,True,6,0.14641442,-0.0062457927,0.0012528079,-0.00048818973,0.011474609,0,0,0,0
14951,fit,2,false,true,0.15,sharpen,True,6,0.032259223,-0.012782642,-0.0026877848,-0.00023226549,0.12817383,0,0,0,0
14951,fit,2,false,true,0.15,default,True,6,0.1169727,-0.0082316071,0.0013385513,-0.00047717146,0.029541016,0,0,0,0
14951,fit,2,false,true,0.3,lower_clip,True,6,0.061589941,-0.015334716,-0.0022629693,-0.00065765414,0.30395508,0,0,0,0
14951,fit,2,false,true,0.3,color_nr,True,6,0.16325657,-0.0072587384,0.0031210545,-0.00057970395,0.041015625,0,0,0,0
14951,fit,2,false,true,0.3,sharpen,True,6,0.078980872,-0.015029916,-0.00073334071,-0.00039108119,0.23242188,0,0,0,0
14951,fit,2,false,true,0.3,default,True,6,0.13599195,-0.0092577937,0.0033141958,-0.00056112369,0.07421875,0,0,0,0
14951,fit,2,false,true,0.45,lower_clip,True,6,0.03167735,-0.015499196,3.5767282e-06,-0.00084981816,0.45043945,0,0,0,0
14951,fit,2,false,true,0.45,color_nr,True,6,0.11896417,-0.0057566545,0.0052477185,-0.0006001189,0.08203125,0,0,0,0
14951,fit,2,false,true,0.45,sharpen,True,6,0.03167735,-0.014059282,0.0016328891,-0.00050432091,0.33666992,0,0,0,0
14951,fit,2,false,true,0.45,default,True,6,0.11896417,-0.0073304258,0.0054995717,-0.00058209454,0.13378906,0,0,0,0
14951,fit,2,false,true,0.595,lower_clip,True,6,0.12370292,-0.010665922,0.0025061576,-0.0010414495,0.57617188,0,0,0,0
14951,fit,2,false,true,0.595,color_nr,True,6,0.12067842,0.00017018942,0.0075171065,-0.00057983427,0.13671875,0,0,0,0
14951,fit,2,false,true,0.595,sharpen,True,6,0.031887929,-0.0082819866,0.0041202362,-0.00062691944,0.42236328,0,0,0,0
14951,fit,2,false,true,0.595,default,True,6,0.12067842,-0.00068941382,0.0077660197,-0.00056401202,0.19921875,0,0,0,0
14951,fit,2,true,false,0.05,lower_clip,True,6,0.017597835,-0.0051689633,0.0022756947,-0.0064475707,0.050537109,0,0,0,0
14951,fit,2,true,false,0.05,color_nr,True,6,0.013053765,-0.0049129788,0.0019789999,-0.0058561709,0.045166016,0,0,0,0
14951,fit,2,true,false,0.05,sharpen,True,6,0.017597835,-0.0056795636,0.0027032015,-0.0081280064,0.074707031,0,0,0,0
14951,fit,2,true,false,0.05,default,True,6,0.014829949,-0.0054678099,0.0024216107,-0.0075760002,0.071289062,0,0,0,0
14951,fit,2,true,false,0.15,lower_clip,True,6,0.022630466,-0.0062379804,0.0028200132,-0.0075765016,0.15405273,0,0,0,0
14951,fit,2,true,false,0.15,color_nr,True,6,0.015267551,-0.0052416027,0.0017499124,-0.0052393054,0.12451172,0,0,0,0
14951,fit,2,true,false,0.15,sharpen,True,6,0.022630466,-0.0057579764,0.002958598,-0.0086538751,0.17944336,0,0,0,0
14951,fit,2,true,false,0.15,default,True,6,0.015267551,-0.0049468742,0.0019576705,-0.0065306135,0.16381836,0,0,0,0
14951,fit,2,true,false,0.3,lower_clip,True,6,0.020931369,-0.004787346,0.0019420073,-0.0016293069,0.29858398,0,0,0,0
14951,fit,2,true,false,0.3,color_nr,True,6,0.014273458,-0.0023875602,-0.00046995819,0.0038958902,0.2253418,0,0,0,0
14951,fit,2,true,false,0.3,sharpen,True,6,0.020931369,-0.0031724284,0.0016660906,-0.0015086176,0.30273438,0,0,0,0
14951,fit,2,true,false,0.3,default,True,6,0.015422411,-0.0012151395,-0.00056817548,0.0034045032,0.2590332,0,0,0,0
14951,fit,2,true,false,0.45,lower_clip,True,6,0.015611767,0.0026221034,-0.0022968267,0.020361181,0.44921875,0,0,0,0
14951,fit,2,true,false,0.45,color_nr,True,6,0.013299879,0.0067190692,-0.006207233,0.02943449,0.30957031,0,0,0,0
14951,fit,2,true,false,0.45,sharpen,True,6,0.015612211,0.0051164486,-0.0029443435,0.021713558,0.39697266,0,0,0,0
14951,fit,2,true,false,0.45,default,True,6,0.014109155,0.0085099035,-0.0065544396,0.029670755,0.328125,0,0,0,0
14951,fit,2,true,false,0.595,lower_clip,True,6,0.12281158,0.0046360717,-0.0034887174,0.028817971,0.58276367,0,0,0,0
14951,fit,2,true,false,0.595,color_nr,True,6,0.016329861,0.010652434,-0.0089693621,0.041366784,0.37841797,0,0,0,0
14951,fit,2,true,false,0.595,sharpen,True,6,0.015153518,0.0077974139,-0.0044557982,0.031316046,0.46020508,0,0,0,0
14951,fit,2,true,false,0.595,default,True,6,0.016579371,0.012900734,-0.0095217829,0.04221523,0.37036133,0,0,0,0
14951,fit,2,true,true,0.05,lower_clip,True,6,0.033799444,-0.0046847183,0.0017489815,-0.0067928374,0.050537109,0,0,0,0
14951,fit,2,true,true,0.05,color_nr,True,6,0.07012965,-0.0015695763,-0.0051030358,0.0044839444,0.011474609,0,0,0,0
14951,fit,2,true,true,0.05,sharpen,True,6,0.033799444,-0.0051197144,0.0020751834,-0.00757447,0.057128906,0,0,0,0
14951,fit,2,true,true,0.05,default,True,6,0.049158465,-0.0022408473,-0.0047282507,0.0032580252,0.023681641,0,0,0,0
14951,fit,2,true,true,0.15,lower_clip,True,6,0.033664534,-0.0057034033,0.0022157232,-0.007957655,0.15405273,0,0,0,0
14951,fit,2,true,true,0.15,color_nr,True,6,0.053903486,-0.001178854,-0.0054679186,0.006382917,0.050292969,0,0,0,0
14951,fit,2,true,true,0.15,sharpen,True,6,0.033664534,-0.005595892,0.0023760081,-0.0082680945,0.13916016,0,0,0,0
14951,fit,2,true,true,0.15,default,True,6,0.053903486,-0.0015683038,-0.0051276019,0.0050329387,0.074951172,0,0,0,0
14951,fit,2,true,true,0.3,lower_clip,True,6,0.033509912,-0.0041947907,0.0012551766,-0.0020529797,0.29858398,0,0,0,0
14951,fit,2,true,true,0.3,color_nr,True,6,0.056122047,0.0019406296,-0.0072875332,0.015349294,0.1159668,0,0,0,0
14951,fit,2,true,true,0.3,sharpen,True,6,0.033509912,-0.0032625547,0.0011029164,-0.0013671227,0.23828125,0,0,0,0
14951,fit,2,true,true,0.3,default,True,6,0.056122047,0.0021332337,-0.0071263662,0.014387154,0.14624023,0,0,0,0
14951,fit,2,true,true,0.45,lower_clip,True,6,0.033443572,0.0032691418,-0.0030605347,0.01986741,0.44921875,0,0,0,0
14951,fit,2,true,true,0.45,color_nr,True,6,0.055488543,0.010985163,-0.012439621,0.039856529,0.18408203,0,0,0,0
14951,fit,2,true,true,0.45,sharpen,True,6,0.033443572,0.0050019259,-0.00354436,0.021637844,0.31787109,0,0,0,0
14951,fit,2,true,true,0.45,default,True,6,0.055488543,0.011747396,-0.012486009,0.039451383,0.20825195,0,0,0,0
14951,fit,2,true,true,0.595,lower_clip,True,6,0.054017865,0.005370559,-0.0043506288,0.02830746,0.58251953,0,0,0,0
14951,fit,2,true,true,0.595,color_nr,True,6,0.0504396,0.014751753,-0.014650253,0.050480521,0.24584961,0,0,0,0
14951,fit,2,true,true,0.595,sharpen,True,6,0.033332401,0.0078220201,-0.005148677,0.031104328,0.3815918,0,0,0,0
14951,fit,2,true,true,0.595,default,True,6,0.0504396,0.01599972,-0.014889078,0.050608224,0.25708008,0,0,0,0
14951,fit,4,false,false,0.05,lower_clip,False,0,,,,,,1,0,0,0
14951,fit,4,false,false,0.05,color_nr,False,0,,,,,,1,0,0,0
14951,fit,4,false,false,0.05,sharpen,True,6,0.009627936,-0.017046559,-9.1098792e-19,-1.1496184e-18,0.070068359,0,0,0,0
14951,fit,4,false,false,0.05,default,True,6,0.009627936,-0.017046558,3.4436687e-10,-1.8161112e-11,0.070068359,0,0,0,0
14951,fit,4,false,false,0.15,lower_clip,True,6,0.025542213,-0.017794357,-5.7838567e-19,-7.29892e-19,0.15356445,0,0,0,0
14951,fit,4,false,false,0.15,color_nr,True,6,0.025542213,-0.017794357,2.795172e-10,3.4693358e-12,0.15356445,0,0,0,0
14951,fit,4,false,false,0.15,sharpen,True,6,0.017326504,-0.01943902,-6.3731981e-19,-8.0426376e-19,0.18139648,0,0,0,0
14951,fit,4,false,false,0.15,default,True,6,0.017326504,-0.019439021,3.1218932e-10,3.1237606e-13,0.18212891,0,0,0,0
14951,fit,4,false,false,0.3,lower_clip,True,6,0.02853955,-0.0081548746,-3.1447733e-19,-3.968537e-19,0.29638672,0,0,0,0
14951,fit,4,false,false,0.3,color_nr,True,6,0.02853955,-0.0081548746,3.5812074e-10,4.3383107e-12,0.29638672,0,0,0,0
14951,fit,4,false,false,0.3,sharpen,True,6,0.020513527,-0.0088657688,-3.7208874e-19,-4.6955624e-19,0.33105469,0,0,0,0
14951,fit,4,false,false,0.3,default,True,6,0.02051295,-0.0088657687,3.7612652e-10,2.5856981e-12,0.33081055,0,0,0,0
14951,fit,4,false,false,0.45,lower_clip,True,6,0.17438587,0.028634973,4.9749667e-19,6.2781438e-19,0.42041016,0,0,0,0
14951,fit,4,false,false,0.45,color_nr,True,6,0.17438587,0.028634973,8.0197336e-11,3.5519791e-11,0.42041016,0,0,0,0
14951,fit,4,false,false,0.45,sharpen,True,6,0.13291783,0.028728179,5.0303638e-19,6.348052e-19,0.45654297,0,0,0,0
14951,fit,4,false,false,0.45,default,True,6,0.13291783,0.028728179,9.5166576e-11,3.3826314e-11,0.45678711,0,0,0,0
14951,fit,4,false,false,0.595,lower_clip,False,0,,,,,,1,28,0,0
14951,fit,4,false,false,0.595,color_nr,False,0,,,,,,1,28,0,0
14951,fit,4,false,false,0.595,sharpen,False,0,,,,,,1,38,0,0
14951,fit,4,false,false,0.595,default,False,0,,,,,,1,38,0,0
14951,fit,4,false,true,0.05,lower_clip,True,6,0.059674386,-0.0077016501,-0.0039862495,-0.00071181389,0.051513672,0,0,0,0
14951,fit,4,false,true,0.05,color_nr,True,6,0.76670762,-0.0050625709,-0.00016173621,-0.00068091187,0.0029296875,0,0,0,0
14951,fit,4,false,true,0.05,sharpen,True,6,0.059674386,-0.0084066995,-0.0035173293,-0.0006323891,0.0390625,0,0,0,0
14951,fit,4,false,true,0.05,default,True,6,0.25969506,-0.0059177266,-0.00012619537,-0.00066324655,0.0083007812,0,0,0,0
14951,fit,4,false,true,0.15,lower_clip,True,6,0.059628375,-0.011995707,-0.0039462896,-0.00097450769,0.14794922,0,0,0,0
14951,fit,4,false,true,0.15,color_nr,True,6,0.19270224,-0.0074811608,0.0008401175,-0.00078364002,0.017578125,0,0,0,0
14951,fit,4,false,true,0.15,sharpen,True,6,0.059628375,-0.01244218,-0.0031374846,-0.00084995037,0.11499023,0,0,0,0
14951,fit,4,false,true,0.15,default,True,6,0.18828218,-0.0086237685,0.00093055753,-0.00075009665,0.032714844,0,0,0,0
14951,fit,4,false,true,0.3,lower_clip,True,6,0.11797779,-0.015345132,-0.0023466081,-0.0012695674,0.31201172,0,0,0,0
14951,fit,4,false,true,0.3,color_nr,True,6,0.23521784,-0.0088968357,0.002731757,-0.00083993129,0.051513672,0,0,0,0
14951,fit,4,false,true,0.3,sharpen,True,6,0.10371646,-0.015064492,-0.0012906399,-0.0010901552,0.20507812,0,0,0,0
14951,fit,4,false,true,0.3,default,True,6,0.23197593,-0.009970805,0.0028831203,-0.00080165617,0.077392578,0,0,0,0
14951,fit,4,false,true,0.45,lower_clip,True,6,0.059094512,-0.015538198,-5.7148461e-05,-0.0014605485,0.44946289,0,0,0,0
14951,fit,4,false,true,0.45,color_nr,True,6,0.18119027,-0.0076427805,0.004897115,-0.00083474527,0.10351562,0,0,0,0
14951,fit,4,false,true,0.45,sharpen,True,6,0.059094512,-0.01446573,0.0010832783,-0.0012173409,0.31054688,0,0,0,0
14951,fit,4,false,true,0.45,default,True,6,0.18119027,-0.0083362495,0.0050704875,-0.00079639731,0.13818359,0,0,0,0
14951,fit,4,false,true,0.595,lower_clip,True,6,0.12671095,-0.010712343,0.0024975297,-0.0015815989,0.56738281,0,0,0,0
14951,fit,4,false,true,0.595,color_nr,True,6,0.19592157,-0.001772682,0.0071763781,-0.00077486659,0.1706543,0,0,0,0
14951,fit,4,false,true,0.595,sharpen,True,6,0.058505442,-0.0089008867,0.0036280122,-0.0012907194,0.39648438,0,0,0,0
14951,fit,4,false,true,0.595,default,True,6,0.19592157,-0.0019228016,0.0073335379,-0.00074379531,0.20532227,0,0,0,0
14951,fit,4,true,false,0.05,lower_clip,True,6,0.014064144,-0.0056733821,0.0023895576,-0.0066245825,0.051025391,0,0,0,0
14951,fit,4,true,false,0.05,color_nr,True,6,0.039316131,-0.005402297,0.0021032015,-0.0059406334,0.041503906,0,0,0,0
14951,fit,4,true,false,0.05,sharpen,True,6,0.014064144,-0.0060138112,0.0026552614,-0.0076514559,0.063720703,0,0,0,0
14951,fit,4,true,false,0.05,default,True,6,0.039315673,-0.0057931505,0.0023876992,-0.007025002,0.060546875,0,0,0,0
14951,fit,4,true,false,0.15,lower_clip,True,6,0.028573553,-0.0068126334,0.0029661806,-0.0078299689,0.15356445,0,0,0,0
14951,fit,4,true,false,0.15,color_nr,True,6,0.022744669,-0.005853289,0.0020111423,-0.0054601791,0.11547852,0,0,0,0
14951,fit,4,true,false,0.15,sharpen,True,6,0.028573553,-0.0065454709,0.0030567445,-0.0085009732,0.15429688,0,0,0,0
14951,fit,4,true,false,0.15,default,True,6,0.016296217,-0.005759625,0.0021705431,-0.0063629225,0.13476562,0,0,0,0
14951,fit,4,true,false,0.3,lower_clip,True,6,0.033654046,-0.005442527,0.0021258385,-0.0019339038,0.29638672,0,0,0,0
14951,fit,4,true,false,0.3,color_nr,True,6,0.022814096,-0.003270729,6.8840355e-05,0.0032313297,0.21118164,0,0,0,0
14951,fit,4,true,false,0.3,sharpen,True,6,0.027481437,-0.0043479649,0.0019140026,-0.0017301502,0.26806641,0,0,0,0
14951,fit,4,true,false,0.3,default,True,6,0.01575942,-0.0025458467,1.1791363e-05,0.0028759471,0.22363281,0,0,0,0
14951,fit,4,true,false,0.45,lower_clip,True,6,0.026599008,0.0016210293,-0.0019228726,0.019260942,0.44262695,0,0,0,0
14951,fit,4,true,false,0.45,color_nr,True,6,0.026513499,0.00516766,-0.005149228,0.027313357,0.29150391,0,0,0,0
14951,fit,4,true,false,0.45,sharpen,True,6,0.019510326,0.0034297535,-0.002430798,0.020428233,0.35644531,0,0,0,0
14951,fit,4,true,false,0.45,default,True,6,0.017439021,0.0064162571,-0.005411499,0.027544342,0.2902832,0,0,0,0
14951,fit,4,true,false,0.595,lower_clip,True,6,0.1873094,0.0040870673,-0.003376233,0.029084479,0.56176758,0,0,0,0
14951,fit,4,true,false,0.595,color_nr,True,6,0.023007821,0.009159972,-0.0078212737,0.039890303,0.36425781,0,0,0,0
14951,fit,4,true,false,0.595,sharpen,True,6,0.0085654297,0.0064856377,-0.0041518654,0.031162056,0.42578125,0,0,0,0
14951,fit,4,true,false,0.595,default,True,6,0.023007821,0.010834052,-0.0082647389,0.040640995,0.33959961,0,0,0,0
14951,fit,4,true,true,0.05,lower_clip,True,6,0.061841862,-0.0047938662,0.0018270102,-0.0072516774,0.051025391,0,0,0,0
14951,fit,4,true,true,0.05,color_nr,True,6,0.17983524,-0.0023503602,-0.0032463699,0.0016015335,0.014160156,0,0,0,0
14951,fit,4,true,true,0.05,sharpen,True,6,0.061841862,-0.0050411994,0.0020146768,-0.0076967397,0.050048828,0,0,0,0
14951,fit,4,true,true,0.05,default,True,6,0.1505508,-0.0027574706,-0.0030170899,0.00085851723,0.021240234,0,0,0,0
14951,fit,4,true,true,0.15,lower_clip,True,6,0.062374956,-0.0058473549,0.0023146679,-0.008518348,0.15356445,0,0,0,0
14951,fit,4,true,true,0.15,color_nr,True,6,0.1429345,-0.0021881954,-0.0034749689,0.0031075575,0.048095703,0,0,0,0
14951,fit,4,true,true,0.15,sharpen,True,6,0.062374956,-0.0057273821,0.0023869312,-0.0086307458,0.12182617,0,0,0,0
14951,fit,4,true,true,0.15,default,True,6,0.1429345,-0.0024393377,-0.003262131,0.0022740399,0.063476562,0,0,0,0
14951,fit,4,true,true,0.3,lower_clip,True,6,0.063122564,-0.0043792832,0.0013766714,-0.0026959183,0.29638672,0,0,0,0
14951,fit,4,true,true,0.3,color_nr,True,6,0.15397439,0.00067164609,-0.0051686487,0.011761344,0.11010742,0,0,0,0
14951,fit,4,true,true,0.3,sharpen,True,6,0.063122564,-0.0036588503,0.0012203248,-0.0020832012,0.21411133,0,0,0,0
14951,fit,4,true,true,0.3,default,True,6,0.15397439,0.0007889608,-0.0050689903,0.011161034,0.12792969,0,0,0,0
14951,fit,4,true,true,0.45,lower_clip,True,6,0.063678863,0.0027811221,-0.0027654274,0.018406033,0.44238281,0,0,0,0
14951,fit,4,true,true,0.45,color_nr,True,6,0.15555256,0.0091191997,-0.009999867,0.035119399,0.17602539,0,0,0,0
14951,fit,4,true,true,0.45,sharpen,True,6,0.063678863,0.0040817166,-0.0031593595,0.01979219,0.29541016,0,0,0,0
14951,fit,4,true,true,0.45,default,True,6,0.15555256,0.0096416608,-0.010047556,0.034903833,0.1862793,0,0,0,0
14951,fit,4,true,true,0.595,lower_clip,True,6,0.070790655,0.0053870144,-0.0043396183,0.028173216,0.56152344,0,0,0,0
14951,fit,4,true,true,0.595,color_nr,True,6,0.14957311,0.013039588,-0.012299774,0.046708845,0.23779297,0,0,0,0
14951,fit,4,true,true,0.595,sharpen,True,6,0.059528293,0.0072392906,-0.0049689847,0.030307952,0.36010742,0,0,0,0
14951,fit,4,true,true,0.595,default,True,6,0.14957311,0.013952038,-0.0125001,0.046904167,0.23876953,0,0,0,0
14951,fit,8,false,false,0.05,lower_clip,True,6,0.081237351,-0.016611695,-1.0228269e-18,-1.2907532e-18,0.047851562,0,0,0,0
14951,fit,8,false,false,0.05,color_nr,True,6,0.081237351,-0.016611695,2.0834261e-10,-1.3072943e-11,0.047851562,0,0,0,0
14951,fit,8,false,false,0.05,sharpen,True,6,0.073123843,-0.017869761,-1.0119084e-18,-1.2769746e-18,0.056396484,0,0,0,0
14951,fit,8,false,false,0.05,default,True,6,0.073123843,-0.017869761,2.2065684e-10,-1.3928784e-11,0.055908203,0,0,0,0
14951,fit,8,false,false,0.15,lower_clip,False,0,,,,,,1,0,0,1
14951,fit,8,false,false,0.15,color_nr,False,0,,,,,,1,0,0,1
14951,fit,8,false,false,0.15,sharpen,False,0,,,,,,1,0,0,0
14951,fit,8,false,false,0.15,default,False,0,,,,,,1,0,0,0
14951,fit,8,false,false,0.3,lower_clip,True,6,0.076478321,-0.011495871,-3.0123445e-19,-3.8014188e-19,0.29052734,0,0,0,0
14951,fit,8,false,false,0.3,color_nr,True,6,0.076478321,-0.011495871,1.0471726e-10,1.3096206e-11,0.29052734,0,0,0,0
14951,fit,8,false,false,0.3,sharpen,False,0,,,,,,1,0,0,0
14951,fit,8,false,false,0.3,default,False,0,,,,,,1,0,0,0
14951,fit,8,false,false,0.45,lower_clip,True,6,0.28368031,0.023339533,3.5480985e-19,4.477512e-19,0.40063477,0,0,0,0
14951,fit,8,false,false,0.45,color_nr,True,6,0.28368031,0.023339533,-7.1182425e-11,3.396934e-11,0.40063477,0,0,0,0
14951,fit,8,false,false,0.45,sharpen,True,6,0.24027099,0.023168847,3.3175729e-19,4.1866008e-19,0.42211914,0,0,0,0
14951,fit,8,false,false,0.45,default,True,6,0.24027099,0.023168847,-7.8580764e-11,3.4761355e-11,0.42163086,0,0,0,0
14951,fit,8,false,false,0.595,lower_clip,True,6,0.15040485,0.044592829,8.9118744e-19,1.1246312e-18,0.53710938,0,0,0,0
14951,fit,8,false,false,0.595,color_nr,True,6,0.15040485,0.044592829,1.9628449e-10,4.2660206e-12,0.53710938,0,0,0,0
14951,fit,8,false,false,0.595,sharpen,True,6,0.13092559,0.04477819,8.882718e-19,1.1209518e-18,0.55102539,0,0,0,0
14951,fit,8,false,false,0.595,default,True,6,0.13092559,0.04477819,2.0406259e-10,3.252588e-12,0.55102539,0,0,0,0
14951,fit,8,false,true,0.05,lower_clip,True,6,0.28728016,-0.0079323163,-0.0037704996,-0.0015975764,0.048339844,0,0,0,0
14951,fit,8,false,true,0.05,color_nr,True,6,0.72741819,-0.0060830742,-0.00091619033,-0.0014621194,0.013916016,0,0,0,0
14951,fit,8,false,true,0.05,sharpen,True,6,0.28728016,-0.0083036322,-0.0034868307,-0.0015578543,0.033447266,0,0,0,0
14951,fit,8,false,true,0.05,default,True,6,0.46101436,-0.0065505214,-0.00089427377,-0.0014561146,0.012451172,0,0,0,0
14951,fit,8,false,true,0.15,lower_clip,False,0,,,,,,1,0,0,2
14951,fit,8,false,true,0.15,color_nr,False,0,,,,,,1,0,25,5
14951,fit,8,false,true,0.15,sharpen,False,0,,,,,,1,0,0,2
14951,fit,8,false,true,0.15,default,False,0,,,,,,1,0,22,5
14951,fit,8,false,true,0.3,lower_clip,True,6,0.40383387,-0.015390339,-0.0023511411,-0.0026657685,0.25415039,0,0,0,0
14951,fit,8,false,true,0.3,color_nr,True,6,0.63906896,-0.010750898,0.0015547711,-0.0019958547,0.067138672,0,0,0,0
14951,fit,8,false,true,0.3,sharpen,True,6,0.33558287,-0.01509726,-0.0016683234,-0.002545827,0.1706543,0,0,0,0
14951,fit,8,false,true,0.3,default,True,6,0.62707225,-0.011186442,0.0016484145,-0.0019850403,0.075683594,0,0,0,0
14951,fit,8,false,true,0.45,lower_clip,True,6,0.26256335,-0.015622701,-0.00012471786,-0.0029402683,0.44189453,0,0,0,0
14951,fit,8,false,true,0.45,color_nr,True,6,0.59308419,-0.0098450262,0.0037023585,-0.0020338537,0.13574219,0,0,0,0
14951,fit,8,false,true,0.45,sharpen,False,0,,,,,,1,0,0,1
14951,fit,8,false,true,0.45,default,False,0,,,,,,1,0,19,6
14951,fit,8,false,true,0.595,lower_clip,True,6,0.34669863,-0.011020529,0.0024438582,-0.0029940976,0.5546875,0,0,0,0
14951,fit,8,false,true,0.595,color_nr,True,6,0.57644388,-0.0043568311,0.0060205785,-0.0019331126,0.20825195,0,0,0,0
14951,fit,8,false,true,0.595,sharpen,True,6,0.26028333,-0.0096398839,0.0031894685,-0.0027778215,0.37719727,0,0,0,0
14951,fit,8,false,true,0.595,default,True,6,0.57644388,-0.0040538325,0.006124278,-0.0019091456,0.21191406,0,0,0,0
14951,fit,8,true,false,0.05,lower_clip,True,6,0.29001173,-0.0066960888,0.002628072,-0.0070698271,0.052001953,0,0,0,0
14951,fit,8,true,false,0.05,color_nr,True,6,0.24471857,-0.0064403251,0.0023784079,-0.00639625,0.040527344,0,0,0,0
14951,fit,8,true,false,0.05,sharpen,True,6,0.13180994,-0.0068869087,0.0027758535,-0.0076412161,0.053710938,0,0,0,0
14951,fit,8,true,false,0.05,default,True,6,0.086856926,-0.0066738356,0.0025434376,-0.0070272919,0.047851562,0,0,0,0
14951,fit,8,true,false,0.15,lower_clip,True,6,0.093758628,-0.0080008219,0.0032837919,-0.0085263356,0.1550293,0,0,0,0
14951,fit,8,true,false,0.15,color_nr,True,6,0.095000204,-0.0071419271,0.0024818998,-0.0063235847,0.10742188,0,0,0,0
14951,fit,8,true,false,0.15,sharpen,True,6,0.085196404,-0.0078017663,0.0033147397,-0.008842574,0.13354492,0,0,0,0
14951,fit,8,true,false,0.15,default,True,6,0.083979278,-0.0070758989,0.0025692676,-0.0068470834,0.11547852,0,0,0,0
14951,fit,8,true,false,0.3,lower_clip,True,6,0.11738719,-0.0069286501,0.0025995919,-0.0032564286,0.29394531,0,0,0,0
14951,fit,8,true,false,0.3,color_nr,True,6,0.12365417,-0.0050835276,0.00093777935,0.0013065707,0.19873047,0,0,0,0
14951,fit,8,true,false,0.3,sharpen,True,6,0.10375078,-0.0061561009,0.0024167783,-0.0029417534,0.23388672,0,0,0,0
14951,fit,8,true,false,0.3,default,True,6,0.10281518,-0.0045774991,0.00087290075,0.0011672204,0.1953125,0,0,0,0
14951,fit,8,true,false,0.45,lower_clip,True,6,0.076088001,-0.00036210206,-0.001181216,0.016899266,0.43505859,0,0,0,0
14951,fit,8,true,false,0.45,color_nr,True,6,0.12286723,0.0025761637,-0.0037540088,0.023850953,0.27563477,0,0,0,0
14951,fit,8,true,false,0.45,sharpen,True,6,0.086477267,0.00093758542,-0.0015796484,0.017894898,0.3190918,0,0,0,0
14951,fit,8,true,false,0.45,default,True,6,0.11266585,0.0034864665,-0.003974533,0.024138551,0.26196289,0,0,0,0
14951,fit,8,true,false,0.595,lower_clip,True,6,0.40371953,0.0030753402,-0.0031958972,0.029601969,0.52954102,0,0,0,0
14951,fit,8,true,false,0.595,color_nr,True,6,0.21634966,0.0071934727,-0.0067049266,0.038815755,0.35131836,0,0,0,0
14951,fit,8,true,false,0.595,sharpen,True,6,0.093713146,0.0048520549,-0.0038030108,0.031269347,0.38818359,0,0,0,0
14951,fit,8,true,false,0.595,default,True,6,0.21634966,0.0084648194,-0.0070745986,0.039512553,0.31323242,0,0,0,0
14951,fit,8,true,true,0.05,lower_clip,True,6,0.24754194,-0.0050313379,0.0019893919,-0.0082567944,0.052001953,0,0,0,0
14951,fit,8,true,true,0.05,color_nr,True,6,0.45726127,-0.0032237268,-0.0018567195,-0.0014560872,0.021240234,0,0,0,0
14951,fit,8,true,true,0.05,sharpen,True,6,0.26467305,-0.0051552843,0.0020871127,-0.0084846764,0.041259766,0,0,0,0
14951,fit,8,true,true,0.05,default,True,6,0.39806631,-0.0034423181,-0.0017306347,-0.001876424,0.023193359,0,0,0,0
14951,fit,8,true,true,0.15,lower_clip,True,6,0.30922002,-0.0061851081,0.0025353781,-0.0098209801,0.15332031,0,0,0,0
14951,fit,8,true,true,0.15,color_nr,True,6,0.48730531,-0.0033688818,-0.0019121621,-0.00060953048,0.056640625,0,0,0,0
14951,fit,8,true,true,0.15,sharpen,True,6,0.30922002,-0.0060613931,0.0025520309,-0.0098082035,0.10913086,0,0,0,0
14951,fit,8,true,true,0.15,default,True,6,0.48730531,-0.0034846101,-0.0018008162,-0.0010666763,0.066650391,0,0,0,0
14951,fit,8,true,true,0.3,lower_clip,True,6,0.33215418,-0.0049466212,0.0017305095,-0.0046728774,0.29174805,0,0,0,0
14951,fit,8,true,true,0.3,color_nr,True,6,0.46901506,-0.00098542281,-0.0033533261,0.0070447482,0.11010742,0,0,0,0
14951,fit,8,true,true,0.3,sharpen,True,6,0.33215418,-0.0044014137,0.0015850695,-0.0041459916,0.19580078,0,0,0,0
14951,fit,8,true,true,0.3,default,True,6,0.47335642,-0.00085471641,-0.003320794,0.0067609341,0.11547852,0,0,0,0
14951,fit,8,true,true,0.45,lower_clip,True,6,0.31785768,0.0017862979,-0.0021708433,0.015310592,0.42919922,0,0,0,0
14951,fit,8,true,true,0.45,color_nr,True,6,0.48183135,0.0067888351,-0.0078240023,0.029025149,0.17138672,0,0,0,0
14951,fit,8,true,true,0.45,sharpen,True,6,0.33355755,0.0027481551,-0.0024854032,0.016372151,0.27709961,0,0,0,0
14951,fit,8,true,true,0.45,default,True,6,0.48183135,0.0072061759,-0.0078963295,0.029011551,0.16943359,0,0,0,0
14951,fit,8,true,true,0.595,lower_clip,True,6,0.34972289,0.0054613968,-0.0043496209,0.027909036,0.52148438,0,0,0,0
14951,fit,8,true,true,0.595,color_nr,True,6,0.48915539,0.011501156,-0.01058386,0.043252748,0.23779297,0,0,0,0
14951,fit,8,true,true,0.595,sharpen,True,6,0.32498375,0.0068425736,-0.0048401373,0.029512802,0.34521484,0,0,0,0
14951,fit,8,true,true,0.595,default,True,6,0.48915539,0.012213908,-0.01077151,0.043542653,0.22802734,0,0,0,0
98179,fit,0,false,false,0.05,lower_clip,True,6,0.0033678628,-0.013284536,-5.0876423e-19,-6.4203345e-19,0.049804688,0,0,0,0
98179,fit,0,false,false,0.05,color_nr,True,6,0.0016839314,-0.013284536,5.6758755e-10,-2.0325327e-11,0.049804688,0,0,0,0
98179,fit,0,false,false,0.05,sharpen,True,6,0.0010502425,-0.019038084,-6.5815151e-19,-8.3055226e-19,0.10791016,0,0,0,0
98179,fit,0,false,false,0.05,default,True,6,0.0010502425,-0.019038084,6.9863002e-10,-3.0822405e-11,0.10766602,0,0,0,0
98179,fit,0,false,false,0.15,lower_clip,True,6,0.0035034963,-0.015638091,-2.6555775e-19,-3.3511978e-19,0.15136719,0,0,0,0
98179,fit,0,false,false,0.15,color_nr,True,6,0.0017517481,-0.015638091,5.8720074e-10,8.8954743e-13,0.15136719,0,0,0,0
98179,fit,0,false,false,0.15,sharpen,True,6,0.0011639927,-0.018086783,-4.5255086e-19,-5.7109516e-19,0.22290039,0,0,0,0
98179,fit,0,false,false,0.15,default,True,6,0.0011639927,-0.018086784,6.6022097e-10,-6.0846953e-12,0.22290039,0,0,0,0
98179,fit,0,false,false,0.3,lower_clip,True,6,0.0040667174,-0.0050866887,-5.7966035e-19,-7.3150058e-19,0.30322266,0,0,0,0
98179,fit,0,false,false,0.3,color_nr,True,6,0.0020333587,-0.0050866886,5.9235437e-10,1.3254339e-11,0.30322266,0,0,0,0
98179,fit,0,false,false,0.3,sharpen,True,6,0.0015290397,-0.0038832025,-5.7140663e-19,-7.2108483e-19,0.36376953,0,0,0,0
98179,fit,0,false,false,0.3,default,True,6,0.0015290397,-0.0038832024,6.1929747e-10,1.0122455e-11,0.36376953,0,0,0,0
98179,fit,0,false,false,0.45,lower_clip,True,6,0.011371854,0.035931213,8.0142456e-19,1.0113552e-18,0.45166016,0,0,0,0
98179,fit,0,false,false,0.45,color_nr,True,6,0.005685927,0.035931213,5.2956227e-10,2.3460668e-11,0.45166016,0,0,0,0
98179,fit,0,false,false,0.45,sharpen,True,6,0.0032033828,0.039125454,8.5514568e-19,1.0791484e-18,0.49560547,0,0,0,0
98179,fit,0,false,false,0.45,default,True,6,0.0032033828,0.039125454,5.3686763e-10,2.258439e-11,0.49536133,0,0,0,0
98179,fit,0,false,false,0.595,lower_clip,True,6,0.050222448,0.044885842,8.8999205e-19,1.1231227e-18,0.59033203,0,0,0,0
98179,fit,0,false,false,0.595,color_nr,True,6,0.025111224,0.044885842,3.7632704e-10,2.7460125e-11,0.59033203,0,0,0,0
98179,fit,0,false,false,0.595,sharpen,False,0,,,,,,1,64,0,0
98179,fit,0,false,false,0.595,default,False,0,,,,,,1,64,0,0
98179,fit,0,false,true,0.05,lower_clip,True,6,0.0042001781,-0.0075291466,-0.0041598791,0.00025378296,0.050292969,0,0,0,0
98179,fit,0,false,true,0.05,color_nr,True,6,0.022027975,-0.0038866089,-7.5091128e-05,-7.6134561e-05,0.001953125,0,0,0,0
98179,fit,0,false,true,0.05,sharpen,True,6,0.0018896004,-0.010242493,-0.0026224558,0.00064070867,0.062744141,0,0,0,0
98179,fit,0,false,true,0.05,default,True,6,0.013713033,-0.0071287814,-0.00011479447,-8.4629481e-05,0.013671875,0,0,0,0
98179,fit,0,false,true,0.15,lower_clip,True,6,0.004238903,-0.011893533,-0.0040423788,0.00020871343,0.15063477,0,0,0,0
98179,fit,0,false,true,0.15,color_nr,True,6,0.013848984,-0.0056649573,0.00083491014,-0.00019076517,0.010986328,0,0,0,0
98179,fit,0,false,true,0.15,sharpen,True,6,0.0019129228,-0.013429254,-0.001727395,0.00065952602,0.15942383,0,0,0,0
98179,fit,0,false,true,0.15,default,True,6,0.013848984,-0.0097890701,0.00097537616,-0.00019823221,0.052246094,0,0,0,0
98179,fit,0,false,true,0.3,lower_clip,True,6,0.028252277,-0.015309676,-0.0022782566,9.1930143e-05,0.30322266,0,0,0,0
98179,fit,0,false,true,0.3,color_nr,True,6,0.014822478,-0.00647409,0.002657552,-0.00029752132,0.036132812,0,0,0,0
98179,fit,0,false,true,0.3,sharpen,True,6,0.0020272647,-0.014417406,0.00041104653,0.00059136834,0.27514648,0,0,0,0
98179,fit,0,false,true,0.3,default,True,6,0.02014487,-0.010356093,0.0030914642,-0.00027847752,0.11181641,0,0,0,0
98179,fit,0,false,true,0.45,lower_clip,True,6,0.0044223573,-0.015463717,3.1801328e-05,-1.8021401e-06,0.45117188,0,0,0,0
98179,fit,0,false,true,0.45,color_nr,True,6,0.01440836,-0.0048342868,0.0048144305,-0.00032476288,0.07421875,0,0,0,0
98179,fit,0,false,true,0.45,sharpen,True,6,0.0020238287,-0.012501864,0.0028057098,0.00059928582,0.37353516,0,0,0,0
98179,fit,0,false,true,0.45,default,True,6,0.01440836,-0.0077330674,0.0054107359,-0.00026517692,0.17602539,0,0,0,0
98179,fit,0,false,true,0.595,lower_clip,True,6,0.034392468,-0.010602448,0.0025920852,-8.1460194e-05,0.59130859,0,0,0,0
98179,fit,0,false,true,0.595,color_nr,True,6,0.014045686,0.0011903064,0.0071912849,-0.00026119818,0.12548828,0,0,0,0
98179,fit,0,false,true,0.595,sharpen,True,6,0.0019888176,-0.0061877097,0.0053046624,0.00063853047,0.45996094,0,0,0,0
98179,fit,0,false,true,0.595,default,True,6,0.014045686,-0.00035425081,0.0078012377,-0.00016601095,0.2434082,0,0,0,0
98179,fit,0,true,false,0.05,lower_clip,True,6,0.0033392011,-0.0045787552,0.0021403787,-0.0062072218,0.049804688,0,0,0,0
98179,fit,0,true,false,0.05,color_nr,True,6,0.0047296434,-0.004333394,0.0018368224,-0.0056985468,0.047607422,0,0,0,0
98179,fit,0,true,false,0.05,sharpen,True,6,0.001037099,-0.0052814418,0.0029552176,-0.0095705907,0.10717773,0,0,0,0
98179,fit,0,true,false,0.05,default,True,6,0.004730147,-0.0050856379,0.0026652293,-0.0090779636,0.10449219,0,0,0,0
98179,fit,0,true,false,0.15,lower_clip,True,6,0.0033614116,-0.0055497056,0.0026375315,-0.0071930187,0.15136719,0,0,0,0
98179,fit,0,true,false,0.15,color_nr,True,6,0.0061576081,-0.0045341038,0.0014919827,-0.0049193164,0.13256836,0,0,0,0
98179,fit,0,true,false,0.15,sharpen,True,6,0.0011613969,-0.0040736131,0.0027920369,-0.0090749036,0.21850586,0,0,0,0
98179,fit,0,true,false,0.15,default,True,6,0.0061576081,-0.0033539493,0.0017476317,-0.007065355,0.20654297,0,0,0,0
98179,fit,0,true,false,0.3,lower_clip,True,6,0.0052809085,-0.0039125695,0.0016608189,-0.00083714702,0.30322266,0,0,0,0
98179,fit,0,true,false,0.3,color_nr,True,6,0.0067459091,-0.0013402084,-0.0010208988,0.0049495369,0.23754883,0,0,0,0
98179,fit,0,true,false,0.3,sharpen,True,6,0.002139092,-0.00030349794,0.0010263601,-0.00042604727,0.3515625,0,0,0,0
98179,fit,0,true,false,0.3,default,True,6,0.0067459091,0.0014865456,-0.001357331,0.0044135322,0.31005859,0,0,0,0
98179,fit,0,true,false,0.45,lower_clip,True,6,0.026210039,0.0041035328,-0.0029151946,0.022693136,0.45166016,0,0,0,0
98179,fit,0,true,false,0.45,color_nr,True,6,0.014443768,0.0086074036,-0.007338321,0.032522881,0.32177734,0,0,0,0
98179,fit,0,true,false,0.45,sharpen,True,6,0.011173894,0.0089189831,-0.0040851549,0.024911587,0.46582031,0,0,0,0
98179,fit,0,true,false,0.45,default,True,6,0.011963547,0.012293386,-0.0080428763,0.033090449,0.37866211,0,0,0,0
98179,fit,0,true,false,0.595,lower_clip,True,6,0.027161403,0.0050761827,-0.0035135511,0.028384287,0.59033203,0,0,0,0
98179,fit,0,true,false,0.595,color_nr,True,6,0.0059750663,0.011793211,-0.0097735954,0.042217416,0.38720703,0,0,0,0
98179,fit,0,true,false,0.595,sharpen,True,6,0.002535073,0.010474177,-0.0050315124,0.031983194,0.5300293,0,0,0,0
98179,fit,0,true,false,0.595,default,True,6,0.0059750663,0.016031268,-0.010757959,0.043660179,0.41870117,0,0,0,0
98179,fit,0,true,true,0.05,lower_clip,True,6,0.0041975563,-0.0045903654,0.0016660643,-0.0061989438,0.049804688,0,0,0,0
98179,fit,0,true,true,0.05,color_nr,True,6,0.0060681754,-0.001074993,-0.0065713676,0.0066283479,0.011962891,0,0,0,0
98179,fit,0,true,true,0.05,sharpen,True,6,0.0019395234,-0.0054842051,0.0023825033,-0.0079107877,0.079345703,0,0,0,0
98179,fit,0,true,true,0.05,default,True,6,0.0060681754,-0.0024207055,-0.0057781665,0.0040249012,0.038818359,0,0,0,0
98179,fit,0,true,true,0.15,lower_clip,True,6,0.0042202891,-0.0055509828,0.0020980924,-0.0071921081,0.15136719,0,0,0,0
98179,fit,0,true,true,0.15,color_nr,True,6,0.006181104,-0.00051583103,-0.007046067,0.008840327,0.050537109,0,0,0,0
98179,fit,0,true,true,0.15,sharpen,True,6,0.0020243371,-0.0052964303,0.002462169,-0.0079517233,0.17382812,0,0,0,0
98179,fit,0,true,true,0.15,default,True,6,0.006181104,-0.0010967128,-0.0063920911,0.0062208354,0.10205078,0,0,0,0
98179,fit,0,true,true,0.3,lower_clip,True,6,0.0043049788,-0.0038994208,0.0010528683,-0.00085007743,0.30322266,0,0,0,0
98179,fit,0,true,true,0.3,color_nr,True,6,0.0065874169,0.0029120075,-0.0090380427,0.018401956,0.11914062,0,0,0,0
98179,fit,0,true,true,0.3,sharpen,True,6,0.0021922035,-0.0021195861,0.00083434946,0.00021443546,0.27514648,0,0,0,0
98179,fit,0,true,true,0.3,default,True,6,0.0065874169,0.0035664311,-0.008776894,0.016716871,0.1809082,0,0,0,0
98179,fit,0,true,true,0.45,lower_clip,True,6,0.012579997,0.004136646,-0.003589906,0.022659775,0.45166016,0,0,0,0
98179,fit,0,true,true,0.45,color_nr,True,6,0.011469385,0.01274523,-0.014635901,0.044728076,0.18969727,0,0,0,0
98179,fit,0,true,true,0.45,sharpen,True,6,0.007558777,0.0072455576,-0.0043729718,0.025589155,0.35083008,0,0,0,0
98179,fit,0,true,true,0.45,default,True,6,0.010508451,0.014409178,-0.014749255,0.044074188,0.24731445,0,0,0,0
98179,fit,0,true,true,0.595,lower_clip,True,6,0.018580699,0.0051518194,-0.0042707378,0.028339523,0.59082031,0,0,0,0
98179,fit,0,true,true,0.595,color_nr,True,6,0.00705428,0.015676654,-0.016387062,0.05282274,0.25317383,0,0,0,0
98179,fit,0,true,true,0.595,sharpen,True,6,0.0024545195,0.0094155988,-0.0055748951,0.033013614,0.40673828,0,0,0,0
98179,fit,0,true,true,0.595,default,True,6,0.00705428,0.018112504,-0.016814116,0.053050601,0.29882812,0,0,0,0
98179,fit,1,false,false,0.05,lower_clip,True,6,0.011264376,-0.013360761,-6.8537645e-19,-8.6490869e-19,0.049316406,0,0,0,0
98179,fit,1,false,false,0.05,color_nr,True,6,0.011263873,-0.013360761,5.4049691e-10,-1.8105857e-11,0.049316406,0,0,0,0
98179,fit,1,false,false,0.05,sharpen,True,6,0.011662478,-0.017703413,-7.8903902e-19,-9.9572534e-19,0.089111328,0,0,0,0
98179,fit,1,false,false,0.05,default,True,6,0.011662478,-0.017703413,6.4419188e-10,-2.7150696e-11,0.089599609,0,0,0,0
98179,fit,1,false,false,0.15,lower_clip,True,6,0.0077197684,-0.015769015,-5.8291591e-19,-7.3560892e-19,0.14648438,0,0,0,0
98179,fit,1,false,false,0.15,color_nr,True,6,0.0077197684,-0.015769015,4.9270395e-10,4.1517635e-12,0.14648438,0,0,0,0
98179,fit,1,false,false,0.15,sharpen,True,6,0.0086965338,-0.018162512,-7.1981698e-19,-9.083708e-19,0.20336914,0,0,0,0
98179,fit,1,false,false,0.15,default,True,6,0.0086965338,-0.018162512,5.3491936e-10,7.0113979e-13,0.20288086,0,0,0,0
98179,fit,1,false,false,0.3,lower_clip,True,6,0.0069137325,-0.0053365025,-5.4711397e-19,-6.9042878e-19,0.30004883,0,0,0,0
98179,fit,1,false,false,0.3,color_nr,True,6,0.0069137325,-0.0053365024,5.45958e-10,1.3980151e-11,0.30004883,0,0,0,0
98179,fit,1,false,false,0.3,sharpen,True,6,0.008517739,-0.0052743677,-5.7751727e-19,-7.2879613e-19,0.35205078,0,0,0,0
98179,fit,1,false,false,0.3,default,True,6,0.008517739,-0.0052743676,5.7113195e-10,1.1118543e-11,0.35302734,0,0,0,0
98179,fit,1,false,false,0.45,lower_clip,True,6,0.028674083,0.034661129,7.6086679e-19,9.601735e-19,0.44775391,0,0,0,0
98179,fit,1,false,false,0.45,color_nr,True,6,0.028674083,0.034661129,4.6433275e-10,2.7521995e-11,0.44775391,0,0,0,0
98179,fit,1,false,false,0.45,sharpen,True,6,0.0089413894,0.036281025,7.7071933e-19,9.7260687e-19,0.49121094,0,0,0,0
98179,fit,1,false,false,0.45,default,True,6,0.0089413894,0.036281025,4.7585457e-10,2.5815294e-11,0.49121094,0,0,0,0
98179,fit,1,false,false,0.595,lower_clip,True,6,0.10574951,0.04490643,8.9297308e-19,1.1268846e-18,0.58032227,0,0,0,0
98179,fit,1,false,false,0.595,color_nr,True,6,0.10574951,0.04490643,3.6156817e-10,2.4086461e-11,0.58032227,0,0,0,0
98179,fit,1,false,false,0.595,sharpen,True,6,0.18402837,0.047151449,9.4367472e-19,1.1908674e-18,0.5949707,0,0,0,0
98179,fit,1,false,false,0.595,default,True,6,0.18402837,0.047151449,3.6297335e-10,2.3723379e-11,0.59472656,0,0,0,0
98179,fit,1,false,true,0.05,lower_clip,True,6,0.017656177,-0.0076905361,-0.0041176767,0.00029220187,0.050292969,0,0,0,0
98179,fit,1,false,true,0.05,color_nr,True,6,0.24119133,-0.0040837864,0.00021442427,3.8516866e-05,0.0012207031,0,0,0,0
98179,fit,1,false,true,0.05,sharpen,True,6,0.01702323,-0.0095553095,-0.0030379216,0.00056635916,0.051757812,0,0,0,0
98179,fit,1,false,true,0.05,default,True,6,0.10751712,-0.006270244,0.00020984518,4.5884103e-05,0.0078125,0,0,0,0
98179,fit,1,false,true,0.15,lower_clip,True,6,0.017634844,-0.012085516,-0.0039641643,0.00028888687,0.14941406,0,0,0,0
98179,fit,1,false,true,0.15,color_nr,True,6,0.072344989,-0.0059244678,0.0012871308,-9.4275069e-06,0.0092773438,0,0,0,0
98179,fit,1,false,true,0.15,sharpen,True,6,0.017398193,-0.01326498,-0.0022703779,0.00061455907,0.1418457,0,0,0,0
98179,fit,1,false,true,0.15,default,True,6,0.045455577,-0.0089270259,0.0014070005,5.9854365e-06,0.034912109,0,0,0,0
98179,fit,1,false,true,0.3,lower_clip,True,6,0.04023825,-0.015531749,-0.0021703023,0.0001938389,0.30517578,0,0,0,0
98179,fit,1,false,true,0.3,color_nr,True,6,0.071525224,-0.0067883586,0.0032490435,-6.7305085e-05,0.032958984,0,0,0,0
98179,fit,1,false,true,0.3,sharpen,True,6,0.038172189,-0.01508173,-0.00013200322,0.00057856288,0.25366211,0,0,0,0
98179,fit,1,false,true,0.3,default,True,6,0.049088387,-0.009858074,0.0035579847,-3.0644585e-05,0.088378906,0,0,0,0
98179,fit,1,false,true,0.45,lower_clip,True,6,0.013899683,-0.015689675,0.00017596917,5.9905831e-05,0.44970703,0,0,0,0
98179,fit,1,false,true,0.45,color_nr,True,6,0.039114958,-0.0051775336,0.0054618379,-8.7415875e-05,0.067138672,0,0,0,0
98179,fit,1,false,true,0.45,sharpen,True,6,0.013473385,-0.013705482,0.0023053595,0.00053034212,0.35742188,0,0,0,0
98179,fit,1,false,true,0.45,default,True,6,0.039114958,-0.0076885556,0.0058785366,-3.381154e-05,0.14379883,0,0,0,0
98179,fit,1,false,true,0.595,lower_clip,True,6,0.050562439,-0.010817789,0.0027646629,-5.4230219e-05,0.58789062,0,0,0,0
98179,fit,1,false,true,0.595,color_nr,True,6,0.034878731,0.000808981,0.0078282572,-1.6037224e-05,0.11914062,0,0,0,0
98179,fit,1,false,true,0.595,sharpen,True,6,0.011507097,-0.0076533413,0.0048567552,0.00051642686,0.44482422,0,0,0,0
98179,fit,1,false,true,0.595,default,True,6,0.03463956,-0.00073685508,0.0082582902,4.7127852e-05,0.20922852,0,0,0,0
98179,fit,1,true,false,0.05,lower_clip,True,6,0.018257578,-0.0046398183,0.0021507113,-0.0062180321,0.049316406,0,0,0,0
98179,fit,1,true,false,0.05,color_nr,True,6,0.014354218,-0.0043915596,0.001850449,-0.0056824662,0.045654297,0,0,0,0
98179,fit,1,true,false,0.05,sharpen,True,6,0.018257578,-0.0052760744,0.0027492554,-0.0086163954,0.087646484,0,0,0,0
98179,fit,1,true,false,0.05,default,True,6,0.014353718,-0.0050732059,0.0024629697,-0.0081085608,0.084716797,0,0,0,0
98179,fit,1,true,false,0.15,lower_clip,True,6,0.024957679,-0.0056287667,0.0026568614,-0.007229997,0.14648438,0,0,0,0
98179,fit,1,true,false,0.15,color_nr,True,6,0.020938375,-0.0046201298,0.0015378555,-0.0049386578,0.12670898,0,0,0,0
98179,fit,1,true,false,0.15,sharpen,True,6,0.024957679,-0.0047911866,0.0028193213,-0.0086928276,0.19750977,0,0,0,0
98179,fit,1,true,false,0.15,default,True,6,0.020938375,-0.0040130936,0.0017821428,-0.0066327998,0.18505859,0,0,0,0
98179,fit,1,true,false,0.3,lower_clip,True,6,0.023532462,-0.0040185034,0.0016947265,-0.00093973332,0.30004883,0,0,0,0
98179,fit,1,true,false,0.3,color_nr,True,6,0.020110647,-0.0015032798,-0.00089388944,0.0047539554,0.23193359,0,0,0,0
98179,fit,1,true,false,0.3,sharpen,True,6,0.023532462,-0.0016395124,0.0012914439,-0.00076487371,0.33105469,0,0,0,0
98179,fit,1,true,false,0.3,default,True,6,0.020110647,0.00030413393,-0.0010751113,0.0041988702,0.28686523,0,0,0,0
98179,fit,1,true,false,0.45,lower_clip,True,6,0.019431129,0.0037848706,-0.0027611341,0.022014772,0.45019531,0,0,0,0
98179,fit,1,true,false,0.45,color_nr,True,6,0.019322018,0.0081379647,-0.0069916921,0.031537468,0.31738281,0,0,0,0
98179,fit,1,true,false,0.45,sharpen,True,6,0.019431129,0.007178325,-0.0036033738,0.023662944,0.43066406,0,0,0,0
98179,fit,1,true,false,0.45,default,True,6,0.019322018,0.010660613,-0.0074696791,0.031863424,0.3527832,0,0,0,0
98179,fit,1,true,false,0.595,lower_clip,True,6,0.063216093,0.005032439,-0.0035156125,0.028430156,0.58032227,0,0,0,0
98179,fit,1,true,false,0.595,color_nr,True,6,0.018141787,0.011511653,-0.0094995483,0.041780427,0.38232422,0,0,0,0
98179,fit,1,true,false,0.595,sharpen,True,6,0.016201685,0.009115531,-0.0047125099,0.031403984,0.49389648,0,0,0,0
98179,fit,1,true,false,0.595,default,True,6,0.018141787,0.014528189,-0.010212391,0.042824435,0.39624023,0,0,0,0
98179,fit,1,true,true,0.05,lower_clip,True,6,0.015872852,-0.0046773584,0.0017029089,-0.006191266,0.049316406,0,0,0,0
98179,fit,1,true,true,0.05,color_nr,True,6,0.033190666,-0.0012853956,-0.0059881092,0.0060701481,0.010498047,0,0,0,0
98179,fit,1,true,true,0.05,sharpen,True,6,0.015872852,-0.0053152779,0.0021907151,-0.0073507419,0.065673828,0,0,0,0
98179,fit,1,true,true,0.05,default,True,6,0.025832145,-0.0022626394,-0.005435111,0.0042648701,0.028808594,0,0,0,0
98179,fit,1,true,true,0.15,lower_clip,True,6,0.014994573,-0.0056563699,0.0021443939,-0.0072103159,0.14648438,0,0,0,0
98179,fit,1,true,true,0.15,color_nr,True,6,0.026376102,-0.0007873202,-0.0064248842,0.0081973179,0.048828125,0,0,0,0
98179,fit,1,true,true,0.15,sharpen,True,6,0.014994573,-0.0055183542,0.0023965123,-0.0077239507,0.15332031,0,0,0,0
98179,fit,1,true,true,0.15,default,True,6,0.026376102,-0.0012972895,-0.0059415039,0.0062769148,0.0859375,0,0,0,0
98179,fit,1,true,true,0.3,lower_clip,True,6,0.015810211,-0.0040293937,0.0011132084,-0.00093221505,0.30004883,0,0,0,0
98179,fit,1,true,true,0.3,color_nr,True,6,0.027274591,0.0025437758,-0.008363367,0.017614174,0.11694336,0,0,0,0
98179,fit,1,true,true,0.3,sharpen,True,6,0.015810211,-0.0027811936,0.0009434137,-0.00010293537,0.25366211,0,0,0,0
98179,fit,1,true,true,0.3,default,True,6,0.027274591,0.0029062033,-0.0081534081,0.016322079,0.16308594,0,0,0,0
98179,fit,1,true,true,0.45,lower_clip,True,6,0.017922156,0.0037881867,-0.0034048881,0.021991173,0.44995117,0,0,0,0
98179,fit,1,true,true,0.45,color_nr,True,6,0.027859685,0.012064551,-0.013783312,0.043242976,0.18554688,0,0,0,0
98179,fit,1,true,true,0.45,sharpen,True,6,0.017922156,0.0060659274,-0.0040058243,0.024237103,0.33251953,0,0,0,0
98179,fit,1,true,true,0.45,default,True,6,0.027859685,0.013177757,-0.013848845,0.042699994,0.22753906,0,0,0,0
98179,fit,1,true,true,0.595,lower_clip,True,6,0.052444353,0.0050737969,-0.0042389283,0.028418271,0.58056641,0,0,0,0
98179,fit,1,true,true,0.595,color_nr,True,6,0.027871578,0.015183972,-0.015637197,0.051994672,0.25024414,0,0,0,0
98179,fit,1,true,true,0.595,sharpen,True,6,0.019946605,0.0082723236,-0.0052479009,0.032006839,0.39404297,0,0,0,0
98179,fit,1,true,true,0.595,default,True,6,0.027871578,0.016910482,-0.015948176,0.052135912,0.28100586,0,0,0,0
98179,fit,2,false,false,0.05,lower_clip,True,6,0.011429126,-0.013544244,-1.0285737e-18,-1.2980054e-18,0.048583984,0,0,0,0
98179,fit,2,false,false,0.05,color_nr,True,6,0.011429126,-0.013544244,4.7003393e-10,-1.7732119e-11,0.048583984,0,0,0,0
98179,fit,2,false,false,0.05,sharpen,True,6,0.012788857,-0.016767592,-1.0803078e-18,-1.3632911e-18,0.078613281,0,0,0,0
98179,fit,2,false,false,0.05,default,True,6,0.012788857,-0.016767592,5.3072019e-10,-2.3514824e-11,0.078369141,0,0,0,0
98179,fit,2,false,false,0.15,lower_clip,True,6,0.0065844391,-0.015975007,-4.6822891e-19,-5.9088002e-19,0.14794922,0,0,0,0
98179,fit,2,false,false,0.15,color_nr,True,6,0.0065844391,-0.015975007,4.34336e-10,5.4974331e-12,0.14794922,0,0,0,0
98179,fit,2,false,false,0.15,sharpen,True,6,0.0080915142,-0.018133244,-5.3639803e-19,-6.7690584e-19,0.19018555,0,0,0,0
98179,fit,2,false,false,0.15,default,True,6,0.0080915142,-0.018133244,4.9218388e-10,-7.5333911e-13,0.18920898,0,0,0,0
98179,fit,2,false,false,0.3,lower_clip,True,6,0.0012367698,-0.0057728956,-3.0533664e-19,-3.8531863e-19,0.30371094,0,0,0,0
98179,fit,2,false,false,0.3,color_nr,True,6,0.0012367698,-0.0057728957,4.9730435e-10,9.6136999e-12,0.30371094,0,0,0,0
98179,fit,2,false,false,0.3,sharpen,True,6,0.0014926728,-0.0062688822,-3.5837031e-19,-4.5224431e-19,0.34277344,0,0,0,0
98179,fit,2,false,false,0.3,default,True,6,0.0014921218,-0.0062688823,5.2168371e-10,7.1458802e-12,0.34326172,0,0,0,0
98179,fit,2,false,false,0.45,lower_clip,True,6,0.071587348,0.034365355,7.4389114e-19,9.3875112e-19,0.44604492,0,0,0,0
98179,fit,2,false,false,0.45,color_nr,True,6,0.071587348,0.034365355,3.9324489e-10,2.547388e-11,0.44604492,0,0,0,0
98179,fit,2,false,false,0.45,sharpen,False,0,,,,,,1,0,0,0
98179,fit,2,false,false,0.45,default,False,0,,,,,,1,0,0,0
98179,fit,2,false,false,0.595,lower_clip,True,6,0.17095821,0.044975163,8.9984774e-19,1.1355601e-18,0.57543945,0,0,0,0
98179,fit,2,false,false,0.595,color_nr,True,6,0.17095773,0.044975163,3.2533951e-10,2.2686691e-11,0.57543945,0,0,0,0
98179,fit,2,false,false,0.595,sharpen,True,6,0.23268446,0.046261958,9.2500963e-19,1.167313e-18,0.59033203,0,0,0,0
98179,fit,2,false,false,0.595,default,True,6,0.2157198,0.046261958,3.3102396e-10,2.2225843e-11,0.59350586,0,0,0,0
98179,fit,2,false,true,0.05,lower_clip,True,6,0.011657619,-0.0077000554,-0.0040629148,0.00033336926,0.049560547,0,0,0,0
98179,fit,2,false,true,0.05,color_nr,True,6,0.38059464,-0.004387227,0.0002620789,0.0001505938,0.0012207031,0,0,0,0
98179,fit,2,false,true,0.05,sharpen,True,6,0.011657619,-0.0089153884,-0.0033165111,0.00050215819,0.044677734,0,0,0,0
98179,fit,2,false,true,0.05,default,True,6,0.20259549,-0.0058150337,0.00027034903,0.00016691239,0.0053710938,0,0,0,0
98179,fit,2,false,true,0.15,lower_clip,True,6,0.011440015,-0.012169877,-0.0038698354,0.00027013627,0.15063477,0,0,0,0
98179,fit,2,false,true,0.15,color_nr,True,6,0.12078057,-0.0064589474,0.0014251283,0.00013986243,0.011230469,0,0,0,0
98179,fit,2,false,true,0.15,sharpen,True,6,0.011954313,-0.013005279,-0.002624163,0.00049056605,0.12915039,0,0,0,0
98179,fit,2,false,true,0.15,default,True,6,0.089140538,-0.0084755937,0.0015137113,0.0001663867,0.029785156,0,0,0,0
98179,fit,2,false,true,0.3,lower_clip,True,6,0.065383619,-0.015683468,-0.0019818401,0.00017177527,0.31152344,0,0,0,0
98179,fit,2,false,true,0.3,color_nr,True,6,0.10936906,-0.0075413027,0.003455435,0.00016821432,0.040527344,0,0,0,0
98179,fit,2,false,true,0.3,sharpen,True,6,0.090326852,-0.01538062,-0.00043656233,0.00045761249,0.22924805,0,0,0,0
98179,fit,2,false,true,0.3,default,True,6,0.10250302,-0.009606213,0.0036634021,0.00020989899,0.083496094,0,0,0,0
98179,fit,2,false,true,0.45,lower_clip,True,6,0.011679711,-0.015879776,0.00041258765,4.5662889e-05,0.45629883,0,0,0,0
98179,fit,2,false,true,0.45,color_nr,True,6,0.087926189,-0.0060462891,0.0056618255,0.00023721279,0.078857422,0,0,0,0
98179,fit,2,false,true,0.45,sharpen,True,6,0.012326837,-0.014440068,0.0020415773,0.00040459801,0.34033203,0,0,0,0
98179,fit,2,false,true,0.45,default,True,6,0.087926189,-0.0076838009,0.0059305871,0.00028148376,0.13696289,0,0,0,0
98179,fit,2,false,true,0.595,lower_clip,True,6,0.057560763,-0.011114236,0.0029531891,-9.5588516e-05,0.57910156,0,0,0,0
98179,fit,2,false,true,0.595,color_nr,True,6,0.084086683,-0.00019086944,0.0079364139,0.00032280958,0.13647461,0,0,0,0
98179,fit,2,false,true,0.595,sharpen,True,6,0.012925878,-0.0087128709,0.004554463,0.00033279644,0.43017578,0,0,0,0
98179,fit,2,false,true,0.595,default,True,6,0.084086683,-0.0011235155,0.0082015595,0.00036342382,0.20141602,0,0,0,0
98179,fit,2,true,false,0.05,lower_clip,True,6,0.015174161,-0.0047341631,0.0021777962,-0.006281588,0.048583984,0,0,0,0
98179,fit,2,true,false,0.05,color_nr,True,6,0.016766104,-0.0044755563,0.0018783034,-0.0056889135,0.044189453,0,0,0,0
98179,fit,2,true,false,0.05,sharpen,True,6,0.015174161,-0.0052492194,0.0026082547,-0.0079735952,0.076660156,0,0,0,0
98179,fit,2,true,false,0.05,default,True,6,0.017046264,-0.0050335466,0.0023232137,-0.0074174316,0.072509766,0,0,0,0
98179,fit,2,true,false,0.15,lower_clip,True,6,0.02422178,-0.005728534,0.0026864758,-0.0073057353,0.14794922,0,0,0,0
98179,fit,2,true,false,0.15,color_nr,True,6,0.016079795,-0.0047323485,0.0016169726,-0.0049750933,0.12402344,0,0,0,0
98179,fit,2,true,false,0.15,sharpen,True,6,0.02422178,-0.005262063,0.0028318733,-0.0084084271,0.17944336,0,0,0,0
98179,fit,2,true,false,0.15,default,True,6,0.016080155,-0.0044554276,0.0018330549,-0.0062957676,0.1640625,0,0,0,0
98179,fit,2,true,false,0.3,lower_clip,True,6,0.024855863,-0.0041677428,0.0017517482,-0.0011444739,0.30371094,0,0,0,0
98179,fit,2,true,false,0.3,color_nr,True,6,0.020074501,-0.0017704619,-0.00065866761,0.0043629888,0.22607422,0,0,0,0
98179,fit,2,true,false,0.3,sharpen,True,6,0.024855863,-0.0025459592,0.0014746788,-0.0010224704,0.3034668,0,0,0,0
98179,fit,2,true,false,0.3,default,True,6,0.020074501,-0.00059432078,-0.0007568378,0.0038693394,0.26025391,0,0,0,0
98179,fit,2,true,false,0.45,lower_clip,True,6,0.021277272,0.0036610181,-0.0027197149,0.021892192,0.44995117,0,0,0,0
98179,fit,2,true,false,0.45,color_nr,True,6,0.020141228,0.0077659112,-0.0066400528,0.030965915,0.31323242,0,0,0,0
98179,fit,2,true,false,0.45,sharpen,True,6,0.021276387,0.0061600543,-0.0033677445,0.023243094,0.39697266,0,0,0,0
98179,fit,2,true,false,0.45,default,True,6,0.020141228,0.009571598,-0.0069921246,0.031216823,0.32788086,0,0,0,0
98179,fit,2,true,false,0.595,lower_clip,True,6,0.11114281,0.004993379,-0.0035225514,0.028507012,0.57543945,0,0,0,0
98179,fit,2,true,false,0.595,color_nr,True,6,0.020349305,0.011048705,-0.0090377164,0.041105483,0.38061523,0,0,0,0
98179,fit,2,true,false,0.595,sharpen,True,6,0.01840551,0.008161184,-0.0044910723,0.031005021,0.46191406,0,0,0,0
98179,fit,2,true,false,0.595,default,True,6,0.020349305,0.013308467,-0.0095940388,0.041964048,0.37158203,0,0,0,0
98179,fit,2,true,true,0.05,lower_clip,True,6,0.011441965,-0.0047969641,0.0017496888,-0.0062368109,0.048583984,0,0,0,0
98179,fit,2,true,true,0.05,color_nr,True,6,0.076035016,-0.0016483861,-0.005176972,0.0051131682,0.010742188,0,0,0,0
98179,fit,2,true,true,0.05,sharpen,True,6,0.011441965,-0.0052396584,0.0020789248,-0.0070107934,0.057128906,0,0,0,0
98179,fit,2,true,true,0.05,default,True,6,0.054824553,-0.0023295557,-0.004797941,0.0038764645,0.022216797,0,0,0,0
98179,fit,2,true,true,0.15,lower_clip,True,6,0.011703265,-0.005784022,0.0021954038,-0.0072661724,0.14794922,0,0,0,0
98179,fit,2,true,true,0.15,color_nr,True,6,0.056004219,-0.0012260805,-0.0055639962,0.007154917,0.048583984,0,0,0,0
98179,fit,2,true,true,0.15,sharpen,True,6,0.011703265,-0.0056914466,0.0023613404,-0.007575871,0.13720703,0,0,0,0
98179,fit,2,true,true,0.15,default,True,6,0.056004219,-0.0016302157,-0.0052171482,0.0057871471,0.073486328,0,0,0,0
98179,fit,2,true,true,0.3,lower_clip,True,6,0.011844581,-0.0042107484,0.0011940918,-0.0011180519,0.30371094,0,0,0,0
98179,fit,2,true,true,0.3,color_nr,True,6,0.057740007,0.0019432844,-0.0074174127,0.016330843,0.11376953,0,0,0,0
98179,fit,2,true,true,0.3,sharpen,True,6,0.011844581,-0.0032820058,0.0010430007,-0.00041815944,0.23657227,0,0,0,0
98179,fit,2,true,true,0.3,default,True,6,0.057740007,0.00213176,-0.0072522383,0.015354274,0.14648438,0,0,0,0
98179,fit,2,true,true,0.45,lower_clip,True,6,0.012142553,0.0036312367,-0.0033400734,0.021900422,0.44995117,0,0,0,0
98179,fit,2,true,true,0.45,color_nr,True,6,0.058587841,0.011354477,-0.012778561,0.041888328,0.18457031,0,0,0,0
98179,fit,2,true,true,0.45,sharpen,True,6,0.011821473,0.0053613104,-0.0038220707,0.023684979,0.31665039,0,0,0,0
98179,fit,2,true,true,0.45,default,True,6,0.058587841,0.012126667,-0.012825226,0.041476147,0.20874023,0,0,0,0
98179,fit,2,true,true,0.595,lower_clip,True,6,0.095495168,0.0049855223,-0.0042134815,0.02853251,0.57592773,0,0,0,0
98179,fit,2,true,true,0.595,color_nr,True,6,0.059256847,0.01438299,-0.014574246,0.05066693,0.24536133,0,0,0,0
98179,fit,2,true,true,0.595,sharpen,True,6,0.011696384,0.0074516321,-0.0050148738,0.031354031,0.38208008,0,0,0,0
98179,fit,2,true,true,0.595,default,True,6,0.059256847,0.015655928,-0.014818772,0.05080014,0.26098633,0,0,0,0
98179,fit,4,false,false,0.05,lower_clip,False,0,,,,,,1,0,0,0
98179,fit,4,false,false,0.05,color_nr,False,0,,,,,,1,0,0,0
98179,fit,4,false,false,0.05,sharpen,False,0,,,,,,1,0,0,0
98179,fit,4,false,false,0.05,default,False,0,,,,,,1,0,0,0
98179,fit,4,false,false,0.15,lower_clip,True,6,0.036943758,-0.016253301,-6.7355309e-19,-8.4998823e-19,0.14770508,0,0,0,0
98179,fit,4,false,false,0.15,color_nr,True,6,0.036943758,-0.016253302,3.0463896e-10,1.2483273e-12,0.14770508,0,0,0,0
98179,fit,4,false,false,0.15,sharpen,True,6,0.029585579,-0.017906185,-7.3029388e-19,-9.2159209e-19,0.1809082,0,0,0,0
98179,fit,4,false,false,0.15,default,True,6,0.029585579,-0.017906185,3.3377692e-10,-9.8342783e-13,0.18115234,0,0,0,0
98179,fit,4,false,false,0.3,lower_clip,True,6,0.038338095,-0.0061588885,-5.0385249e-19,-6.3583509e-19,0.29760742,0,0,0,0
98179,fit,4,false,false,0.3,color_nr,True,6,0.038338095,-0.0061588887,3.6488347e-10,3.5230786e-12,0.29760742,0,0,0,0
98179,fit,4,false,false,0.3,sharpen,True,6,0.031895468,-0.0068257529,-5.0816706e-19,-6.4127984e-19,0.33203125,0,0,0,0
98179,fit,4,false,false,0.3,default,True,6,0.031895468,-0.0068257531,3.8333619e-10,1.4902307e-12,0.33300781,0,0,0,0
98179,fit,4,false,false,0.45,lower_clip,True,6,0.14025753,0.033272087,7.2586408e-19,9.1600192e-19,0.42407227,0,0,0,0
98179,fit,4,false,false,0.45,color_nr,True,6,0.1402579,0.033272087,2.3362017e-10,2.1796602e-11,0.42407227,0,0,0,0
98179,fit,4,false,false,0.45,sharpen,True,6,0.078010606,0.033390297,7.4354025e-19,9.3830832e-19,0.45776367,0,0,0,0
98179,fit,4,false,false,0.45,default,True,6,0.078010606,0.033390298,2.4400888e-10,2.0751107e-11,0.45825195,0,0,0,0
98179,fit,4,false,false,0.595,lower_clip,True,6,0.24142779,0.044902021,8.9504273e-19,1.1294964e-18,0.55981445,0,0,0,0
98179,fit,4,false,false,0.595,color_nr,True,6,0.24142731,0.044902021,2.5364453e-10,1.3229934e-11,0.55981445,0,0,0,0
98179,fit,4,false,false,0.595,sharpen,True,6,0.31165702,0.045472681,9.1403135e-19,1.153459e-18,0.57641602,0,0,0,0
98179,fit,4,false,false,0.595,default,True,6,0.31165657,0.045472681,2.5918912e-10,1.2869295e-11,0.578125,0,0,0,0
98179,fit,4,false,true,0.05,lower_clip,True,6,0.055522171,-0.008029732,-0.0040540236,0.00035024082,0.047119141,0,0,0,0
98179,fit,4,false,true,0.05,color_nr,True,6,0.81566729,-0.0053654784,-9.4679874e-05,0.00035237021,0.0048828125,0,0,0,0
98179,fit,4,false,true,0.05,sharpen,True,6,0.055522171,-0.0087644959,-0.0035526551,0.00044717213,0.038330078,0,0,0,0
98179,fit,4,false,true,0.05,default,True,6,0.25549303,-0.0062314676,-6.1529488e-05,0.00037806672,0.010253906,0,0,0,0
98179,fit,4,false,true,0.15,lower_clip,True,6,0.055059199,-0.01248779,-0.0037890272,0.00035354998,0.14941406,0,0,0,0
98179,fit,4,false,true,0.15,color_nr,True,6,0.19086118,-0.0079112623,0.0010644934,0.00050201253,0.016357422,0,0,0,0
98179,fit,4,false,true,0.15,sharpen,True,6,0.055059199,-0.01297821,-0.002937406,0.00048529201,0.11328125,0,0,0,0
98179,fit,4,false,true,0.15,default,True,6,0.1362856,-0.0091035349,0.0011717332,0.00055798899,0.028076172,0,0,0,0
98179,fit,4,false,true,0.3,lower_clip,True,6,0.091619149,-0.016094125,-0.0018825832,0.0002933461,0.31225586,0,0,0,0
98179,fit,4,false,true,0.3,color_nr,True,6,0.14336273,-0.0095324579,0.0031792138,0.00069270446,0.054931641,0,0,0,0
98179,fit,4,false,true,0.3,sharpen,True,6,0.08993827,-0.015817289,-0.00080822071,0.0004692071,0.23217773,0,0,0,0
98179,fit,4,false,true,0.3,default,True,6,0.14336273,-0.010671553,0.0033469644,0.00074989829,0.088134766,0,0,0,0
98179,fit,4,false,true,0.45,lower_clip,False,0,,,,,,1,0,0,0
98179,fit,4,false,true,0.45,color_nr,True,6,0.14111889,-0.008373354,0.005404413,0.0008308023,0.10253906,0,0,0,0
98179,fit,4,false,true,0.45,sharpen,False,0,,,,,,1,0,0,0
98179,fit,4,false,true,0.45,default,False,0,,,,,,1,0,0,0
98179,fit,4,false,true,0.595,lower_clip,True,6,0.080165409,-0.011717006,0.0030163141,3.3851563e-05,0.5625,0,0,0,0
98179,fit,4,false,true,0.595,color_nr,True,6,0.14300741,-0.0027243004,0.0076427094,0.00090095896,0.16845703,0,0,0,0
98179,fit,4,false,true,0.595,sharpen,True,6,0.049858417,-0.0098825293,0.0041342882,0.00031144371,0.40356445,0,0,0,0
98179,fit,4,false,true,0.595,default,True,6,0.14300741,-0.0029059993,0.0078008898,0.00093619157,0.20507812,0,0,0,0
98179,fit,4,true,false,0.05,lower_clip,True,6,0.03003213,-0.0048848524,0.002210904,-0.0063340751,0.047607422,0,0,0,0
98179,fit,4,true,false,0.05,color_nr,True,6,0.030774411,-0.0046167944,0.0019259449,-0.0056604265,0.040283203,0,0,0,0
98179,fit,4,true,false,0.05,sharpen,True,6,0.023953456,-0.0052383577,0.0024840584,-0.0073903923,0.060302734,0,0,0,0
98179,fit,4,true,false,0.05,default,True,6,0.027365643,-0.0050180391,0.0022167989,-0.0067704818,0.056884766,0,0,0,0
98179,fit,4,true,false,0.15,lower_clip,True,6,0.035878951,-0.0059019424,0.002729995,-0.0073805189,0.14770508,0,0,0,0
98179,fit,4,true,false,0.15,color_nr,True,6,0.03850478,-0.0049444254,0.001771752,-0.0050143375,0.11425781,0,0,0,0
98179,fit,4,true,false,0.15,sharpen,True,6,0.029711263,-0.0056307419,0.0028225904,-0.0080680047,0.15966797,0,0,0,0
98179,fit,4,true,false,0.15,default,True,6,0.03850478,-0.0048433837,0.0019314415,-0.0059259947,0.14160156,0,0,0,0
98179,fit,4,true,false,0.3,lower_clip,True,6,0.033902776,-0.0043765787,0.0018130162,-0.0012707869,0.29760742,0,0,0,0
98179,fit,4,true,false,0.3,color_nr,True,6,0.044910305,-0.0022000761,-0.00025508287,0.0039206229,0.2097168,0,0,0,0
98179,fit,4,true,false,0.3,sharpen,True,6,0.025754745,-0.0032665837,0.0015973179,-0.0010579755,0.27319336,0,0,0,0
98179,fit,4,true,false,0.3,default,True,6,0.044910305,-0.0014606474,-0.0003159934,0.0035758388,0.22705078,0,0,0,0
98179,fit,4,true,false,0.45,lower_clip,True,6,0.032152075,0.0032920111,-0.0025694334,0.021375794,0.453125,0,0,0,0
98179,fit,4,true,false,0.45,color_nr,True,6,0.052945701,0.00686602,-0.005829766,0.029512026,0.29321289,0,0,0,0
98179,fit,4,true,false,0.45,sharpen,True,6,0.02622307,0.0051106553,-0.0030800702,0.022550992,0.35888672,0,0,0,0
98179,fit,4,true,false,0.45,default,True,6,0.052945701,0.0081243603,-0.0060948793,0.029752071,0.28833008,0,0,0,0
98179,fit,4,true,false,0.595,lower_clip,True,6,0.21683762,0.0048278074,-0.0034892422,0.028572914,0.55981445,0,0,0,0
98179,fit,4,true,false,0.595,color_nr,True,6,0.054308305,0.00996146,-0.0079939946,0.03954699,0.36254883,0,0,0,0
98179,fit,4,true,false,0.595,sharpen,True,6,0.026530621,0.0072350371,-0.0042682829,0.030664465,0.42431641,0,0,0,0
98179,fit,4,true,false,0.595,default,True,6,0.054308305,0.011642906,-0.0084400961,0.040307798,0.34057617,0,0,0,0
98179,fit,4,true,true,0.05,lower_clip,True,6,0.055483883,-0.0049849523,0.0018286595,-0.0062627039,0.047607422,0,0,0,0
98179,fit,4,true,true,0.05,color_nr,True,6,0.15970038,-0.0024788449,-0.0033613919,0.0027622025,0.011962891,0,0,0,0
98179,fit,4,true,true,0.05,sharpen,True,6,0.055483883,-0.0052436665,0.002021507,-0.0067177403,0.047363281,0,0,0,0
98179,fit,4,true,true,0.05,default,True,6,0.11529627,-0.0028988134,-0.0031270664,0.0020055451,0.019042969,0,0,0,0
98179,fit,4,true,true,0.15,lower_clip,True,6,0.056241891,-0.0059937754,0.002285378,-0.007315042,0.14770508,0,0,0,0
98179,fit,4,true,true,0.15,color_nr,True,6,0.11097273,-0.0022758726,-0.0036177773,0.0044828678,0.048828125,0,0,0,0
98179,fit,4,true,true,0.15,sharpen,True,6,0.056241891,-0.0058791404,0.0023607454,-0.0074293387,0.12524414,0,0,0,0
98179,fit,4,true,true,0.15,default,True,6,0.11097273,-0.0025455195,-0.0033961725,0.0036225075,0.063232422,0,0,0,0
98179,fit,4,true,true,0.3,lower_clip,True,6,0.058059871,-0.0044499407,0.0012995447,-0.0012209409,0.2980957,0,0,0,0
98179,fit,4,true,true,0.3,color_nr,True,6,0.11543023,0.00062523585,-0.0053357839,0.013349742,0.11254883,0,0,0,0
98179,fit,4,true,true,0.3,sharpen,True,6,0.056382594,-0.0037314661,0.0011448072,-0.00059663592,0.21484375,0,0,0,0
98179,fit,4,true,true,0.3,default,True,6,0.11543023,0.0007422412,-0.0052341654,0.012743702,0.13037109,0,0,0,0
98179,fit,4,true,true,0.45,lower_clip,True,6,0.061516704,0.003238691,-0.0031478508,0.021384661,0.45288086,0,0,0,0
98179,fit,4,true,true,0.45,color_nr,True,6,0.1169884,0.0095824402,-0.010457184,0.038181026,0.17724609,0,0,0,0
98179,fit,4,true,true,0.45,sharpen,True,6,0.056022335,0.0045567352,-0.0035489217,0.022808598,0.2980957,0,0,0,0
98179,fit,4,true,true,0.45,default,True,6,0.1169884,0.010118822,-0.010508989,0.037977147,0.18774414,0,0,0,0
98179,fit,4,true,true,0.595,lower_clip,True,6,0.12233889,0.0048083634,-0.0041440146,0.028604382,0.55981445,0,0,0,0
98179,fit,4,true,true,0.595,color_nr,True,6,0.11793052,0.012474453,-0.012179567,0.047227826,0.23974609,0,0,0,0
98179,fit,4,true,true,0.595,sharpen,True,6,0.055935247,0.006685044,-0.00478403,0.030788687,0.36474609,0,0,0,0
98179,fit,4,true,true,0.595,default,True,6,0.11793052,0.013407369,-0.012387448,0.047442921,0.23925781,0,0,0,0
98179,fit,8,false,false,0.05,lower_clip,True,6,0.30701429,-0.014334799,-7.6311775e-19,-9.6301408e-19,0.041503906,0,0,0,0
98179,fit,8,false,false,0.05,color_nr,True,6,0.30701429,-0.014334799,2.0549967e-10,-1.3005445e-11,0.041503906,0,0,0,0
98179,fit,8,false,false,0.05,sharpen,True,6,0.262658,-0.015658767,-8.0933498e-19,-1.0213378e-18,0.051269531,0,0,0,0
98179,fit,8,false,false,0.05,default,True,6,0.262658,-0.015658767,2.237981e-10,-1.4817403e-11,0.052001953,0,0,0,0
98179,fit,8,false,false,0.15,lower_clip,True,6,0.20275765,-0.017054871,-1.0078301e-18,-1.2718281e-18,0.15429688,0,0,0,0
98179,fit,8,false,false,0.15,color_nr,True,6,0.20275711,-0.017054871,1.4411898e-10,2.617782e-12,0.15429688,0,0,0,0
98179,fit,8,false,false,0.15,sharpen,True,6,0.18639392,-0.018192541,-1.0953631e-18,-1.38229e-18,0.17333984,0,0,0,0
98179,fit,8,false,false,0.15,default,True,6,0.18639392,-0.018192541,1.6556128e-10,2.4525737e-13,0.17333984,0,0,0,0
98179,fit,8,false,false,0.3,lower_clip,False,0,,,,,,1,0,0,2
98179,fit,8,false,false,0.3,color_nr,False,0,,,,,,1,0,0,2
98179,fit,8,false,false,0.3,sharpen,False,0,,,,,,1,0,0,1
98179,fit,8,false,false,0.3,default,False,0,,,,,,1,0,0,1
98179,fit,8,false,false,0.45,lower_clip,True,6,0.29287505,0.029172363,5.3825584e-19,6.792503e-19,0.38574219,0,0,0,0
98179,fit,8,false,false,0.45,color_nr,True,6,0.29287505,0.029172362,-6.2342761e-11,3.2657989e-11,0.38574219,0,0,0,0
98179,fit,8,false,false,0.45,sharpen,True,6,0.25983603,0.029067057,5.42598e-19,6.8472987e-19,0.40991211,0,0,0,0
98179,fit,8,false,false,0.45,default,True,6,0.25983603,0.029067057,-5.3422083e-11,3.1529804e-11,0.40966797,0,0,0,0
98179,fit,8,false,false,0.595,lower_clip,True,6,0.25505008,0.045330812,9.0797062e-19,1.1458107e-18,0.53222656,0,0,0,0
98179,fit,8,false,false,0.595,color_nr,True,6,0.25505008,0.045330813,1.8501613e-10,4.9557548e-12,0.53222656,0,0,0,0
98179,fit,8,false,false,0.595,sharpen,True,6,0.17593235,0.045517002,9.1947197e-19,1.1603248e-18,0.54711914,0,0,0,0
98179,fit,8,false,false,0.595,default,True,6,0.17593235,0.045517002,1.9242959e-10,4.2699412e-12,0.54736328,0,0,0,0
98179,fit,8,false,true,0.05,lower_clip,True,6,0.28134154,-0.0085990389,-0.0039275946,0.00038384254,0.044921875,0,0,0,0
98179,fit,8,false,true,0.05,color_nr,False,0,,,,,,1,0,61,1
98179,fit,8,false,true,0.05,sharpen,True,6,0.2613638,-0.0089947684,-0.0036241055,0.0004214464,0.031738281,0,0,0,0
98179,fit,8,false,true,0.05,default,True,6,0.80756949,-0.0072079586,-0.00095066542,0.00044674486,0.012207031,0,0,0,0
98179,fit,8,false,true,0.15,lower_clip,True,6,0.27615705,-0.013147028,-0.0037707557,0.00031878692,0.14428711,0,0,0,0
98179,fit,8,false,true,0.15,color_nr,True,6,0.70479609,-0.0098629151,-0.00010637841,0.00057599082,0.023193359,0,0,0,0
98179,fit,8,false,true,0.15,sharpen,True,6,0.25632141,-0.013381342,-0.003224168,0.00038668829,0.10351562,0,0,0,0
98179,fit,8,false,true,0.15,default,True,6,0.67804213,-0.010488933,-4.2565119e-05,0.0006020611,0.034667969,0,0,0,0
98179,fit,8,false,true,0.3,lower_clip,True,6,0.34197982,-0.016777816,-0.0019946111,0.00030174173,0.32421875,0,0,0,0
98179,fit,8,false,true,0.3,color_nr,True,6,0.56495145,-0.012006896,0.0017739244,0.00078974733,0.077392578,0,0,0,0
98179,fit,8,false,true,0.3,sharpen,True,6,0.3205435,-0.016500195,-0.0012837623,0.00041545441,0.21899414,0,0,0,0
98179,fit,8,false,true,0.3,default,True,6,0.55060308,-0.012490131,0.0018810787,0.00082339492,0.091796875,0,0,0,0
98179,fit,8,false,true,0.45,lower_clip,False,0,,,,,,1,3,0,1
98179,fit,8,false,true,0.45,color_nr,False,0,,,,,,1,0,24,3
98179,fit,8,false,true,0.45,sharpen,False,0,,,,,,1,0,0,0
98179,fit,8,false,true,0.45,default,False,0,,,,,,1,0,24,3
98179,fit,8,false,true,0.595,lower_clip,False,0,,,,,,1,31,0,1
98179,fit,8,false,true,0.595,color_nr,False,0,,,,,,1,0,18,3
98179,fit,8,false,true,0.595,sharpen,False,0,,,,,,1,0,0,0
98179,fit,8,false,true,0.595,default,False,0,,,,,,1,0,18,2
98179,fit,8,true,false,0.05,lower_clip,True,6,0.21607676,-0.0052157269,0.0022906751,-0.0065018984,0.049316406,0,0,0,0
98179,fit,8,true,false,0.05,color_nr,True,6,0.14834374,-0.0049585993,0.0020396404,-0.0058229963,0.038574219,0,0,0,0
98179,fit,8,true,false,0.05,sharpen,True,6,0.13746523,-0.0054210633,0.0024477679,-0.0071098884,0.052978516,0,0,0,0
98179,fit,8,true,false,0.05,default,True,6,0.13847666,-0.0052070051,0.0022140741,-0.0064906873,0.045166016,0,0,0,0
98179,fit,8,true,false,0.15,lower_clip,True,6,0.15392579,-0.0062997794,0.0028430144,-0.00766838,0.14526367,0,0,0,0
98179,fit,8,true,false,0.15,color_nr,True,6,0.16214454,-0.0054335417,0.0020320107,-0.0054399598,0.10229492,0,0,0,0
98179,fit,8,true,false,0.15,sharpen,True,6,0.13998638,-0.0060971235,0.002878378,-0.0080130713,0.13378906,0,0,0,0
98179,fit,8,true,false,0.15,default,True,6,0.1478168,-0.0053671663,0.0021249891,-0.0059955557,0.11669922,0,0,0,0
98179,fit,8,true,false,0.3,lower_clip,True,6,0.15002235,-0.0048861228,0.0019855847,-0.0018242086,0.29150391,0,0,0,0
98179,fit,8,true,false,0.3,color_nr,True,6,0.17547466,-0.003021583,0.00029967516,0.0028090783,0.18945312,0,0,0,0
98179,fit,8,true,false,0.3,sharpen,True,6,0.13873365,-0.0040807744,0.0017960131,-0.0015025648,0.23364258,0,0,0,0
98179,fit,8,true,false,0.3,default,True,6,0.17547466,-0.0024882308,0.00023029354,0.0026682556,0.19555664,0,0,0,0
98179,fit,8,true,false,0.45,lower_clip,True,6,0.23627946,0.0021960596,-0.0020676323,0.019234104,0.4296875,0,0,0,0
98179,fit,8,true,false,0.45,color_nr,True,6,0.23028333,0.0051439348,-0.0046618222,0.026285388,0.27807617,0,0,0,0
98179,fit,8,true,false,0.45,sharpen,True,6,0.14067649,0.0035314588,-0.0024766553,0.020262688,0.32788086,0,0,0,0
98179,fit,8,true,false,0.45,default,True,6,0.23028333,0.0060787282,-0.0048879445,0.02658586,0.265625,0,0,0,0
98179,fit,8,true,false,0.595,lower_clip,True,6,0.47170919,0.004672997,-0.0035229446,0.028989022,0.52734375,0,0,0,0
98179,fit,8,true,false,0.595,color_nr,True,6,0.21804192,0.0088138095,-0.0070690735,0.038363617,0.34643555,0,0,0,0
98179,fit,8,true,false,0.595,sharpen,True,6,0.14222434,0.0064758828,-0.0041388364,0.030691597,0.39379883,0,0,0,0
98179,fit,8,true,false,0.595,default,True,6,0.21804192,0.010101396,-0.007442136,0.03906953,0.31860352,0,0,0,0
98179,fit,8,true,true,0.05,lower_clip,True,6,0.27362674,-0.0053802197,0.0019947342,-0.006384615,0.047119141,0,0,0,0
98179,fit,8,true,true,0.05,color_nr,True,6,0.48566719,-0.0035111311,-0.0019836781,0.00056264605,0.014892578,0,0,0,0
98179,fit,8,true,true,0.05,sharpen,True,6,0.25475963,-0.0055119415,0.0020978897,-0.0066305076,0.039550781,0,0,0,0
98179,fit,8,true,true,0.05,default,True,6,0.43851356,-0.0037436839,-0.0018508647,0.00012586267,0.020507812,0,0,0,0
98179,fit,8,true,true,0.15,lower_clip,True,6,0.27348771,-0.0064577366,0.0024880809,-0.0075557565,0.14526367,0,0,0,0
98179,fit,8,true,true,0.15,color_nr,True,6,0.50433369,-0.0035810243,-0.0020910922,0.0018082771,0.049560547,0,0,0,0
98179,fit,8,true,true,0.15,sharpen,True,6,0.25632766,-0.006336672,0.0025089399,-0.0075578564,0.10888672,0,0,0,0
98179,fit,8,true,true,0.15,default,True,6,0.50433369,-0.0037079864,-0.0019731204,0.0013355206,0.058105469,0,0,0,0
98179,fit,8,true,true,0.3,lower_clip,True,6,0.28108199,-0.0050281081,0.0015662287,-0.0017232522,0.29150391,0,0,0,0
98179,fit,8,true,true,0.3,color_nr,True,6,0.52039708,-0.0010069662,-0.0036447833,0.010160777,0.11157227,0,0,0,0
98179,fit,8,true,true,0.3,sharpen,True,6,0.26030538,-0.0044726442,0.0014195923,-0.0011901152,0.1953125,0,0,0,0
98179,fit,8,true,true,0.3,default,True,6,0.50037286,-0.00087883511,-0.0036086484,0.0098723924,0.11547852,0,0,0,0
98179,fit,8,true,true,0.45,lower_clip,True,6,0.28037588,0.002063042,-0.0025420314,0.019317081,0.4309082,0,0,0,0
98179,fit,8,true,true,0.45,color_nr,True,6,0.53902498,0.0071084652,-0.0083089577,0.033179204,0.17260742,0,0,0,0
98179,fit,8,true,true,0.45,sharpen,True,6,0.26353521,0.0030408227,-0.0028618578,0.020409687,0.27539062,0,0,0,0
98179,fit,8,true,true,0.45,default,True,6,0.53902498,0.0075220171,-0.0083783288,0.033171362,0.17163086,0,0,0,0
98179,fit,8,true,true,0.595,lower_clip,True,6,0.31794883,0.0045678793,-0.0040681187,0.02907882,0.52734375,0,0,0,0
98179,fit,8,true,true,0.595,color_nr,True,6,0.53699648,0.010632734,-0.01040225,0.04450966,0.23388672,0,0,0,0
98179,fit,8,true,true,0.595,sharpen,True,6,0.26690175,0.0059542995,-0.0045607022,0.030700748,0.35229492,0,0,0,0
98179,fit,8,true,true,0.595,default,True,6,0.5352267,0.011339378,-0.010586329,0.044800927,0.22070312,0,0,0,0
73343,held_out,0,false,false,0.05,lower_clip,True,6,0.0028979505,-0.013149102,-9.7475854e-19,-1.2300935e-18,0.050292969,0,0,0,0
73343,held_out,0,false,false,0.05,color_nr,True,6,0.0014494612,-0.013149102,5.5846391e-10,-2.1673232e-11,0.050292969,0,0,0,0
73343,held_out,0,false,false,0.05,sharpen,True,6,0.00091170129,-0.018914307,-1.0867302e-18,-1.3713959e-18,0.10742188,0,0,0,0
73343,held_out,0,false,false,0.05,default,True,6,0.00091170129,-0.018914306,6.9055622e-10,-3.2582947e-11,0.10717773,0,0,0,0
73343,held_out,0,false,false,0.15,lower_clip,True,6,0.0030633451,-0.015517768,-4.2332284e-19,-5.3421095e-19,0.15039062,0,0,0,0
73343,held_out,0,false,false,0.15,color_nr,True,6,0.0015316725,-0.015517768,5.5094848e-10,5.5515722e-12,0.15039062,0,0,0,0
73343,held_out,0,false,false,0.15,sharpen,True,6,0.0010470582,-0.018001852,-5.0957725e-19,-6.4305943e-19,0.22338867,0,0,0,0
73343,held_out,0,false,false,0.15,default,True,6,0.0010470582,-0.018001852,6.1942349e-10,-1.0832909e-12,0.22363281,0,0,0,0
73343,held_out,0,false,false,0.3,lower_clip,True,6,0.0036225362,-0.0050205195,-4.6423709e-19,-5.8584256e-19,0.29907227,0,0,0,0
73343,held_out,0,false,false,0.3,color_nr,True,6,0.0018112681,-0.0050205195,5.9116337e-10,1.4885426e-11,0.29907227,0,0,0,0
73343,held_out,0,false,false,0.3,sharpen,True,6,0.0013511213,-0.0038275892,-4.7084739e-19,-5.9418441e-19,0.36157227,0,0,0,0
73343,held_out,0,false,false,0.3,default,True,6,0.0013511213,-0.0038275891,6.1872552e-10,1.2410263e-11,0.36254883,0,0,0,0
73343,held_out,0,false,false,0.45,lower_clip,True,6,0.01088083,0.03576506,7.4909709e-19,9.4532076e-19,0.45068359,0,0,0,0
73343,held_out,0,false,false,0.45,color_nr,True,6,0.0054404152,0.03576506,5.2669477e-10,2.4693938e-11,0.45068359,0,0,0,0
73343,held_out,0,false,false,0.45,sharpen,True,6,0.0032329458,0.038964626,7.9441652e-19,1.0025115e-18,0.49414062,0,0,0,0
73343,held_out,0,false,false,0.45,default,True,6,0.0032329458,0.038964626,5.3103593e-10,2.4210883e-11,0.49389648,0,0,0,0
73343,held_out,0,false,false,0.595,lower_clip,True,6,0.03665194,0.045024394,9.054026e-19,1.14257e-18,0.59179688,0,0,0,0
73343,held_out,0,false,false,0.595,color_nr,True,6,0.01832597,0.045024394,3.7159274e-10,2.7567684e-11,0.59179688,0,0,0,0
73343,held_out,0,false,false,0.595,sharpen,False,0,,,,,,1,63,0,0
73343,held_out,0,false,false,0.595,default,False,0,,,,,,1,63,0,0
73343,held_out,0,false,true,0.05,lower_clip,True,6,0.0039740676,-0.0074110672,-0.0041634715,0.00027332988,0.050537109,0,0,0,0
73343,held_out,0,false,true,0.05,color_nr,True,6,0.050988059,-0.0037687131,-5.4045592e-05,-7.4238999e-05,0.0014648438,0,0,0,0
73343,held_out,0,false,true,0.05,sharpen,True,6,0.0019870338,-0.010129851,-0.002580806,0.00066233827,0.062011719,0,0,0,0
73343,held_out,0,false,true,0.05,default,True,6,0.01452249,-0.0070166704,-8.4711595e-05,-7.7838305e-05,0.013183594,0,0,0,0
73343,held_out,0,false,true,0.15,lower_clip,True,6,0.0041039162,-0.011751977,-0.0040116909,0.0002200185,0.15039062,0,0,0,0
73343,held_out,0,false,true,0.15,color_nr,True,6,0.014604656,-0.0055205337,0.00087901406,-0.00019648504,0.010498047,0,0,0,0
73343,held_out,0,false,true,0.15,sharpen,True,6,0.0020821628,-0.01329861,-0.0016632542,0.00065676904,0.15893555,0,0,0,0
73343,held_out,0,false,true,0.15,default,True,6,0.014604656,-0.0096714085,0.0010357438,-0.00020914415,0.051513672,0,0,0,0
73343,held_out,0,false,true,0.3,lower_clip,True,6,0.02231196,-0.015108655,-0.0022610339,6.2919782e-05,0.30371094,0,0,0,0
73343,held_out,0,false,true,0.3,color_nr,True,6,0.022320116,-0.0062841486,0.0027067759,-0.00032673093,0.035888672,0,0,0,0
73343,held_out,0,false,true,0.3,sharpen,True,6,0.0021353979,-0.014224783,0.0004744749,0.00054383034,0.27441406,0,0,0,0
73343,held_out,0,false,true,0.3,default,True,6,0.029233702,-0.010181161,0.0031503054,-0.00030858788,0.11083984,0,0,0,0
73343,held_out,0,false,true,0.45,lower_clip,True,6,0.0042997997,-0.015207643,9.0888196e-05,-0.00010206907,0.44970703,0,0,0,0
73343,held_out,0,false,true,0.45,color_nr,True,6,0.014030878,-0.0046000125,0.0048825654,-0.00036594155,0.072998047,0,0,0,0
73343,held_out,0,false,true,0.45,sharpen,True,6,0.0022255653,-0.012286501,0.0029167586,0.00046628742,0.37231445,0,0,0,0
73343,held_out,0,false,true,0.45,default,True,6,0.014030878,-0.0075269348,0.0054875523,-0.00029995066,0.17480469,0,0,0,0
73343,held_out,0,false,true,0.595,lower_clip,True,6,0.02023013,-0.010291824,0.0026714058,-0.00019853465,0.59008789,0,0,0,0
73343,held_out,0,false,true,0.595,color_nr,True,6,0.013328161,0.0014482722,0.0072695201,-0.00028231163,0.12426758,0,0,0,0
73343,held_out,0,false,true,0.595,sharpen,True,6,0.0022317111,-0.0058924856,0.0054259562,0.00048711562,0.45849609,0,0,0,0
73343,held_out,0,false,true,0.595,default,True,6,0.013328161,-0.00011611969,0.0078901833,-0.00018474408,0.24365234,0,0,0,0
73343,held_out,0,true,false,0.05,lower_clip,True,6,0.0028640824,-0.0044891215,0.0021194402,-0.0061745661,0.050292969,0,0,0,0
73343,held_out,0,true,false,0.05,color_nr,True,6,0.0045485394,-0.0042452409,0.0018174537,-0.0056671032,0.047851562,0,0,0,0
73343,held_out,0,true,false,0.05,sharpen,True,6,0.00089582107,-0.0052012765,0.002936367,-0.009539762,0.10620117,0,0,0,0
73343,held_out,0,true,false,0.05,default,True,6,0.0045495474,-0.0050066611,0.0026479097,-0.0090485702,0.10400391,0,0,0,0
73343,held_out,0,true,false,0.15,lower_clip,True,6,0.0030516293,-0.0054596298,0.002617585,-0.0071714527,0.15039062,0,0,0,0
73343,held_out,0,true,false,0.15,color_nr,True,6,0.0057822105,-0.004442308,0.0014720692,-0.0048910833,0.1315918,0,0,0,0
73343,held_out,0,true,false,0.15,sharpen,True,6,0.0011045735,-0.0039970677,0.002777633,-0.0090726317,0.21899414,0,0,0,0
73343,held_out,0,true,false,0.15,default,True,6,0.0057822105,-0.0032814035,0.0017354562,-0.0070634504,0.20703125,0,0,0,0
73343,held_out,0,true,false,0.3,lower_clip,True,6,0.0048381096,-0.0038245419,0.0016436649,-0.00085273201,0.29907227,0,0,0,0
73343,held_out,0,true,false,0.3,color_nr,True,6,0.0065675857,-0.0012679158,-0.0010218005,0.004899177,0.23779297,0,0,0,0
73343,held_out,0,true,false,0.3,sharpen,True,6,0.0019674347,-0.00022624063,0.0010138635,-0.00045653889,0.3503418,0,0,0,0
73343,held_out,0,true,false,0.3,default,True,6,0.0065675857,0.0015524946,-0.0013553292,0.0043539804,0.31005859,0,0,0,0
73343,held_out,0,true,false,0.45,lower_clip,True,6,0.026653535,0.0041519811,-0.002908749,0.022540125,0.45068359,0,0,0,0
73343,held_out,0,true,false,0.45,color_nr,True,6,0.014967386,0.00863115,-0.0073098651,0.032322502,0.32202148,0,0,0,0
73343,held_out,0,true,false,0.45,sharpen,True,6,0.011481158,0.0089585344,-0.0040737272,0.02473986,0.46508789,0,0,0,0
73343,held_out,0,true,false,0.45,default,True,6,0.012389872,0.012315335,-0.0080127186,0.032883709,0.37890625,0,0,0,0
73343,held_out,0,true,false,0.595,lower_clip,True,6,0.050003928,0.0052042175,-0.0035511688,0.028391786,0.59179688,0,0,0,0
73343,held_out,0,true,false,0.595,color_nr,True,6,0.0053460995,0.011894324,-0.0097930008,0.042200879,0.38696289,0,0,0,0
73343,held_out,0,true,false,0.595,sharpen,True,6,0.0020897871,0.010598949,-0.0050661627,0.031977223,0.53222656,0,0,0,0
73343,held_out,0,true,false,0.595,default,True,6,0.0053460995,0.016120411,-0.01077131,0.043621462,0.41796875,0,0,0,0
73343,held_out,0,true,true,0.05,lower_clip,True,6,0.0039116789,-0.004495541,0.001645243,-0.0061699891,0.050292969,0,0,0,0
73343,held_out,0,true,true,0.05,color_nr,True,6,0.0072196,-0.0009916243,-0.0065808016,0.0066367607,0.01171875,0,0,0,0
73343,held_out,0,true,true,0.05,sharpen,True,6,0.0019558395,-0.0053953877,0.0023669263,-0.0078988358,0.077636719,0,0,0,0
73343,held_out,0,true,true,0.05,default,True,6,0.0072196,-0.0023465513,-0.0057809227,0.0040089589,0.039550781,0,0,0,0
73343,held_out,0,true,true,0.15,lower_clip,True,6,0.0039614646,-0.0054525973,0.0020767064,-0.0071764669,0.15039062,0,0,0,0
73343,held_out,0,true,true,0.15,color_nr,True,6,0.007297486,-0.00042311703,-0.0070617471,0.0088582271,0.051757812,0,0,0,0
73343,held_out,0,true,true,0.15,sharpen,True,6,0.0019670489,-0.0052031175,0.0024473826,-0.0079671586,0.17358398,0,0,0,0
73343,held_out,0,true,true,0.15,default,True,6,0.007297486,-0.0009851355,-0.0064128704,0.0062532553,0.10327148,0,0,0,0
73343,held_out,0,true,true,0.3,lower_clip,True,6,0.0041218329,-0.003797929,0.0010320979,-0.00087248431,0.29907227,0,0,0,0
73343,held_out,0,true,true,0.3,color_nr,True,6,0.0074436212,0.0030094616,-0.0090581053,0.018413414,0.11914062,0,0,0,0
73343,held_out,0,true,true,0.3,sharpen,True,6,0.0019732051,-0.002030113,0.00082294727,0.00015603343,0.27441406,0,0,0,0
73343,held_out,0,true,true,0.3,default,True,6,0.0074436212,0.003663906,-0.0087961299,0.016728835,0.18017578,0,0,0,0
73343,held_out,0,true,true,0.45,lower_clip,True,6,0.011783608,0.0041954665,-0.0035848296,0.022494117,0.45068359,0,0,0,0
73343,held_out,0,true,true,0.45,color_nr,True,6,0.01117313,0.012791287,-0.014624684,0.044586999,0.18896484,0,0,0,0
73343,held_out,0,true,true,0.45,sharpen,True,6,0.0070645027,0.0072981549,-0.0043601446,0.025387387,0.3503418,0,0,0,0
73343,held_out,0,true,true,0.45,default,True,6,0.01001129,0.014440414,-0.014731201,0.043914267,0.24609375,0,0,0,0
73343,held_out,0,true,true,0.595,lower_clip,True,6,0.01531119,0.0052785773,-0.0043029801,0.02835743,0.59204102,0,0,0,0
73343,held_out,0,true,true,0.595,color_nr,True,6,0.007713642,0.015781751,-0.016404086,0.052822019,0.25219727,0,0,0,0
73343,held_out,0,true,true,0.595,sharpen,True,6,0.0022560136,0.0095371695,-0.0056005062,0.0329953,0.40673828,0,0,0,0
73343,held_out,0,true,true,0.595,default,True,6,0.007713642,0.018203863,-0.016824176,0.053028371,0.29760742,0,0,0,0
73343,held_out,1,false,false,0.05,lower_clip,True,6,0.022933925,-0.013056476,-1.0761754e-18,-1.3580762e-18,0.049804688,0,0,0,0
73343,held_out,1,false,false,0.05,color_nr,True,6,0.022933925,-0.013056475,5.4148591e-10,-1.9452099e-11,0.049804688,0,0,0,0
73343,held_out,1,false,false,0.05,sharpen,True,6,0.023195885,-0.017416906,-1.1288714e-18,-1.4245758e-18,0.089599609,0,0,0,0
73343,held_out,1,false,false,0.05,default,True,6,0.023195885,-0.017416906,6.444659e-10,-2.7193501e-11,0.089111328,0,0,0,0
73343,held_out,1,false,false,0.15,lower_clip,True,6,0.023784412,-0.015364648,-7.246501e-19,-9.1446995e-19,0.1496582,0,0,0,0
73343,held_out,1,false,false,0.15,color_nr,True,6,0.023784412,-0.015364648,5.2083471e-10,6.7983128e-12,0.1496582,0,0,0,0
73343,held_out,1,false,false,0.15,sharpen,True,6,0.023985702,-0.017798764,-8.0311405e-19,-1.0134873e-18,0.203125,0,0,0,0
73343,held_out,1,false,false,0.15,default,True,6,0.023985702,-0.017798764,5.7581362e-10,1.7964664e-12,0.20263672,0,0,0,0
73343,held_out,1,false,false,0.3,lower_clip,True,6,0.025159263,-0.0047906769,-2.9006129e-19,-3.6604195e-19,0.30175781,0,0,0,0
73343,held_out,1,false,false,0.3,color_nr,True,6,0.025159263,-0.004790677,5.5440398e-10,1.3513366e-11,0.30175781,0,0,0,0
73343,held_out,1,false,false,0.3,sharpen,True,6,0.024380923,-0.0047498909,-3.5024308e-19,-4.4198817e-19,0.35351562,0,0,0,0
73343,held_out,1,false,false,0.3,default,True,6,0.024380923,-0.0047498911,5.7450463e-10,1.178105e-11,0.35302734,0,0,0,0
73343,held_out,1,false,false,0.45,lower_clip,True,6,0.050406836,0.036183605,7.772145e-19,9.8080343e-19,0.44604492,0,0,0,0
73343,held_out,1,false,false,0.45,color_nr,True,6,0.050406836,0.036183605,5.0474616e-10,2.3242454e-11,0.44604492,0,0,0,0
73343,held_out,1,false,false,0.45,sharpen,True,6,0.021719361,0.037771723,8.1525902e-19,1.0288136e-18,0.49243164,0,0,0,0
73343,held_out,1,false,false,0.45,default,True,6,0.021719361,0.037771723,5.1453035e-10,2.2174263e-11,0.4921875,0,0,0,0
73343,held_out,1,false,false,0.595,lower_clip,True,6,0.11382723,0.045020796,8.9175562e-19,1.1253482e-18,0.58520508,0,0,0,0
73343,held_out,1,false,false,0.595,color_nr,True,6,0.11382723,0.045020796,3.551843e-10,2.7074761e-11,0.58520508,0,0,0,0
73343,held_out,1,false,false,0.595,sharpen,True,6,0.22525196,0.047285561,9.3528181e-19,1.180276e-18,0.58813477,0,0,0,0
73343,held_out,1,false,false,0.595,default,True,6,0.2633858,0.047285561,3.5669085e-10,2.6783161e-11,0.58886719,0,0,0,0
73343,held_out,1,false,true,0.05,lower_clip,True,6,0.029371926,-0.0073885003,-0.0040979974,0.00032838779,0.050048828,0,0,0,0
73343,held_out,1,false,true,0.05,color_nr,True,6,0.32890328,-0.0037524799,0.00025879783,2.0698775e-05,0.00073242188,0,0,0,0
73343,held_out,1,false,true,0.05,sharpen,True,6,0.027128715,-0.0092512489,-0.0029989129,0.00058473752,0.051757812,0,0,0,0
73343,held_out,1,false,true,0.05,default,True,6,0.11301598,-0.0059605695,0.00026465867,3.8576272e-05,0.0070800781,0,0,0,0
73343,held_out,1,false,true,0.15,lower_clip,True,6,0.029159365,-0.011672294,-0.0039553331,0.00023366759,0.15039062,0,0,0,0
73343,held_out,1,false,true,0.15,color_nr,True,6,0.098307948,-0.0055158239,0.0013229788,-4.965951e-05,0.0087890625,0,0,0,0
73343,held_out,1,false,true,0.15,sharpen,True,6,0.026551526,-0.012849565,-0.002251217,0.00052341285,0.14111328,0,0,0,0
73343,held_out,1,false,true,0.15,default,True,6,0.02861558,-0.0085439331,0.0014470097,-3.5079329e-05,0.034423828,0,0,0,0
73343,held_out,1,false,true,0.3,lower_clip,True,6,0.061996498,-0.015018877,-0.0021952796,6.8512814e-05,0.30541992,0,0,0,0
73343,held_out,1,false,true,0.3,color_nr,True,6,0.071459799,-0.0063146864,0.0032420262,-0.00013223008,0.031494141,0,0,0,0
73343,held_out,1,false,true,0.3,sharpen,True,6,0.042997403,-0.014588235,-0.00012314027,0.00042767527,0.25415039,0,0,0,0
73343,held_out,1,false,true,0.3,default,True,6,0.063797562,-0.0094345583,0.0035441096,-0.00010773943,0.083251953,0,0,0,0
73343,held_out,1,false,true,0.45,lower_clip,True,6,0.026988016,-0.015102891,0.00016025793,-5.7426964e-05,0.45117188,0,0,0,0
73343,held_out,1,false,true,0.45,color_nr,True,6,0.027289731,-0.0046414221,0.0054279333,-0.00014464125,0.067626953,0,0,0,0
73343,held_out,1,false,true,0.45,sharpen,True,6,0.024510607,-0.013151397,0.0023296938,0.00039317572,0.35864258,0,0,0,0
73343,held_out,1,false,true,0.45,default,True,6,0.02481205,-0.0071839536,0.005845585,-0.00010930746,0.14453125,0,0,0,0
73343,held_out,1,false,true,0.595,lower_clip,True,6,0.054351491,-0.01007907,0.0027389815,-0.00016477613,0.58666992,0,0,0,0
73343,held_out,1,false,true,0.595,color_nr,True,6,0.025591511,0.0014818846,0.0077957903,-8.4695164e-05,0.12011719,0,0,0,0
73343,held_out,1,false,true,0.595,sharpen,True,6,0.023456845,-0.0069357795,0.004864806,0.00038154157,0.44482422,0,0,0,0
73343,held_out,1,false,true,0.595,default,True,6,0.024295691,-7.9942421e-05,0.0082258905,-3.8275869e-05,0.21289062,0,0,0,0
73343,held_out,1,true,false,0.05,lower_clip,True,6,0.022915601,-0.0043934352,0.0021001199,-0.006176748,0.049804688,0,0,0,0
73343,held_out,1,true,false,0.05,color_nr,True,6,0.022896832,-0.0041536642,0.001809455,-0.0056499824,0.047119141,0,0,0,0
73343,held_out,1,true,false,0.05,sharpen,True,6,0.023383741,-0.0050370574,0.0027024151,-0.0085882921,0.088134766,0,0,0,0
73343,held_out,1,true,false,0.05,default,True,6,0.023261763,-0.0048413961,0.0024251796,-0.0080871898,0.085693359,0,0,0,0
73343,held_out,1,true,false,0.15,lower_clip,True,6,0.023560705,-0.0053393038,0.0025860044,-0.0071480702,0.1496582,0,0,0,0
73343,held_out,1,true,false,0.15,color_nr,True,6,0.025326134,-0.0043466013,0.0014818053,-0.0048652561,0.12939453,0,0,0,0
73343,held_out,1,true,false,0.15,sharpen,True,6,0.023981069,-0.004518537,0.0027556446,-0.008633887,0.19799805,0,0,0,0
73343,held_out,1,true,false,0.15,default,True,6,0.025650565,-0.0037549238,0.0017324322,-0.0065781915,0.18457031,0,0,0,0
73343,held_out,1,true,false,0.3,lower_clip,True,6,0.025089201,-0.0036759522,0.0015975581,-0.00079479866,0.30175781,0,0,0,0
73343,held_out,1,true,false,0.3,color_nr,True,6,0.027253937,-0.0011946455,-0.00096417418,0.0048661795,0.23413086,0,0,0,0
73343,held_out,1,true,false,0.3,sharpen,True,6,0.024803411,-0.0013111022,0.0012012221,-0.00064378383,0.33154297,0,0,0,0
73343,held_out,1,true,false,0.3,default,True,6,0.024925161,0.00060060869,-0.0011397199,0.0042940263,0.28930664,0,0,0,0
73343,held_out,1,true,false,0.45,lower_clip,True,6,0.022966562,0.0043529086,-0.0029830994,0.022695287,0.45385742,0,0,0,0
73343,held_out,1,true,false,0.45,color_nr,True,6,0.023940516,0.0086744902,-0.0071946543,0.03221515,0.31982422,0,0,0,0
73343,held_out,1,true,false,0.45,sharpen,True,6,0.023023564,0.0077311904,-0.0038170837,0.024310858,0.43481445,0,0,0,0
73343,held_out,1,true,false,0.45,default,True,6,0.02333689,0.011189188,-0.0076680588,0.032524497,0.35644531,0,0,0,0
73343,held_out,1,true,false,0.595,lower_clip,True,6,0.048554455,0.0053142258,-0.0035730744,0.028310784,0.58520508,0,0,0,0
73343,held_out,1,true,false,0.595,color_nr,True,6,0.024496495,0.011765387,-0.0095430416,0.041676074,0.38500977,0,0,0,0
73343,held_out,1,true,false,0.595,sharpen,True,6,0.023453072,0.0093873998,-0.0047635646,0.031256925,0.49731445,0,0,0,0
73343,held_out,1,true,false,0.595,default,True,6,0.023392727,0.014772529,-0.010250335,0.0426979,0.39770508,0,0,0,0
73343,held_out,1,true,true,0.05,lower_clip,True,6,0.030229947,-0.0044433713,0.0016605676,-0.006141071,0.049804688,0,0,0,0
73343,held_out,1,true,true,0.05,color_nr,True,6,0.028622514,-0.0010446629,-0.0060354369,0.0061333991,0.010498047,0,0,0,0
73343,held_out,1,true,true,0.05,sharpen,True,6,0.027452751,-0.0050895812,0.0021542001,-0.0073160122,0.065917969,0,0,0,0
73343,held_out,1,true,true,0.05,default,True,6,0.026832357,-0.0020215084,-0.0054814717,0.0043230185,0.028320312,0,0,0,0
73343,held_out,1,true,true,0.15,lower_clip,True,6,0.030127503,-0.0053882555,0.002087172,-0.0071132062,0.1496582,0,0,0,0
73343,held_out,1,true,true,0.15,color_nr,True,6,0.029065881,-0.00051251664,-0.00648525,0.0083036509,0.049316406,0,0,0,0
73343,held_out,1,true,true,0.15,sharpen,True,6,0.026940056,-0.0052680469,0.0023490246,-0.0076593859,0.15454102,0,0,0,0
73343,held_out,1,true,true,0.15,default,True,6,0.025830623,-0.0010236462,-0.0060019629,0.006384323,0.086425781,0,0,0,0
73343,held_out,1,true,true,0.3,lower_clip,True,6,0.029097144,-0.0037200995,0.0010365506,-0.00076715475,0.30175781,0,0,0,0
73343,held_out,1,true,true,0.3,color_nr,True,6,0.027603121,0.0028551401,-0.0084411368,0.017770098,0.11816406,0,0,0,0
73343,held_out,1,true,true,0.3,sharpen,True,6,0.02544099,-0.0024822248,0.00087336864,2.2669079e-05,0.25439453,0,0,0,0
73343,held_out,1,true,true,0.3,default,True,6,0.024656274,0.0031920846,-0.0082218022,0.016448712,0.16235352,0,0,0,0
73343,held_out,1,true,true,0.45,lower_clip,True,6,0.026857918,0.0043104457,-0.003599865,0.022698867,0.45385742,0,0,0,0
73343,held_out,1,true,true,0.45,color_nr,True,6,0.026643734,0.012586457,-0.013974787,0.043906691,0.18798828,0,0,0,0
73343,held_out,1,true,true,0.45,sharpen,True,6,0.024493406,0.0065710409,-0.0041909551,0.024896175,0.33422852,0,0,0,0
73343,held_out,1,true,true,0.45,default,True,6,0.024497042,0.013681093,-0.014033124,0.04334125,0.2277832,0,0,0,0
73343,held_out,1,true,true,0.595,lower_clip,True,6,0.053235578,0.0053019413,-0.0042654347,0.028336603,0.58544922,0,0,0,0
73343,held_out,1,true,true,0.595,color_nr,True,6,0.026155085,0.015421924,-0.015660386,0.051851243,0.25170898,0,0,0,0
73343,held_out,1,true,true,0.595,sharpen,True,6,0.024480291,0.0084871166,-0.0052664665,0.031889253,0.39624023,0,0,0,0
73343,held_out,1,true,true,0.595,default,True,6,0.024108883,0.017132534,-0.015965538,0.051975739,0.28076172,0,0,0,0
73343,held_out,2,false,false,0.05,lower_clip,True,6,0.020973263,-0.012866969,-3.0951734e-19,-3.9059445e-19,0.050537109,0,0,0,0
73343,held_out,2,false,false,0.05,color_nr,True,6,0.020973263,-0.012866969,4.6783548e-10,-1.902513e-11,0.050537109,0,0,0,0
73343,held_out,2,false,false,0.05,sharpen,True,6,0.020317363,-0.016070484,-3.8410499e-19,-4.847201e-19,0.079345703,0,0,0,0
73343,held_out,2,false,false,0.05,default,True,6,0.020317363,-0.016070484,5.3302025e-10,-2.4856428e-11,0.079101562,0,0,0,0
73343,held_out,2,false,false,0.15,lower_clip,True,6,0.019413394,-0.015087968,-2.5893249e-19,-3.2675905e-19,0.15112305,0,0,0,0
73343,held_out,2,false,false,0.15,color_nr,True,6,0.019413394,-0.015087969,4.3044359e-10,5.3192552e-12,0.15112305,0,0,0,0
73343,held_out,2,false,false,0.15,sharpen,True,6,0.018936394,-0.017240538,-3.9668492e-19,-5.0059531e-19,0.19287109,0,0,0,0
73343,held_out,2,false,false,0.15,default,True,6,0.018936394,-0.017240539,4.7394416e-10,1.8140118e-12,0.19189453,0,0,0,0
73343,held_out,2,false,false,0.3,lower_clip,True,6,0.018228072,-0.0043563558,-3.156083e-19,-3.9828091e-19,0.30053711,0,0,0,0
73343,held_out,2,false,false,0.3,color_nr,True,6,0.018228072,-0.0043563558,4.9591209e-10,1.2317787e-11,0.30053711,0,0,0,0
73343,held_out,2,false,false,0.3,sharpen,True,6,0.017728682,-0.0048255285,-3.5519029e-19,-4.4823128e-19,0.34399414,0,0,0,0
73343,held_out,2,false,false,0.3,default,True,6,0.017728682,-0.0048255285,5.144599e-10,9.7380626e-12,0.34448242,0,0,0,0
73343,held_out,2,false,false,0.45,lower_clip,True,6,0.080337148,0.036993404,7.8463861e-19,9.9017226e-19,0.44213867,0,0,0,0
73343,held_out,2,false,false,0.45,color_nr,True,6,0.080337148,0.036993404,4.6202287e-10,1.8559636e-11,0.44213867,0,0,0,0
73343,held_out,2,false,false,0.45,sharpen,True,6,0.046259618,0.037670632,7.9732649e-19,1.0061837e-18,0.48339844,0,0,0,0
73343,held_out,2,false,false,0.45,default,True,6,0.046259618,0.037670632,4.7272873e-10,1.7328315e-11,0.48461914,0,0,0,0
73343,held_out,2,false,false,0.595,lower_clip,True,6,0.14399354,0.045063643,9.0367113e-19,1.140385e-18,0.58349609,0,0,0,0
73343,held_out,2,false,false,0.595,color_nr,True,6,0.14399354,0.045063643,3.2462581e-10,2.1104688e-11,0.58349609,0,0,0,0
73343,held_out,2,false,false,0.595,sharpen,True,6,0.20546347,0.046339165,9.2162351e-19,1.1630399e-18,0.58862305,0,0,0,0
73343,held_out,2,false,false,0.595,default,True,6,0.20546347,0.046339165,3.2699161e-10,2.0596352e-11,0.58862305,0,0,0,0
73343,held_out,2,false,true,0.05,lower_clip,True,6,0.036037348,-0.0072811901,-0.0040132844,0.00036031459,0.051025391,0,0,0,0
73343,held_out,2,false,true,0.05,color_nr,True,6,0.4476183,-0.0039379095,0.00027874048,0.00016030242,0.0014648438,0,0,0,0
73343,held_out,2,false,true,0.05,sharpen,True,6,0.034413826,-0.0085287884,-0.0032344377,0.00052121784,0.044921875,0,0,0,0
73343,held_out,2,false,true,0.05,default,True,6,0.20001835,-0.005390595,0.00029459746,0.00018909713,0.0056152344,0,0,0,0
73343,held_out,2,false,true,0.15,lower_clip,True,6,0.035420154,-0.011579469,-0.0038419736,0.00029284621,0.15087891,0,0,0,0
73343,held_out,2,false,true,0.15,color_nr,True,6,0.11782659,-0.0058860257,0.001381473,0.0001685278,0.010742188,0,0,0,0
73343,held_out,2,false,true,0.15,sharpen,True,6,0.033443619,-0.012419623,-0.0025953345,0.000504238,0.12792969,0,0,0,0
73343,held_out,2,false,true,0.15,default,True,6,0.074144248,-0.0079052449,0.0014790781,0.00020171704,0.030761719,0,0,0,0
73343,held_out,2,false,true,0.3,lower_clip,True,6,0.097811604,-0.014884477,-0.002081195,0.00011900185,0.31152344,0,0,0,0
73343,held_out,2,false,true,0.3,color_nr,True,6,0.089178704,-0.0068145888,0.0033245619,0.00015866459,0.041259766,0,0,0,0
73343,held_out,2,false,true,0.3,sharpen,True,6,0.077361769,-0.014583659,-0.00054544195,0.00039118445,0.23022461,0,0,0,0
73343,held_out,2,false,true,0.3,default,True,6,0.12386515,-0.0088642105,0.0035319362,0.00019271657,0.073730469,0,0,0,0
73343,held_out,2,false,true,0.45,lower_clip,True,6,0.035264112,-0.014856919,0.00023568435,-1.9441596e-05,0.45019531,0,0,0,0
73343,held_out,2,false,true,0.45,color_nr,True,6,0.063626952,-0.0051090007,0.005487538,0.00018565618,0.079589844,0,0,0,0
73343,held_out,2,false,true,0.45,sharpen,True,6,0.03318802,-0.013419252,0.0018838695,0.00032227547,0.34277344,0,0,0,0
73343,held_out,2,false,true,0.45,default,True,6,0.063626952,-0.0067165855,0.0057509961,0.00021308323,0.13574219,0,0,0,0
73343,held_out,2,false,true,0.595,lower_clip,True,6,0.10068219,-0.0096490573,0.0027734532,-0.0001621458,0.58374023,0,0,0,0
73343,held_out,2,false,true,0.595,color_nr,True,6,0.056759033,0.0012210066,0.0077769848,0.000232029,0.13769531,0,0,0,0
73343,held_out,2,false,true,0.595,sharpen,True,6,0.033312392,-0.0072465965,0.0043921957,0.00024361965,0.42773438,0,0,0,0
73343,held_out,2,false,true,0.595,default,True,6,0.056759033,0.00032974087,0.0080347,0.00025849636,0.203125,0,0,0,0
73343,held_out,2,true,false,0.05,lower_clip,True,6,0.021271836,-0.0042864212,0.0020728569,-0.0061179306,0.050537109,0,0,0,0
73343,held_out,2,true,false,0.05,color_nr,True,6,0.021170471,-0.0040379325,0.0017831047,-0.0055401888,0.045410156,0,0,0,0
73343,held_out,2,true,false,0.05,sharpen,True,6,0.020750229,-0.0047972276,0.002501851,-0.0078037258,0.076904297,0,0,0,0
73343,held_out,2,true,false,0.05,default,True,6,0.020696748,-0.0045927127,0.0022270247,-0.0072643993,0.073486328,0,0,0,0
73343,held_out,2,true,false,0.15,lower_clip,True,6,0.021210821,-0.0052107326,0.0025476884,-0.0070424689,0.15112305,0,0,0,0
73343,held_out,2,true,false,0.15,color_nr,True,6,0.021213319,-0.0042234341,0.0014831517,-0.0047109454,0.12548828,0,0,0,0
73343,held_out,2,true,false,0.15,sharpen,True,6,0.020765755,-0.0047432249,0.0026933701,-0.0081464358,0.18188477,0,0,0,0
73343,held_out,2,true,false,0.15,default,True,6,0.020485436,-0.0039443991,0.0016987737,-0.0060289882,0.16357422,0,0,0,0
73343,held_out,2,true,false,0.3,lower_clip,True,6,0.02131246,-0.0035084069,0.0015383347,-0.00060458758,0.30053711,0,0,0,0
73343,held_out,2,true,false,0.3,color_nr,True,6,0.021505666,-0.0011164278,-0.00087344544,0.0049325773,0.22680664,0,0,0,0
73343,held_out,2,true,false,0.3,sharpen,True,6,0.020738905,-0.0018754226,0.0012576522,-0.00047163971,0.30371094,0,0,0,0
73343,held_out,2,true,false,0.3,default,True,6,0.020320569,6.2028288e-05,-0.00097175481,0.0044384156,0.26196289,0,0,0,0
73343,held_out,2,true,false,0.45,lower_clip,True,6,0.021601812,0.0046041736,-0.0030884246,0.023093521,0.45410156,0,0,0,0
73343,held_out,2,true,false,0.45,color_nr,True,6,0.022329157,0.0086965433,-0.007003488,0.032185438,0.3125,0,0,0,0
73343,held_out,2,true,false,0.45,sharpen,True,6,0.021028209,0.0071022206,-0.0037355138,0.024441526,0.39990234,0,0,0,0
73343,held_out,2,true,false,0.45,default,True,6,0.020966671,0.010497811,-0.0073529826,0.032426649,0.32861328,0,0,0,0
73343,held_out,2,true,false,0.595,lower_clip,True,6,0.059893467,0.0054105514,-0.0035893505,0.028272654,0.58349609,0,0,0,0
73343,held_out,2,true,false,0.595,color_nr,True,6,0.026967881,0.011452792,-0.0090981851,0.040865204,0.3815918,0,0,0,0
73343,held_out,2,true,false,0.595,sharpen,True,6,0.021847586,0.0085749162,-0.0045555764,0.030761493,0.46289062,0,0,0,0
73343,held_out,2,true,false,0.595,default,True,6,0.022905647,0.013713896,-0.0096540105,0.041719805,0.37255859,0,0,0,0
73343,held_out,2,true,true,0.05,lower_clip,True,6,0.035746332,-0.0043614466,0.0016587101,-0.0060644374,0.050537109,0,0,0,0
73343,held_out,2,true,true,0.05,color_nr,True,6,0.077100332,-0.001230135,-0.0052542442,0.0052370064,0.010742188,0,0,0,0
73343,held_out,2,true,true,0.05,sharpen,True,6,0.034161659,-0.0048025044,0.0019897507,-0.006851008,0.057373047,0,0,0,0
73343,held_out,2,true,true,0.05,default,True,6,0.044286432,-0.0019138991,-0.0048728476,0.0039937146,0.022705078,0,0,0,0
73343,held_out,2,true,true,0.15,lower_clip,True,6,0.035008486,-0.0052876161,0.0020759993,-0.006987651,0.15112305,0,0,0,0
73343,held_out,2,true,true,0.15,color_nr,True,6,0.045642836,-0.00075146798,-0.0056671856,0.0073656654,0.048339844,0,0,0,0
73343,held_out,2,true,true,0.15,sharpen,True,6,0.03377013,-0.0051870253,0.0022418864,-0.0073144807,0.13989258,0,0,0,0
73343,held_out,2,true,true,0.15,default,True,6,0.045642836,-0.0011516501,-0.0053201386,0.0059937154,0.072753906,0,0,0,0
73343,held_out,2,true,true,0.3,lower_clip,True,6,0.034438847,-0.0035876468,0.0010086802,-0.00054819028,0.30053711,0,0,0,0
73343,held_out,2,true,true,0.3,color_nr,True,6,0.04693633,0.0025610936,-0.0075963325,0.016853851,0.11572266,0,0,0,0
73343,held_out,2,true,true,0.3,sharpen,True,6,0.033531744,-0.0026455128,0.00085503421,0.00013623894,0.23779297,0,0,0,0
73343,held_out,2,true,true,0.3,default,True,6,0.04693633,0.0027622816,-0.007434884,0.015885254,0.14550781,0,0,0,0
73343,held_out,2,true,true,0.45,lower_clip,True,6,0.034389264,0.0045238064,-0.0036717976,0.023141195,0.45410156,0,0,0,0
73343,held_out,2,true,true,0.45,color_nr,True,6,0.047937722,0.012258631,-0.013114038,0.043096103,0.18432617,0,0,0,0
73343,held_out,2,true,true,0.45,sharpen,True,6,0.034164464,0.006264124,-0.0041556267,0.0249066,0.3190918,0,0,0,0
73343,held_out,2,true,true,0.45,default,True,6,0.047937722,0.013033679,-0.01316179,0.042687023,0.20825195,0,0,0,0
73343,held_out,2,true,true,0.595,lower_clip,True,6,0.060962332,0.0053501927,-0.0042417139,0.028329009,0.58325195,0,0,0,0
73343,held_out,2,true,true,0.595,color_nr,True,6,0.048946121,0.01477447,-0.01461483,0.050436372,0.24658203,0,0,0,0
73343,held_out,2,true,true,0.595,sharpen,True,6,0.034411237,0.0078235026,-0.0050453838,0.031135102,0.38305664,0,0,0,0
73343,held_out,2,true,true,0.595,default,True,6,0.048946121,0.016043138,-0.01485819,0.050566655,0.26074219,0,0,0,0
73343,held_out,4,false,false,0.05,lower_clip,False,0,,,,,,1,0,0,0
73343,held_out,4,false,false,0.05,color_nr,False,0,,,,,,1,0,0,0
73343,held_out,4,false,false,0.05,sharpen,False,0,,,,,,1,0,0,0
73343,held_out,4,false,false,0.05,default,False,0,,,,,,1,0,0,0
73343,held_out,4,false,false,0.15,lower_clip,True,6,0.014592476,-0.014585952,-1.7057475e-19,-2.1525628e-19,0.15380859,0,0,0,0
73343,held_out,4,false,false,0.15,color_nr,True,6,0.014593008,-0.014585953,2.960213e-10,1.7205111e-12,0.15380859,0,0,0,0
73343,held_out,4,false,false,0.15,sharpen,True,6,0.0093743237,-0.01624422,-1.9378625e-19,-2.4454795e-19,0.18286133,0,0,0,0
73343,held_out,4,false,false,0.15,default,True,6,0.0093743237,-0.01624422,3.3266624e-10,-1.6142225e-12,0.18261719,0,0,0,0
73343,held_out,4,false,false,0.3,lower_clip,True,6,0.016569782,-0.0035618834,-2.134423e-19,-2.6935284e-19,0.30102539,0,0,0,0
73343,held_out,4,false,false,0.3,color_nr,True,6,0.016569782,-0.0035618837,3.62367e-10,5.1219673e-12,0.30102539,0,0,0,0
73343,held_out,4,false,false,0.3,sharpen,True,6,0.012065349,-0.0042091515,-2.670201e-19,-3.3696519e-19,0.33251953,0,0,0,0
73343,held_out,4,false,false,0.3,default,True,6,0.012065349,-0.0042091518,3.8119129e-10,3.6805499e-12,0.33178711,0,0,0,0
73343,held_out,4,false,false,0.45,lower_clip,True,6,0.16342294,0.038506942,8.4485442e-19,1.0661614e-18,0.42797852,0,0,0,0
73343,held_out,4,false,false,0.45,color_nr,True,6,0.16342294,0.038506943,3.5069101e-10,1.1582036e-11,0.42797852,0,0,0,0
73343,held_out,4,false,false,0.45,sharpen,True,6,0.12543262,0.038605187,8.29886e-19,1.0472721e-18,0.46337891,0,0,0,0
73343,held_out,4,false,false,0.45,default,True,6,0.12543262,0.038605187,3.6299465e-10,1.0353265e-11,0.46264648,0,0,0,0
73343,held_out,4,false,false,0.595,lower_clip,False,0,,,,,,1,28,0,0
73343,held_out,4,false,false,0.595,color_nr,False,0,,,,,,1,28,0,0
73343,held_out,4,false,false,0.595,sharpen,False,0,,,,,,1,40,0,0
73343,held_out,4,false,false,0.595,default,False,0,,,,,,1,40,0,0
73343,held_out,4,false,true,0.05,lower_clip,True,6,0.040479537,-0.0071343083,-0.003938352,0.00042653191,0.049316406,0,0,0,0
73343,held_out,4,false,true,0.05,color_nr,True,6,0.55881426,-0.0044967011,-9.4986165e-05,0.00041281826,0.001953125,0,0,0,0
73343,held_out,4,false,true,0.05,sharpen,True,6,0.040464242,-0.00785592,-0.0034404309,0.00050727346,0.039550781,0,0,0,0
73343,held_out,4,false,true,0.05,default,True,6,0.30886067,-0.0053722517,-5.3587533e-05,0.00044777089,0.010498047,0,0,0,0
73343,held_out,4,false,true,0.15,lower_clip,True,6,0.039951011,-0.01129037,-0.0038067378,0.00036896489,0.14794922,0,0,0,0
73343,held_out,4,false,true,0.15,color_nr,True,6,0.16445818,-0.006822997,0.00097817865,0.00053730686,0.018310547,0,0,0,0
73343,held_out,4,false,true,0.15,sharpen,True,6,0.04017566,-0.011759563,-0.0029602884,0.00047039143,0.11401367,0,0,0,0
73343,held_out,4,false,true,0.15,default,True,6,0.13643022,-0.0080044539,0.0010921378,0.00058768621,0.030761719,0,0,0,0
73343,held_out,4,false,true,0.3,lower_clip,True,6,0.13841676,-0.014526865,-0.002035691,0.00019297585,0.28100586,0,0,0,0
73343,held_out,4,false,true,0.3,color_nr,True,6,0.17320646,-0.0081289866,0.0030224208,0.00064545731,0.047851562,0,0,0,0
73343,held_out,4,false,true,0.3,sharpen,True,6,0.10141481,-0.01424186,-0.00095775629,0.00033852571,0.20532227,0,0,0,0
73343,held_out,4,false,true,0.3,default,True,6,0.15193647,-0.009226434,0.0031929658,0.00068844359,0.075683594,0,0,0,0
73343,held_out,4,false,true,0.45,lower_clip,True,6,0.031408599,-0.014399943,0.00029998633,9.8950549e-06,0.44995117,0,0,0,0
73343,held_out,4,false,true,0.45,color_nr,True,6,0.15282475,-0.0065530838,0.0052385907,0.00069559577,0.10473633,0,0,0,0
73343,held_out,4,false,true,0.45,sharpen,True,6,0.031349144,-0.013307179,0.0014577817,0.00021091078,0.31201172,0,0,0,0
73343,held_out,4,false,true,0.45,default,True,6,0.15282475,-0.0072626314,0.0054277638,0.0007277515,0.1418457,0,0,0,0
73343,held_out,4,false,true,0.595,lower_clip,True,6,0.11307154,-0.0090946336,0.0028510781,-0.00013249508,0.57080078,0,0,0,0
73343,held_out,4,false,true,0.595,color_nr,True,6,0.11359376,-0.00019515083,0.0075036039,0.00070245614,0.16918945,0,0,0,0
73343,held_out,4,false,true,0.595,sharpen,True,6,0.025762142,-0.0072687059,0.0039849705,0.00012084673,0.39599609,0,0,0,0
73343,held_out,4,false,true,0.595,default,True,6,0.11359376,-0.00034405394,0.0076717674,0.00071816705,0.20556641,0,0,0,0
73343,held_out,4,true,false,0.05,lower_clip,True,6,0.0094966301,-0.0040648515,0.0020153267,-0.0059883777,0.048339844,0,0,0,0
73343,held_out,4,true,false,0.05,color_nr,True,6,0.025863667,-0.0037988827,0.0017306722,-0.0053125196,0.041503906,0,0,0,0
73343,held_out,4,true,false,0.05,sharpen,True,6,0.0056601615,-0.0044193929,0.002290878,-0.007055976,0.063232422,0,0,0,0
73343,held_out,4,true,false,0.05,default,True,6,0.025864625,-0.0042001465,0.0020233894,-0.006431498,0.05859375,0,0,0,0
73343,held_out,4,true,false,0.15,lower_clip,True,6,0.014262289,-0.0049585489,0.0024754553,-0.0068643388,0.15380859,0,0,0,0
73343,held_out,4,true,false,0.15,color_nr,True,6,0.027531215,-0.0039995053,0.0015129538,-0.00447817,0.11621094,0,0,0,0
73343,held_out,4,true,false,0.15,sharpen,True,6,0.013859876,-0.004677954,0.0025669019,-0.0075535535,0.16210938,0,0,0,0
73343,held_out,4,true,false,0.15,default,True,6,0.027531215,-0.0038925678,0.0016729677,-0.0053968298,0.14135742,0,0,0,0
73343,held_out,4,true,false,0.3,lower_clip,True,6,0.016250909,-0.0031873808,0.0014297559,-0.00026702036,0.30102539,0,0,0,0
73343,held_out,4,true,false,0.3,color_nr,True,6,0.038493519,-0.0010038072,-0.00064894905,0.0049660845,0.2121582,0,0,0,0
73343,held_out,4,true,false,0.3,sharpen,True,6,0.010009238,-0.0020548756,0.0012068972,-3.366323e-05,0.26953125,0,0,0,0
73343,held_out,4,true,false,0.3,default,True,6,0.038493519,-0.00024264532,-0.00071655834,0.0046394192,0.22753906,0,0,0,0
73343,held_out,4,true,false,0.45,lower_clip,True,6,0.03313387,0.0050834323,-0.0032841251,0.023830963,0.45117188,0,0,0,0
73343,held_out,4,true,false,0.45,color_nr,True,6,0.047032391,0.0086783667,-0.0065641711,0.032043048,0.29711914,0,0,0,0
73343,held_out,4,true,false,0.45,sharpen,True,6,0.020218392,0.0069158239,-0.0037987467,0.025016165,0.36279297,0,0,0,0
73343,held_out,4,true,false,0.45,default,True,6,0.047032391,0.0099487294,-0.0068325273,0.032290281,0.29394531,0,0,0,0
73343,held_out,4,true,false,0.595,lower_clip,True,6,0.12930841,0.0055645173,-0.0035988039,0.02812898,0.56835938,0,0,0,0
73343,held_out,4,true,false,0.595,color_nr,True,6,0.053561742,0.010718086,-0.0081179385,0.039134734,0.36254883,0,0,0,0
73343,held_out,4,true,false,0.595,sharpen,True,6,0.0075173544,0.0079920874,-0.0043841411,0.030237248,0.42041016,0,0,0,0
73343,held_out,4,true,false,0.595,default,True,6,0.053561742,0.012408582,-0.0085657423,0.039896352,0.33911133,0,0,0,0
73343,held_out,4,true,true,0.05,lower_clip,True,6,0.041191962,-0.0042021949,0.0016578558,-0.0058893959,0.048339844,0,0,0,0
73343,held_out,4,true,true,0.05,color_nr,True,6,0.14182542,-0.0017200158,-0.0035183423,0.0030394644,0.011962891,0,0,0,0
73343,held_out,4,true,true,0.05,sharpen,True,6,0.041191962,-0.0044609021,0.0018536838,-0.0063616273,0.048339844,0,0,0,0
73343,held_out,4,true,true,0.05,default,True,6,0.12338403,-0.0021455424,-0.0032799327,0.0022688036,0.018798828,0,0,0,0
73343,held_out,4,true,true,0.15,lower_clip,True,6,0.04141972,-0.0051107526,0.0020686517,-0.0067564242,0.15380859,0,0,0,0
73343,held_out,4,true,true,0.15,color_nr,True,6,0.10569294,-0.0014113454,-0.0038242401,0.0049381974,0.047363281,0,0,0,0
73343,held_out,4,true,true,0.15,sharpen,True,6,0.04141972,-0.0049947727,0.0021466546,-0.0068932286,0.12768555,0,0,0,0
73343,held_out,4,true,true,0.15,default,True,6,0.10483757,-0.0016790223,-0.0036009761,0.0040639805,0.062988281,0,0,0,0
73343,held_out,4,true,true,0.3,lower_clip,True,6,0.041812366,-0.0033513687,0.00097134766,-0.00015456022,0.29833984,0,0,0,0
73343,held_out,4,true,true,0.3,color_nr,True,6,0.10772228,0.0017183703,-0.0056609495,0.014304944,0.10864258,0,0,0,0
73343,held_out,4,true,true,0.3,sharpen,True,6,0.041612887,-0.0026232591,0.00081534803,0.00044860348,0.21972656,0,0,0,0
73343,held_out,4,true,true,0.3,default,True,6,0.10772228,0.0018452878,-0.0055611415,0.013693564,0.12768555,0,0,0,0
73343,held_out,4,true,true,0.45,lower_clip,True,6,0.038115366,0.0049115912,-0.003791355,0.023933039,0.44970703,0,0,0,0
73343,held_out,4,true,true,0.45,color_nr,True,6,0.10932856,0.011277331,-0.011113296,0.040626607,0.17553711,0,0,0,0
73343,held_out,4,true,true,0.45,sharpen,True,6,0.041678378,0.0062347996,-0.0041916207,0.025329362,0.29931641,0,0,0,0
73343,held_out,4,true,true,0.45,default,True,6,0.10932856,0.011827553,-0.01116877,0.04042544,0.1875,0,0,0,0
73343,held_out,4,true,true,0.595,lower_clip,True,6,0.062360414,0.0054172233,-0.0041761667,0.02824652,0.56835938,0,0,0,0
73343,held_out,4,true,true,0.595,color_nr,True,6,0.11061362,0.013118631,-0.012233313,0.046752852,0.23999023,0,0,0,0
73343,held_out,4,true,true,0.595,sharpen,True,6,0.041671346,0.0072998171,-0.0048158368,0.030401057,0.3659668,0,0,0,0
73343,held_out,4,true,true,0.595,default,True,6,0.11061362,0.014054946,-0.012440713,0.046959783,0.24047852,0,0,0,0
73343,held_out,8,false,false,0.05,lower_clip,True,6,0.2172209,-0.011938608,-3.9046397e-19,-4.927448e-19,0.038574219,0,0,0,0
73343,held_out,8,false,false,0.05,color_nr,True,6,0.2172209,-0.011938608,2.0668468e-10,-1.3381212e-11,0.038574219,0,0,0,0
73343,held_out,8,false,false,0.05,sharpen,True,6,0.19631326,-0.013310804,-4.2296283e-19,-5.3375663e-19,0.050537109,0,0,0,0
73343,held_out,8,false,false,0.05,default,True,6,0.19631326,-0.013310804,2.2383046e-10,-1.4762148e-11,0.050048828,0,0,0,0
73343,held_out,8,false,false,0.15,lower_clip,True,6,0.20566069,-0.013953319,-4.3912851e-19,-5.5415686e-19,0.14599609,0,0,0,0
73343,held_out,8,false,false,0.15,color_nr,True,6,0.20566069,-0.013953319,1.6494838e-10,2.3509606e-12,0.14599609,0,0,0,0
73343,held_out,8,false,false,0.15,sharpen,True,6,0.1994384,-0.015130314,-5.3590253e-19,-6.7628054e-19,0.17260742,0,0,0,0
73343,held_out,8,false,false,0.15,default,True,6,0.1994384,-0.015130314,1.8841803e-10,-3.3829983e-14,0.17285156,0,0,0,0
73343,held_out,8,false,false,0.3,lower_clip,False,0,,,,,,1,0,0,1
73343,held_out,8,false,false,0.3,color_nr,False,0,,,,,,1,0,0,1
73343,held_out,8,false,false,0.3,sharpen,False,0,,,,,,1,0,0,1
73343,held_out,8,false,false,0.3,default,False,0,,,,,,1,0,0,1
73343,held_out,8,false,false,0.45,lower_clip,True,6,0.25511925,0.038156392,8.440246e-19,1.0651142e-18,0.39379883,0,0,0,0
73343,held_out,8,false,false,0.45,color_nr,True,6,0.25511925,0.038156392,2.3987996e-10,3.7711459e-12,0.39379883,0,0,0,0
73343,held_out,8,false,false,0.45,sharpen,True,6,0.22940598,0.038035053,8.3308846e-19,1.0513134e-18,0.4230957,0,0,0,0
73343,held_out,8,false,false,0.45,default,True,6,0.22940598,0.038035053,2.4934244e-10,3.0961048e-12,0.42333984,0,0,0,0
73343,held_out,8,false,false,0.595,lower_clip,True,6,0.034044972,0.045541023,9.0767531e-19,1.145438e-18,0.55908203,0,0,0,0
73343,held_out,8,false,false,0.595,color_nr,True,6,0.034044972,0.045541023,1.8523556e-10,5.2345969e-12,0.55908203,0,0,0,0
73343,held_out,8,false,false,0.595,sharpen,True,6,0.093243587,0.045744448,9.207074e-19,1.1618839e-18,0.56982422,0,0,0,0
73343,held_out,8,false,false,0.595,default,True,6,0.093243587,0.045744448,1.9263421e-10,4.738606e-12,0.56933594,0,0,0,0
73343,held_out,8,false,true,0.05,lower_clip,True,6,0.22070993,-0.0067338271,-0.003738621,0.00068536605,0.044677734,0,0,0,0
73343,held_out,8,false,true,0.05,color_nr,True,6,0.43689242,-0.0049209139,-0.00086410225,0.0007340346,0.014404297,0,0,0,0
73343,held_out,8,false,true,0.05,sharpen,True,6,0.22070993,-0.0071216105,-0.0034286231,0.00072222078,0.030761719,0,0,0,0
73343,held_out,8,false,true,0.05,default,True,6,0.31916761,-0.0054055208,-0.00083335939,0.00076158966,0.014648438,0,0,0,0
73343,held_out,8,false,true,0.15,lower_clip,True,6,0.21667138,-0.010873176,-0.0035257767,0.00062245026,0.14306641,0,0,0,0
73343,held_out,8,false,true,0.15,color_nr,True,6,0.4202333,-0.0077044139,0.00010099752,0.00088006078,0.026855469,0,0,0,0
73343,held_out,8,false,true,0.15,sharpen,True,6,0.21667138,-0.011079954,-0.0029866537,0.00065683506,0.096191406,0,0,0,0
73343,held_out,8,false,true,0.15,default,True,6,0.4101937,-0.0083100831,0.00017506657,0.00090290674,0.038818359,0,0,0,0
73343,held_out,8,false,true,0.3,lower_clip,True,6,0.40102182,-0.013836705,-0.0018205001,0.00020624496,0.26098633,0,0,0,0
73343,held_out,8,false,true,0.3,color_nr,True,6,0.43805695,-0.0091825034,0.0020204587,0.00078267645,0.082519531,0,0,0,0
73343,held_out,8,false,true,0.3,sharpen,True,6,0.353824,-0.013535879,-0.0011100809,0.00025515852,0.17333984,0,0,0,0
73343,held_out,8,false,true,0.3,default,True,6,0.4520543,-0.0096268747,0.002128044,0.00078799003,0.10498047,0,0,0,0
73343,held_out,8,false,true,0.45,lower_clip,False,0,,,,,,1,5,0,1
73343,held_out,8,false,true,0.45,color_nr,False,0,,,,,,1,0,15,2
73343,held_out,8,false,true,0.45,sharpen,False,0,,,,,,1,0,0,0
73343,held_out,8,false,true,0.45,default,False,0,,,,,,1,0,15,2
73343,held_out,8,false,true,0.595,lower_clip,True,6,0.2952101,-0.0076677085,0.002898868,-0.00081193241,0.55126953,0,0,0,0
73343,held_out,8,false,true,0.595,color_nr,True,6,0.4124248,-0.00097181058,0.006435627,0.00031866583,0.19995117,0,0,0,0
73343,held_out,8,false,true,0.595,sharpen,True,6,0.21273832,-0.0062754471,0.0036693779,-0.00067096752,0.38208008,0,0,0,0
73343,held_out,8,false,true,0.595,default,True,6,0.4124248,-0.00066033942,0.0065405342,0.00030129023,0.21606445,0,0,0,0
73343,held_out,8,true,false,0.05,lower_clip,True,6,0.19112071,-0.0036670584,0.0019325628,-0.0058976151,0.040771484,0,0,0,0
73343,held_out,8,true,false,0.05,color_nr,True,6,0.19930426,-0.0034093595,0.0016798972,-0.0052120752,0.032958984,0,0,0,0
73343,held_out,8,true,false,0.05,sharpen,True,6,0.15827442,-0.0038792251,0.0020953208,-0.0065288805,0.046875,0,0,0,0
73343,held_out,8,true,false,0.05,default,True,6,0.21663625,-0.0036647673,0.0018602046,-0.0059044593,0.042236328,0,0,0,0
73343,held_out,8,true,false,0.15,lower_clip,True,6,0.16959002,-0.0045018714,0.0023662763,-0.0067388823,0.13818359,0,0,0,0
73343,held_out,8,true,false,0.15,color_nr,True,6,0.25225912,-0.0036415981,0.0015569523,-0.0045106667,0.09765625,0,0,0,0
73343,held_out,8,true,false,0.15,sharpen,True,6,0.15294503,-0.0042983898,0.0024048025,-0.0071000782,0.13183594,0,0,0,0
73343,held_out,8,true,false,0.15,default,True,6,0.25225912,-0.0035737316,0.0016529306,-0.0050828506,0.11450195,0,0,0,0
73343,held_out,8,true,false,0.3,lower_clip,True,6,0.1579436,-0.0027397424,0.0013327038,-0.00035090426,0.2878418,0,0,0,0
73343,held_out,8,true,false,0.3,color_nr,True,6,0.24244112,-0.00089414499,-0.00034556181,0.004271383,0.19335938,0,0,0,0
73343,held_out,8,true,false,0.3,sharpen,True,6,0.15618337,-0.0019258825,0.0011438269,-3.8391967e-05,0.24316406,0,0,0,0
73343,held_out,8,true,false,0.3,default,True,6,0.24770173,-0.00036079665,-0.00041118115,0.0041123206,0.19946289,0,0,0,0
73343,held_out,8,true,false,0.45,lower_clip,True,6,0.2690633,0.0054417084,-0.0033251181,0.023325569,0.43237305,0,0,0,0
73343,held_out,8,true,false,0.45,color_nr,True,6,0.24292512,0.008397722,-0.0059368734,0.030437124,0.27685547,0,0,0,0
73343,held_out,8,true,false,0.45,sharpen,True,6,0.15835176,0.0067900069,-0.0037350091,0.024348743,0.3293457,0,0,0,0
73343,held_out,8,true,false,0.45,default,True,6,0.24806728,0.0093402323,-0.0061619367,0.030726161,0.26513672,0,0,0,0
73343,held_out,8,true,false,0.595,lower_clip,True,6,0.57875256,0.0061663489,-0.0037724284,0.028074143,0.54492188,0,0,0,0
73343,held_out,8,true,false,0.595,color_nr,True,6,0.23266572,0.010321092,-0.0073397716,0.037525892,0.3515625,0,0,0,0
73343,held_out,8,true,false,0.595,sharpen,True,6,0.1599553,0.0079900757,-0.0043924391,0.029783767,0.39746094,0,0,0,0
73343,held_out,8,true,false,0.595,default,True,6,0.23266572,0.011621745,-0.0077138859,0.038228238,0.31835938,0,0,0,0
73343,held_out,8,true,true,0.05,lower_clip,True,6,0.22951039,-0.0039552115,0.00168151,-0.0056921619,0.040771484,0,0,0,0
73343,held_out,8,true,true,0.05,color_nr,True,6,0.33451354,-0.0020716137,-0.0022870177,0.0013231872,0.018066406,0,0,0,0
73343,held_out,8,true,true,0.05,sharpen,True,6,0.21679698,-0.0040962806,0.0017905859,-0.0059618741,0.03515625,0,0,0,0
73343,held_out,8,true,true,0.05,default,True,6,0.31317429,-0.0023119859,-0.0021497951,0.00086916065,0.022949219,0,0,0,0
73343,held_out,8,true,true,0.15,lower_clip,True,6,0.21545884,-0.0048404904,0.0020868707,-0.0064977361,0.13647461,0,0,0,0
73343,held_out,8,true,true,0.15,color_nr,True,6,0.40874295,-0.0019270389,-0.0024902698,0.0029641821,0.051513672,0,0,0,0
73343,held_out,8,true,true,0.15,sharpen,True,6,0.21322634,-0.004721053,0.0021110733,-0.0065232802,0.10742188,0,0,0,0
73343,held_out,8,true,true,0.15,default,True,6,0.40874295,-0.0020647242,-0.0023666509,0.002463602,0.058105469,0,0,0,0
73343,held_out,8,true,true,0.3,lower_clip,True,6,0.20337351,-0.0031356623,0.0010289835,-7.664029e-05,0.2878418,0,0,0,0
73343,held_out,8,true,true,0.3,color_nr,True,6,0.40972545,0.00090662577,-0.0041665603,0.011819798,0.1105957,0,0,0,0
73343,held_out,8,true,true,0.3,sharpen,True,6,0.21447145,-0.0025836811,0.00088668524,0.00042346648,0.20483398,0,0,0,0
73343,held_out,8,true,true,0.3,default,True,6,0.40972545,0.0010193245,-0.0041227819,0.011489491,0.1184082,0,0,0,0
73343,held_out,8,true,true,0.45,lower_clip,True,6,0.22467681,0.0049856021,-0.0036475211,0.02359599,0.44091797,0,0,0,0
73343,held_out,8,true,true,0.45,color_nr,True,6,0.43787261,0.010051303,-0.0093936388,0.037413283,0.17382812,0,0,0,0
73343,held_out,8,true,true,0.45,sharpen,True,6,0.21431986,0.0059616106,-0.0039636439,0.024652883,0.28662109,0,0,0,0
73343,held_out,8,true,true,0.45,default,True,6,0.43787261,0.010463988,-0.0094615191,0.03737666,0.17504883,0,0,0,0
73343,held_out,8,true,true,0.595,lower_clip,True,6,0.29129122,0.0056967517,-0.0041438766,0.028433907,0.5402832,0,0,0,0
73343,held_out,8,true,true,0.595,color_nr,True,6,0.49051247,0.011777311,-0.010454232,0.043777118,0.23535156,0,0,0,0
73343,held_out,8,true,true,0.595,sharpen,True,6,0.2123358,0.0070787866,-0.0046319212,0.030019854,0.34741211,0,0,0,0
73343,held_out,8,true,true,0.595,default,True,6,0.49051247,0.012484149,-0.010637989,0.044046273,0.22241211,0,0,0,0
54787,held_out,0,false,false,0.05,lower_clip,True,6,0.0039256748,-0.013105941,-9.5911127e-19,-1.2103475e-18,0.050292969,0,0,0,0
54787,held_out,0,false,false,0.05,color_nr,True,6,0.0019628374,-0.013105941,5.6200759e-10,-1.5566865e-11,0.050292969,0,0,0,0
54787,held_out,0,false,false,0.05,sharpen,True,6,0.0011813302,-0.01882581,-1.0790239e-18,-1.3616709e-18,0.10864258,0,0,0,0
54787,held_out,0,false,false,0.05,default,True,6,0.0011813302,-0.01882581,6.8417768e-10,-2.6798174e-11,0.1081543,0,0,0,0
54787,held_out,0,false,false,0.15,lower_clip,True,6,0.0039809439,-0.015380327,-7.2229329e-19,-9.1149578e-19,0.15039062,0,0,0,0
54787,held_out,0,false,false,0.15,color_nr,True,6,0.0019904719,-0.015380327,5.5297033e-10,4.735402e-12,0.15039062,0,0,0,0
54787,held_out,0,false,false,0.15,sharpen,True,6,0.0012912331,-0.017832,-8.104483e-19,-1.0227427e-18,0.22241211,0,0,0,0
54787,held_out,0,false,false,0.15,default,True,6,0.0012912331,-0.017832,6.0392861e-10,2.5645432e-13,0.22167969,0,0,0,0
54787,held_out,0,false,false,0.3,lower_clip,True,6,0.0043656023,-0.0047313458,-2.3723789e-19,-2.9938162e-19,0.30053711,0,0,0,0
54787,held_out,0,false,false,0.3,color_nr,True,6,0.0021828011,-0.0047313458,5.9309509e-10,1.6879518e-11,0.30053711,0,0,0,0
54787,held_out,0,false,false,0.3,sharpen,True,6,0.0015763064,-0.0035547243,-2.4420264e-19,-3.0817076e-19,0.36230469,0,0,0,0
54787,held_out,0,false,false,0.3,default,True,6,0.0015763064,-0.0035547242,6.1789672e-10,1.4390089e-11,0.36303711,0,0,0,0
54787,held_out,0,false,false,0.45,lower_clip,True,6,0.012160049,0.036211595,7.5361714e-19,9.5102482e-19,0.44995117,0,0,0,0
54787,held_out,0,false,false,0.45,color_nr,True,6,0.0060800243,0.036211595,5.2488201e-10,2.565089e-11,0.44995117,0,0,0,0
54787,held_out,0,false,false,0.45,sharpen,True,6,0.0036563628,0.039378986,8.0605861e-19,1.0172032e-18,0.49462891,0,0,0,0
54787,held_out,0,false,false,0.45,default,True,6,0.0036563628,0.039378986,5.3520822e-10,2.4749182e-11,0.49462891,0,0,0,0
54787,held_out,0,false,false,0.595,lower_clip,True,6,0.039255265,0.044942045,8.9799583e-19,1.1332231e-18,0.59130859,0,0,0,0
54787,held_out,0,false,false,0.595,color_nr,True,6,0.019627633,0.044942045,3.7295666e-10,2.7243963e-11,0.59130859,0,0,0,0
54787,held_out,0,false,false,0.595,sharpen,False,0,,,,,,1,63,0,0
54787,held_out,0,false,false,0.595,default,False,0,,,,,,1,63,0,0
54787,held_out,0,false,true,0.05,lower_clip,True,6,0.0040612155,-0.0075318934,-0.0041986059,0.00035528603,0.050292969,0,0,0,0
54787,held_out,0,false,true,0.05,color_nr,True,6,0.051301093,-0.0038608915,-0.00011178532,-1.2926676e-05,0.0017089844,0,0,0,0
54787,held_out,0,false,true,0.05,sharpen,True,6,0.0020130132,-0.010267054,-0.0026528455,0.00075190359,0.062988281,0,0,0,0
54787,held_out,0,false,true,0.05,default,True,6,0.014341284,-0.0071164526,-0.00015061879,-2.0247359e-05,0.014404297,0,0,0,0
54787,held_out,0,false,true,0.15,lower_clip,True,6,0.0041182196,-0.011839751,-0.0041014562,0.0003129805,0.15039062,0,0,0,0
54787,held_out,0,false,true,0.15,color_nr,True,6,0.014391528,-0.0056090481,0.00078506101,-0.00011761774,0.011230469,0,0,0,0
54787,held_out,0,false,true,0.15,sharpen,True,6,0.0021298935,-0.013378584,-0.0017903812,0.00078085381,0.15942383,0,0,0,0
54787,held_out,0,false,true,0.15,default,True,6,0.014391528,-0.0097283125,0.00092277499,-0.0001279022,0.051757812,0,0,0,0
54787,held_out,0,false,true,0.3,lower_clip,True,6,0.039386165,-0.015262478,-0.002334391,0.000221656,0.30371094,0,0,0,0
54787,held_out,0,false,true,0.3,color_nr,True,6,0.023631103,-0.0064079831,0.0026030837,-0.00022647063,0.037353516,0,0,0,0
54787,held_out,0,false,true,0.3,sharpen,True,6,0.0020765148,-0.014368023,0.00035752871,0.00073023049,0.27539062,0,0,0,0
54787,held_out,0,false,true,0.3,default,True,6,0.029729194,-0.0102632,0.0030231956,-0.00019755101,0.11401367,0,0,0,0
54787,held_out,0,false,true,0.45,lower_clip,True,6,0.0040266715,-0.015381149,9.0107716e-06,0.00011119227,0.44995117,0,0,0,0
54787,held_out,0,false,true,0.45,color_nr,True,6,0.01462186,-0.0047174654,0.0047703518,-0.00025692432,0.074462891,0,0,0,0
54787,held_out,0,false,true,0.45,sharpen,True,6,0.0020438528,-0.012444067,0.0028007203,0.00070278806,0.37255859,0,0,0,0
54787,held_out,0,false,true,0.45,default,True,6,0.01462186,-0.007578884,0.0053600257,-0.00019199321,0.17553711,0,0,0,0
54787,held_out,0,false,true,0.595,lower_clip,True,6,0.01546999,-0.010470737,0.0025620415,-6.6285566e-06,0.59033203,0,0,0,0
54787,held_out,0,false,true,0.595,color_nr,True,6,0.014240208,0.0013384577,0.0071252177,-0.00019802096,0.1262207,0,0,0,0
54787,held_out,0,false,true,0.595,sharpen,True,6,0.0019824313,-0.0060676319,0.0052876232,0.00069770682,0.45874023,0,0,0,0
54787,held_out,0,false,true,0.595,default,True,6,0.014240208,-0.00019159377,0.0077399565,-0.00010002151,0.24511719,0,0,0,0
54787,held_out,0,true,false,0.05,lower_clip,True,6,0.0039280051,-0.0044626164,0.0021126691,-0.0061626903,0.050292969,0,0,0,0
54787,held_out,0,true,false,0.05,color_nr,True,6,0.0045791924,-0.0042186934,0.0018106126,-0.0056517806,0.047851562,0,0,0,0
54787,held_out,0,true,false,0.05,sharpen,True,6,0.0011815633,-0.0051583356,0.002923224,-0.0095080053,0.10717773,0,0,0,0
54787,held_out,0,true,false,0.05,default,True,6,0.0045786865,-0.0049675522,0.0026363162,-0.0090191938,0.10498047,0,0,0,0
54787,held_out,0,true,false,0.15,lower_clip,True,6,0.0039431268,-0.0054140238,0.0026000428,-0.007105974,0.15039062,0,0,0,0
54787,held_out,0,true,false,0.15,color_nr,True,6,0.006109592,-0.004394042,0.0014491505,-0.0048159847,0.1328125,0,0,0,0
54787,held_out,0,true,false,0.15,sharpen,True,6,0.0012756336,-0.0039368739,0.002753257,-0.008982402,0.21801758,0,0,0,0
54787,held_out,0,true,false,0.15,default,True,6,0.006109592,-0.0032107186,0.0017026154,-0.0069533704,0.20581055,0,0,0,0
54787,held_out,0,true,false,0.3,lower_clip,True,6,0.0052000908,-0.0037506295,0.001610133,-0.00069925074,0.30053711,0,0,0,0
54787,held_out,0,true,false,0.3,color_nr,True,6,0.006636818,-0.001170354,-0.0010775656,0.0051082143,0.23730469,0,0,0,0
54787,held_out,0,true,false,0.3,sharpen,True,6,0.0019912204,-0.00015307489,0.00097968233,-0.0003010165,0.3515625,0,0,0,0
54787,held_out,0,true,false,0.3,default,True,6,0.006636818,0.0016435236,-0.0014095829,0.0045583912,0.30957031,0,0,0,0
54787,held_out,0,true,false,0.45,lower_clip,True,6,0.027177134,0.0042604447,-0.0029613641,0.02278117,0.44995117,0,0,0,0
54787,held_out,0,true,false,0.45,color_nr,True,6,0.014563923,0.0087498682,-0.0073716337,0.032576308,0.32104492,0,0,0,0
54787,held_out,0,true,false,0.45,sharpen,True,6,0.011481977,0.0090647469,-0.0041268717,0.024985366,0.46411133,0,0,0,0
54787,held_out,0,true,false,0.45,default,True,6,0.011996341,0.012427277,-0.0080728808,0.033133753,0.37817383,0,0,0,0
54787,held_out,0,true,false,0.595,lower_clip,True,6,0.075817385,0.0052014429,-0.0035406079,0.028335049,0.59130859,0,0,0,0
54787,held_out,0,true,false,0.595,color_nr,True,6,0.0061735428,0.011902773,-0.0097896525,0.042155068,0.38623047,0,0,0,0
54787,held_out,0,true,false,0.595,sharpen,True,6,0.0019111718,0.010590781,-0.0050546626,0.031919892,0.53027344,0,0,0,0
54787,held_out,0,true,false,0.595,default,True,6,0.0061735428,0.016129575,-0.010769289,0.043581786,0.41845703,0,0,0,0
54787,held_out,0,true,true,0.05,lower_clip,True,6,0.0040881758,-0.0045430598,0.0016391011,-0.0061053342,0.050292969,0,0,0,0
54787,held_out,0,true,true,0.05,color_nr,True,6,0.0073279677,-0.0010328237,-0.0065856103,0.0066962004,0.01171875,0,0,0,0
54787,held_out,0,true,true,0.05,sharpen,True,6,0.001982947,-0.0054348422,0.0023552808,-0.0078101135,0.079101562,0,0,0,0
54787,held_out,0,true,true,0.05,default,True,6,0.0073279677,-0.0023764937,-0.0057925957,0.0040961359,0.039794922,0,0,0,0
54787,held_out,0,true,true,0.15,lower_clip,True,6,0.0041273402,-0.0054904842,0.0020633524,-0.0070515382,0.15039062,0,0,0,0
54787,held_out,0,true,true,0.15,color_nr,True,6,0.0073888508,-0.00045335793,-0.0070724637,0.0089653232,0.05078125,0,0,0,0
54787,held_out,0,true,true,0.15,sharpen,True,6,0.0020636701,-0.0052429422,0.0024312759,-0.0078113777,0.17236328,0,0,0,0
54787,held_out,0,true,true,0.15,default,True,6,0.0073888508,-0.0010193858,-0.0064234732,0.0063638352,0.10327148,0,0,0,0
54787,held_out,0,true,true,0.3,lower_clip,True,6,0.0046164473,-0.0038171761,0.0010065811,-0.0006544723,0.30053711,0,0,0,0
54787,held_out,0,true,true,0.3,color_nr,True,6,0.0075481052,0.0030043514,-0.0090810006,0.018605418,0.12109375,0,0,0,0
54787,held_out,0,true,true,0.3,sharpen,True,6,0.0023571976,-0.0020551774,0.00079711503,0.00039700783,0.27392578,0,0,0,0
54787,held_out,0,true,true,0.3,default,True,6,0.0075481052,0.0036593762,-0.0088190878,0.016917443,0.18237305,0,0,0,0
54787,held_out,0,true,true,0.45,lower_clip,True,6,0.014070201,0.0041995823,-0.0036239351,0.022801738,0.44995117,0,0,0,0
54787,held_out,0,true,true,0.45,color_nr,True,6,0.012778288,0.012806102,-0.014660072,0.044849934,0.19042969,0,0,0,0
54787,held_out,0,true,true,0.45,sharpen,True,6,0.0082966957,0.0072892749,-0.0043958505,0.025704496,0.34985352,0,0,0,0
54787,held_out,0,true,true,0.45,default,True,6,0.011270634,0.014468991,-0.014772031,0.044191996,0.24731445,0,0,0,0
54787,held_out,0,true,true,0.595,lower_clip,True,6,0.034882049,0.0051645817,-0.0042759869,0.028376751,0.59130859,0,0,0,0
54787,held_out,0,true,true,0.595,color_nr,True,6,0.0078456754,0.015699249,-0.016389001,0.052850489,0.25366211,0,0,0,0
54787,held_out,0,true,true,0.595,sharpen,True,6,0.0021223255,0.0094274399,-0.0055763271,0.033042496,0.40722656,0,0,0,0
54787,held_out,0,true,true,0.595,default,True,6,0.0078456754,0.018134988,-0.016814604,0.053073329,0.29858398,0,0,0,0
54787,held_out,1,false,false,0.05,lower_clip,True,6,0.016847998,-0.012814605,-7.7101809e-19,-9.7298389e-19,0.049560547,0,0,0,0
54787,held_out,1,false,false,0.05,color_nr,True,6,0.016847998,-0.012814604,5.4225553e-10,-1.9154136e-11,0.049560547,0,0,0,0
54787,held_out,1,false,false,0.05,sharpen,True,6,0.019834984,-0.017141083,-8.8215185e-19,-1.1132288e-18,0.089599609,0,0,0,0
54787,held_out,1,false,false,0.05,default,True,6,0.019834984,-0.017141082,6.3458854e-10,-2.7538259e-11,0.090087891,0,0,0,0
54787,held_out,1,false,false,0.15,lower_clip,True,6,0.018323057,-0.01500895,-1.5030363e-19,-1.896752e-19,0.14941406,0,0,0,0
54787,held_out,1,false,false,0.15,color_nr,True,6,0.018323057,-0.01500895,4.9398053e-10,6.0450955e-12,0.14941406,0,0,0,0
54787,held_out,1,false,false,0.15,sharpen,True,6,0.019733972,-0.017442446,-2.5323017e-19,-3.1956303e-19,0.20385742,0,0,0,0
54787,held_out,1,false,false,0.15,default,True,6,0.019733972,-0.017442446,5.4875141e-10,1.2892585e-12,0.20410156,0,0,0,0
54787,held_out,1,false,false,0.3,lower_clip,True,6,0.015544927,-0.0041816197,-2.6825707e-19,-3.3852618e-19,0.29663086,0,0,0,0
54787,held_out,1,false,false,0.3,color_nr,True,6,0.015544927,-0.0041816197,5.5000636e-10,1.4295113e-11,0.29663086,0,0,0,0
54787,held_out,1,false,false,0.3,sharpen,True,6,0.014548419,-0.0040903552,-3.0801853e-19,-3.8870303e-19,0.35107422,0,0,0,0
54787,held_out,1,false,false,0.3,default,True,6,0.014548419,-0.0040903552,5.7761935e-10,1.1010158e-11,0.35205078,0,0,0,0
54787,held_out,1,false,false,0.45,lower_clip,True,6,0.036612112,0.03734296,8.0548854e-19,1.0164838e-18,0.4465332,0,0,0,0
54787,held_out,1,false,false,0.45,color_nr,True,6,0.036612112,0.03734296,5.0606347e-10,2.4045982e-11,0.4465332,0,0,0,0
54787,held_out,1,false,false,0.45,sharpen,True,6,0.012213445,0.038963592,8.067034e-19,1.0180169e-18,0.48925781,0,0,0,0
54787,held_out,1,false,false,0.45,default,True,6,0.01221313,0.038963592,5.1677651e-10,2.277097e-11,0.48950195,0,0,0,0
54787,held_out,1,false,false,0.595,lower_clip,True,6,0.076778838,0.044768602,8.9651886e-19,1.1313592e-18,0.58496094,0,0,0,0
54787,held_out,1,false,false,0.595,color_nr,True,6,0.076778838,0.044768602,3.5525277e-10,2.693778e-11,0.58496094,0,0,0,0
54787,held_out,1,false,false,0.595,sharpen,True,6,0.11146992,0.047016053,9.3863577e-19,1.1845085e-18,0.59765625,0,0,0,0
54787,held_out,1,false,false,0.595,default,True,6,0.11146992,0.047016053,3.5811853e-10,2.6560296e-11,0.59741211,0,0,0,0
54787,held_out,1,false,true,0.05,lower_clip,True,6,0.027713981,-0.0075223389,-0.004278222,0.00051246033,0.050537109,0,0,0,0
54787,held_out,1,false,true,0.05,color_nr,True,6,0.26908131,-0.0039038929,9.4057736e-05,0.00022864604,0.0012207031,0,0,0,0
54787,held_out,1,false,true,0.05,sharpen,True,6,0.027713981,-0.0093783879,-0.0031739658,0.00077216057,0.05078125,0,0,0,0
54787,held_out,1,false,true,0.05,default,True,6,0.11881353,-0.0060703317,9.0060393e-05,0.0002423374,0.0070800781,0,0,0,0
54787,held_out,1,false,true,0.15,lower_clip,True,6,0.02738164,-0.011872203,-0.0041652008,0.00053215291,0.15087891,0,0,0,0
54787,held_out,1,false,true,0.15,color_nr,True,6,0.095004664,-0.0057043802,0.0011291947,0.00022918584,0.0087890625,0,0,0,0
54787,held_out,1,false,true,0.15,sharpen,True,6,0.02738164,-0.013073975,-0.0024480916,0.00086269629,0.1418457,0,0,0,0
54787,held_out,1,false,true,0.15,default,True,6,0.030601722,-0.0086959571,0.0012291984,0.00026359266,0.035400391,0,0,0,0
54787,held_out,1,false,true,0.3,lower_clip,True,6,0.055640566,-0.015302078,-0.0023994049,0.00050057404,0.30761719,0,0,0,0
54787,held_out,1,false,true,0.3,color_nr,True,6,0.044026124,-0.0065547929,0.0030400649,0.00023280078,0.034179688,0,0,0,0
54787,held_out,1,false,true,0.3,sharpen,True,6,0.035701458,-0.014858005,-0.00033066896,0.00087714676,0.25195312,0,0,0,0
54787,held_out,1,false,true,0.3,default,True,6,0.089921341,-0.0096259859,0.0033265885,0.00027880327,0.083496094,0,0,0,0
54787,held_out,1,false,true,0.45,lower_clip,True,6,0.02611268,-0.015444526,-3.5630582e-05,0.00041342978,0.45019531,0,0,0,0
54787,held_out,1,false,true,0.45,color_nr,True,6,0.027597146,-0.0049249597,0.0052494792,0.00023938492,0.068359375,0,0,0,0
54787,held_out,1,false,true,0.45,sharpen,True,6,0.02611268,-0.01348639,0.0021443674,0.00086499265,0.35668945,0,0,0,0
54787,held_out,1,false,true,0.45,default,True,6,0.027597146,-0.0074457604,0.0056573547,0.00029515404,0.14526367,0,0,0,0
54787,held_out,1,false,true,0.595,lower_clip,True,6,0.036933935,-0.010537501,0.0025532649,0.00025697317,0.58349609,0,0,0,0
54787,held_out,1,false,true,0.595,color_nr,True,6,0.025235356,0.0010922481,0.0076272382,0.00025026992,0.12109375,0,0,0,0
54787,held_out,1,false,true,0.595,sharpen,True,6,0.026268942,-0.007387888,0.0046933807,0.00079726802,0.4440918,0,0,0,0
54787,held_out,1,false,true,0.595,default,True,6,0.025235356,-0.0004579826,0.0080492049,0.0003115249,0.21020508,0,0,0,0
54787,held_out,1,true,false,0.05,lower_clip,True,6,0.016929557,-0.0042975309,0.0020697398,-0.0060726735,0.049560547,0,0,0,0
54787,held_out,1,true,false,0.05,color_nr,True,6,0.018810425,-0.0040495692,0.0017694737,-0.0055365296,0.046386719,0,0,0,0
54787,held_out,1,true,false,0.05,sharpen,True,6,0.019710881,-0.0049267705,0.0026659179,-0.0084637054,0.088623047,0,0,0,0
54787,held_out,1,true,false,0.05,default,True,6,0.021081801,-0.0047232388,0.0023792005,-0.0079535852,0.086181641,0,0,0,0
54787,held_out,1,true,false,0.15,lower_clip,True,6,0.018625968,-0.0052217808,0.0025439263,-0.0069782515,0.14941406,0,0,0,0
54787,held_out,1,true,false,0.15,color_nr,True,6,0.023397564,-0.0042125278,0.0014231121,-0.0046813511,0.12841797,0,0,0,0
54787,held_out,1,true,false,0.15,sharpen,True,6,0.020002084,-0.0043961537,0.0027111038,-0.0084562859,0.19848633,0,0,0,0
54787,held_out,1,true,false,0.15,default,True,6,0.023472357,-0.0036187695,0.0016723639,-0.0063900541,0.18603516,0,0,0,0
54787,held_out,1,true,false,0.3,lower_clip,True,6,0.018771233,-0.003511852,0.0015294757,-0.00047754436,0.29663086,0,0,0,0
54787,held_out,1,true,false,0.3,color_nr,True,6,0.02075118,-0.00099036885,-0.0010665643,0.0052310344,0.23388672,0,0,0,0
54787,held_out,1,true,false,0.3,sharpen,True,6,0.018771233,-0.0011244205,0.0011235589,-0.00029603956,0.33081055,0,0,0,0
54787,held_out,1,true,false,0.3,default,True,6,0.018930766,0.00081977937,-0.0012484463,0.0046774281,0.28735352,0,0,0,0
54787,held_out,1,true,false,0.45,lower_clip,True,6,0.019304213,0.0046290832,-0.0031136523,0.023324994,0.44848633,0,0,0,0
54787,held_out,1,true,false,0.45,color_nr,True,6,0.017102369,0.0089937134,-0.0073567069,0.032862449,0.31567383,0,0,0,0
54787,held_out,1,true,false,0.45,sharpen,True,6,0.019304213,0.0080195875,-0.0039545656,0.024967587,0.43334961,0,0,0,0
54787,held_out,1,true,false,0.45,default,True,6,0.017102369,0.011514163,-0.0078337827,0.033185118,0.35473633,0,0,0,0
54787,held_out,1,true,false,0.595,lower_clip,True,6,0.074593712,0.005291798,-0.0035342121,0.028146961,0.58496094,0,0,0,0
54787,held_out,1,true,false,0.595,color_nr,True,6,0.020051167,0.011796252,-0.0095390936,0.041530936,0.38330078,0,0,0,0
54787,held_out,1,true,false,0.595,sharpen,True,6,0.018272275,0.0093652305,-0.0047273819,0.031108074,0.49487305,0,0,0,0
54787,held_out,1,true,false,0.595,default,True,6,0.020051167,0.014813215,-0.01025216,0.042574543,0.39526367,0,0,0,0
54787,held_out,1,true,true,0.05,lower_clip,True,6,0.027460046,-0.0045281584,0.0016015788,-0.0059082361,0.049560547,0,0,0,0
54787,held_out,1,true,true,0.05,color_nr,True,6,0.022094629,-0.0011250149,-0.0061117555,0.0063715169,0.010253906,0,0,0,0
54787,held_out,1,true,true,0.05,sharpen,True,6,0.027460046,-0.005168911,0.0020920342,-0.0070665829,0.06640625,0,0,0,0
54787,held_out,1,true,true,0.05,default,True,6,0.0098056793,-0.0020968069,-0.0055606969,0.0045740826,0.028076172,0,0,0,0
54787,held_out,1,true,true,0.15,lower_clip,True,6,0.027687546,-0.0054636962,0.0020173733,-0.0068058163,0.14941406,0,0,0,0
54787,held_out,1,true,true,0.15,color_nr,True,6,0.0067603654,-0.00059181883,-0.0065661723,0.0085839229,0.048095703,0,0,0,0
54787,held_out,1,true,true,0.15,sharpen,True,6,0.027687546,-0.0053391981,0.0022765039,-0.0073331407,0.15454102,0,0,0,0
54787,held_out,1,true,true,0.15,default,True,6,0.0091187609,-0.0011031552,-0.0060822233,0.0066611164,0.085449219,0,0,0,0
54787,held_out,1,true,true,0.3,lower_clip,True,6,0.027973877,-0.0037604998,0.00094137647,-0.00030218393,0.29663086,0,0,0,0
54787,held_out,1,true,true,0.3,color_nr,True,6,0.0062631856,0.0028214927,-0.0085489684,0.018211641,0.11645508,0,0,0,0
54787,held_out,1,true,true,0.3,sharpen,True,6,0.027973877,-0.0025074407,0.0007721475,0.00052373023,0.25415039,0,0,0,0
54787,held_out,1,true,true,0.3,default,True,6,0.0081627561,0.0031844068,-0.0083379981,0.016910258,0.16235352,0,0,0,0
54787,held_out,1,true,true,0.45,lower_clip,True,6,0.028220644,0.004376929,-0.003758825,0.02347729,0.44848633,0,0,0,0
54787,held_out,1,true,true,0.45,color_nr,True,6,0.0066611155,0.01265406,-0.014143357,0.04464755,0.18725586,0,0,0,0
54787,held_out,1,true,true,0.45,sharpen,True,6,0.028220644,0.0066454307,-0.0043541388,0.025709115,0.33178711,0,0,0,0
54787,held_out,1,true,true,0.45,default,True,6,0.0075799251,0.013782504,-0.014214336,0.044117539,0.22851562,0,0,0,0
54787,held_out,1,true,true,0.595,lower_clip,True,6,0.048036031,0.0050594569,-0.0042537059,0.028321292,0.58496094,0,0,0,0
54787,held_out,1,true,true,0.595,color_nr,True,6,0.0089668013,0.01519056,-0.015664273,0.051840714,0.25097656,0,0,0,0
54787,held_out,1,true,true,0.595,sharpen,True,6,0.028379622,0.0082438834,-0.0052555335,0.031899664,0.39379883,0,0,0,0
54787,held_out,1,true,true,0.595,default,True,6,0.0088037387,0.016929771,-0.015980185,0.051992697,0.28125,0,0,0,0
54787,held_out,2,false,false,0.05,lower_clip,True,6,0.011937779,-0.012564695,-8.0415542e-19,-1.0148014e-18,0.048095703,0,0,0,0
54787,held_out,2,false,false,0.05,color_nr,True,6,0.011937779,-0.012564694,4.7318213e-10,-2.0444252e-11,0.048095703,0,0,0,0
54787,held_out,2,false,false,0.05,sharpen,True,6,0.014617678,-0.015773132,-7.8997544e-19,-9.9690706e-19,0.078857422,0,0,0,0
54787,held_out,2,false,false,0.05,default,True,6,0.014617678,-0.015773131,5.4073856e-10,-2.7298682e-11,0.078613281,0,0,0,0
54787,held_out,2,false,false,0.15,lower_clip,True,6,0.011346714,-0.014706893,-4.711619e-19,-5.945813e-19,0.14892578,0,0,0,0
54787,held_out,2,false,false,0.15,color_nr,True,6,0.011346714,-0.014706893,4.7073538e-10,1.2718279e-12,0.14892578,0,0,0,0
54787,held_out,2,false,false,0.15,sharpen,True,6,0.014470779,-0.016849026,-5.3803979e-19,-6.7897765e-19,0.19335938,0,0,0,0
54787,held_out,2,false,false,0.15,default,True,6,0.014470779,-0.016849026,5.0975441e-10,-1.5954438e-12,0.19287109,0,0,0,0
54787,held_out,2,false,false,0.3,lower_clip,True,6,0.009369563,-0.0037455811,-2.6016628e-19,-3.2831603e-19,0.29882812,0,0,0,0
54787,held_out,2,false,false,0.3,color_nr,True,6,0.009369563,-0.0037455812,4.9300311e-10,1.087228e-11,0.29882812,0,0,0,0
54787,held_out,2,false,false,0.3,sharpen,True,6,0.012069398,-0.0042041943,-2.8157381e-19,-3.553312e-19,0.34204102,0,0,0,0
54787,held_out,2,false,false,0.3,default,True,6,0.012069398,-0.0042041944,5.1692808e-10,8.350457e-12,0.34301758,0,0,0,0
54787,held_out,2,false,false,0.45,lower_clip,True,6,0.085560742,0.038395478,8.1655426e-19,1.0304481e-18,0.44018555,0,0,0,0
54787,held_out,2,false,false,0.45,color_nr,True,6,0.085560742,0.038395478,4.5796578e-10,1.8771878e-11,0.44018555,0,0,0,0
54787,held_out,2,false,false,0.45,sharpen,False,0,,,,,,1,0,0,0
54787,held_out,2,false,false,0.45,default,False,0,,,,,,1,0,0,0
54787,held_out,2,false,false,0.595,lower_clip,True,6,0.15787345,0.04494371,8.9210202e-19,1.1257854e-18,0.57714844,0,0,0,0
54787,held_out,2,false,false,0.595,color_nr,True,6,0.15787345,0.04494371,3.2773553e-10,2.1415142e-11,0.57714844,0,0,0,0
54787,held_out,2,false,false,0.595,sharpen,True,6,0.30827784,0.046245306,9.2404257e-19,1.1660927e-18,0.59057617,0,0,0,0
54787,held_out,2,false,false,0.595,default,True,6,0.30827741,0.046245306,3.3162526e-10,2.1043651e-11,0.59057617,0,0,0,0
54787,held_out,2,false,true,0.05,lower_clip,True,6,0.015504927,-0.0075486924,-0.0043034787,0.00068469472,0.049804688,0,0,0,0
54787,held_out,2,false,true,0.05,color_nr,True,6,0.46161037,-0.0041957707,1.8600311e-05,0.00049562579,0.001953125,0,0,0,0
54787,held_out,2,false,true,0.05,sharpen,True,6,0.01541391,-0.0087838309,-0.0035358199,0.00085567937,0.044677734,0,0,0,0
54787,held_out,2,false,true,0.05,default,True,6,0.21549851,-0.005620843,1.7822072e-05,0.00052785494,0.0053710938,0,0,0,0
54787,held_out,2,false,true,0.15,lower_clip,True,6,0.016074433,-0.011909972,-0.0041846656,0.00075246553,0.15087891,0,0,0,0
54787,held_out,2,false,true,0.15,color_nr,True,6,0.094589718,-0.0061840482,0.0010650494,0.00061017374,0.011474609,0,0,0,0
54787,held_out,2,false,true,0.15,sharpen,True,6,0.01568146,-0.012726663,-0.0029250493,0.00097398794,0.12841797,0,0,0,0
54787,held_out,2,false,true,0.15,default,True,6,0.059985278,-0.0081683536,0.0011372287,0.00065802819,0.031982422,0,0,0,0
54787,held_out,2,false,true,0.3,lower_clip,True,6,0.071223842,-0.015319096,-0.002422638,0.00072603003,0.30615234,0,0,0,0
54787,held_out,2,false,true,0.3,color_nr,True,6,0.094293845,-0.0071796001,0.0029714271,0.00070457653,0.042480469,0,0,0,0
54787,held_out,2,false,true,0.3,sharpen,True,6,0.069054315,-0.015035174,-0.00084987458,0.001001684,0.22924805,0,0,0,0
54787,held_out,2,false,true,0.3,default,True,6,0.099030841,-0.0092060568,0.0031580844,0.00075793804,0.083007812,0,0,0,0
54787,held_out,2,false,true,0.45,lower_clip,True,6,0.016401094,-0.015454959,-8.3530014e-05,0.00061393363,0.44824219,0,0,0,0
54787,held_out,2,false,true,0.45,color_nr,True,6,0.055763331,-0.0056166869,0.0051426539,0.00077918749,0.081787109,0,0,0,0
54787,held_out,2,false,true,0.45,sharpen,True,6,0.016311751,-0.014021975,0.001584692,0.00094104641,0.33789062,0,0,0,0
54787,held_out,2,false,true,0.45,default,True,6,0.055763331,-0.0072242914,0.0054016622,0.00083659865,0.13891602,0,0,0,0
54787,held_out,2,false,true,0.595,lower_clip,True,6,0.034020864,-0.010622006,0.002489761,0.00048621612,0.58056641,0,0,0,0
54787,held_out,2,false,true,0.595,color_nr,True,6,0.053460443,0.00032477469,0.0074861773,0.00085104857,0.13696289,0,0,0,0
54787,held_out,2,false,true,0.595,sharpen,True,6,0.015926803,-0.008236645,0.0041347878,0.00088037357,0.42211914,0,0,0,0
54787,held_out,2,false,true,0.595,default,True,6,0.053460748,-0.00059404991,0.0077495261,0.0009030708,0.19995117,0,0,0,0
54787,held_out,2,true,false,0.05,lower_clip,True,6,0.016385442,-0.0041440508,0.0020326357,-0.0060039192,0.048095703,0,0,0,0
54787,held_out,2,true,false,0.05,color_nr,True,6,0.016115457,-0.0038892064,0.0017354994,-0.0054173995,0.044189453,0,0,0,0
54787,held_out,2,true,false,0.05,sharpen,True,6,0.016385442,-0.0046577698,0.0024621828,-0.0076895406,0.076660156,0,0,0,0
54787,held_out,2,true,false,0.05,default,True,6,0.018038381,-0.0044461746,0.0021796269,-0.0071399657,0.072265625,0,0,0,0
54787,held_out,2,true,false,0.15,lower_clip,True,6,0.023248257,-0.0050516804,0.0024992261,-0.0068841665,0.14892578,0,0,0,0
54787,held_out,2,true,false,0.15,color_nr,True,6,0.019319033,-0.0040498178,0.0014209532,-0.0045369811,0.12353516,0,0,0,0
54787,held_out,2,true,false,0.15,sharpen,True,6,0.023248257,-0.0045758617,0.0026429889,-0.0079868693,0.18188477,0,0,0,0
54787,held_out,2,true,false,0.15,default,True,6,0.021505676,-0.0037679489,0.0016368835,-0.0058614665,0.16503906,0,0,0,0
54787,held_out,2,true,false,0.3,lower_clip,True,6,0.021065335,-0.0033020333,0.0014646371,-0.00031624959,0.29882812,0,0,0,0
54787,held_out,2,true,false,0.3,color_nr,True,6,0.023464184,-0.00089038438,-0.00096410142,0.0052225122,0.22729492,0,0,0,0
54787,held_out,2,true,false,0.3,sharpen,True,6,0.021065335,-0.0016638329,0.0011825661,-0.00018203028,0.30444336,0,0,0,0
54787,held_out,2,true,false,0.3,default,True,6,0.023221345,0.00029802898,-0.0010656534,0.0047356283,0.26171875,0,0,0,0
54787,held_out,2,true,false,0.45,lower_clip,True,6,0.01680699,0.0049718726,-0.0032521596,0.02383103,0.45043945,0,0,0,0
54787,held_out,2,true,false,0.45,color_nr,True,6,0.023808384,0.009110999,-0.0072028947,0.032956751,0.3112793,0,0,0,0
54787,held_out,2,true,false,0.45,sharpen,True,6,0.016808317,0.0074779203,-0.0039023086,0.025187564,0.3996582,0,0,0,0
54787,held_out,2,true,false,0.45,default,True,6,0.023808384,0.010922098,-0.0075561669,0.033208461,0.3293457,0,0,0,0
54787,held_out,2,true,false,0.595,lower_clip,True,6,0.1028227,0.0054616125,-0.0035728852,0.028150735,0.57714844,0,0,0,0
54787,held_out,2,true,false,0.595,color_nr,True,6,0.025442352,0.011563469,-0.009124841,0.040792888,0.37866211,0,0,0,0
54787,held_out,2,true,false,0.595,sharpen,True,6,0.019425673,0.0086396854,-0.0045453318,0.03066276,0.46337891,0,0,0,0
54787,held_out,2,true,false,0.595,default,True,6,0.025442352,0.013824988,-0.0096808754,0.041646553,0.36987305,0,0,0,0
54787,held_out,2,true,true,0.05,lower_clip,True,6,0.01605369,-0.0045279003,0.0015755017,-0.0057296764,0.048095703,0,0,0,0
54787,held_out,2,true,true,0.05,color_nr,True,6,0.069648956,-0.0013813339,-0.005360751,0.0055843632,0.009765625,0,0,0,0
54787,held_out,2,true,true,0.05,sharpen,True,6,0.016187782,-0.0049651291,0.0019034773,-0.0065010749,0.055664062,0,0,0,0
54787,held_out,2,true,true,0.05,default,True,6,0.018954937,-0.0020678086,-0.0049803432,0.0043468182,0.022949219,0,0,0,0
54787,held_out,2,true,true,0.15,lower_clip,True,6,0.018200257,-0.0054590638,0.0019869268,-0.0065937021,0.14892578,0,0,0,0
54787,held_out,2,true,true,0.15,color_nr,True,6,0.01341085,-0.00090711357,-0.0057808019,0.007763697,0.047851562,0,0,0,0
54787,held_out,2,true,true,0.15,sharpen,True,6,0.018712495,-0.005357985,0.0021517046,-0.0069078261,0.13842773,0,0,0,0
54787,held_out,2,true,true,0.15,default,True,6,0.013193926,-0.0013058917,-0.0054353421,0.0063974745,0.072753906,0,0,0,0
54787,held_out,2,true,true,0.3,lower_clip,True,6,0.018601844,-0.0037263233,0.00089402162,-1.5008875e-05,0.29882812,0,0,0,0
54787,held_out,2,true,true,0.3,color_nr,True,6,0.0098743117,0.0024246259,-0.0077258421,0.017356727,0.11279297,0,0,0,0
54787,held_out,2,true,true,0.3,sharpen,True,6,0.017805549,-0.0027950979,0.00074401961,0.00067660743,0.23730469,0,0,0,0
54787,held_out,2,true,true,0.3,default,True,6,0.0098743117,0.0026209733,-0.0075635549,0.016386771,0.14501953,0,0,0,0
54787,held_out,2,true,true,0.45,lower_clip,True,6,0.016084601,0.0045336858,-0.0038768131,0.024130624,0.45043945,0,0,0,0
54787,held_out,2,true,true,0.45,color_nr,True,6,0.015673536,0.012268731,-0.013331527,0.044047734,0.18212891,0,0,0,0
54787,held_out,2,true,true,0.45,sharpen,True,6,0.016084601,0.0062686209,-0.0043597389,0.025911615,0.31616211,0,0,0,0
54787,held_out,2,true,true,0.45,default,True,6,0.015673536,0.013045825,-0.013380776,0.043642891,0.20849609,0,0,0,0
54787,held_out,2,true,true,0.595,lower_clip,True,6,0.075255335,0.0050147718,-0.0042575056,0.028479775,0.5769043,0,0,0,0
54787,held_out,2,true,true,0.595,color_nr,True,6,0.01868549,0.014440135,-0.014644252,0.050549344,0.24584961,0,0,0,0
54787,held_out,2,true,true,0.595,sharpen,True,6,0.016959051,0.0074775581,-0.005057446,0.031287772,0.38012695,0,0,0,0
54787,held_out,2,true,true,0.595,default,True,6,0.01868549,0.015711105,-0.014889146,0.05068341,0.26147461,0,0,0,0
54787,held_out,4,false,false,0.05,lower_clip,False,0,,,,,,1,0,0,0
54787,held_out,4,false,false,0.05,color_nr,False,0,,,,,,1,0,0,0
54787,held_out,4,false,false,0.05,sharpen,False,0,,,,,,1,0,0,0
54787,held_out,4,false,false,0.05,default,False,0,,,,,,1,0,0,0
54787,held_out,4,false,false,0.15,lower_clip,True,6,0.026789719,-0.014262151,-4.3432034e-19,-5.4808921e-19,0.14746094,0,0,0,0
54787,held_out,4,false,false,0.15,color_nr,True,6,0.026789719,-0.01426215,2.6551416e-10,4.5449839e-12,0.14746094,0,0,0,0
54787,held_out,4,false,false,0.15,sharpen,True,6,0.018554829,-0.015907752,-4.679964e-19,-5.9058661e-19,0.17919922,0,0,0,0
54787,held_out,4,false,false,0.15,default,True,6,0.018554829,-0.015907752,2.9152671e-10,1.8492073e-12,0.1796875,0,0,0,0
54787,held_out,4,false,false,0.3,lower_clip,True,6,0.02023462,-0.003213668,-3.2746256e-19,-4.1324037e-19,0.30151367,0,0,0,0
54787,held_out,4,false,false,0.3,color_nr,True,6,0.02023462,-0.0032136682,3.631223e-10,5.2526882e-12,0.30151367,0,0,0,0
54787,held_out,4,false,false,0.3,sharpen,True,6,0.013819708,-0.003879649,-3.4441722e-19,-4.3463625e-19,0.33398438,0,0,0,0
54787,held_out,4,false,false,0.3,default,True,6,0.013819708,-0.0038796491,3.8325239e-10,2.6547271e-12,0.33398438,0,0,0,0
54787,held_out,4,false,false,0.45,lower_clip,True,6,0.21273681,0.039688704,8.2445657e-19,1.0404204e-18,0.43286133,0,0,0,0
54787,held_out,4,false,false,0.45,color_nr,True,6,0.21273681,0.039688704,3.463106e-10,1.1994988e-11,0.43286133,0,0,0,0
54787,held_out,4,false,false,0.45,sharpen,True,6,0.1189774,0.039806808,8.1980048e-19,1.0345447e-18,0.46655273,0,0,0,0
54787,held_out,4,false,false,0.45,default,True,6,0.11897705,0.039806808,3.5982273e-10,1.0566266e-11,0.46777344,0,0,0,0
54787,held_out,4,false,false,0.595,lower_clip,False,0,,,,,,1,31,0,0
54787,held_out,4,false,false,0.595,color_nr,False,0,,,,,,1,31,0,0
54787,held_out,4,false,false,0.595,sharpen,False,0,,,,,,1,36,0,0
54787,held_out,4,false,false,0.595,default,False,0,,,,,,1,36,0,0
54787,held_out,4,false,true,0.05,lower_clip,True,6,0.035654353,-0.0076188866,-0.0043343343,0.0010574111,0.048339844,0,0,0,0
54787,held_out,4,false,true,0.05,color_nr,True,6,0.8674966,-0.0049770249,-0.00048649805,0.00097777909,0.0046386719,0,0,0,0
54787,held_out,4,false,true,0.05,sharpen,True,6,0.035909023,-0.0083554181,-0.0038275588,0.0011583806,0.038330078,0,0,0,0
54787,held_out,4,false,true,0.05,default,True,6,0.46706251,-0.0058514912,-0.00046396871,0.0010237206,0.0078125,0,0,0,0
54787,held_out,4,false,true,0.15,lower_clip,True,6,0.035434158,-0.012071492,-0.004233295,0.0012199195,0.1496582,0,0,0,0
54787,held_out,4,false,true,0.15,color_nr,True,6,0.11438,-0.0075061892,0.00051649712,0.0012712427,0.016845703,0,0,0,0
54787,held_out,4,false,true,0.15,sharpen,True,6,0.035651075,-0.012570668,-0.0033621251,0.001345509,0.11547852,0,0,0,0
54787,held_out,4,false,true,0.15,default,True,6,0.11418341,-0.0086942914,0.00060003502,0.0013317071,0.031982422,0,0,0,0
54787,held_out,4,false,true,0.3,lower_clip,True,6,0.15739975,-0.015488077,-0.002531365,0.0011672425,0.31665039,0,0,0,0
54787,held_out,4,false,true,0.3,color_nr,True,6,0.17450949,-0.0089561136,0.0024620844,0.0014684699,0.057861328,0,0,0,0
54787,held_out,4,false,true,0.3,sharpen,True,6,0.16276954,-0.015232164,-0.0014140905,0.0013348312,0.23046875,0,0,0,0
54787,held_out,4,false,true,0.3,default,True,6,0.17625805,-0.010067017,0.0026200489,0.0015210759,0.090332031,0,0,0,0
54787,held_out,4,false,true,0.45,lower_clip,True,6,0.030228901,-0.015722649,-0.00017169857,0.0010936093,0.45288086,0,0,0,0
54787,held_out,4,false,true,0.45,color_nr,True,6,0.094516249,-0.0077282961,0.0046734761,0.0015997182,0.10668945,0,0,0,0
54787,held_out,4,false,true,0.45,sharpen,True,6,0.026512301,-0.014632831,0.0010203742,0.0013048877,0.31713867,0,0,0,0
54787,held_out,4,false,true,0.45,default,True,6,0.094516249,-0.0084384313,0.0048606514,0.0016420674,0.14501953,0,0,0,0
54787,held_out,4,false,true,0.595,lower_clip,True,6,0.079598438,-0.010946472,0.0024176731,0.00097082933,0.56713867,0,0,0,0
54787,held_out,4,false,true,0.595,color_nr,True,6,0.085893755,-0.0019003916,0.0070034087,0.0016615467,0.17407227,0,0,0,0
54787,held_out,4,false,true,0.595,sharpen,True,6,0.026096631,-0.0091194163,0.0035821575,0.0012292771,0.40063477,0,0,0,0
54787,held_out,4,false,true,0.595,default,True,6,0.085893755,-0.0020479293,0.0071748112,0.0016940611,0.21044922,0,0,0,0
54787,held_out,4,true,false,0.05,lower_clip,True,6,0.036685663,-0.0038667523,0.0019769294,-0.0059415852,0.050292969,0,0,0,0
54787,held_out,4,true,false,0.05,color_nr,True,6,0.067387559,-0.0035982016,0.0016922681,-0.0052641356,0.042480469,0,0,0,0
54787,held_out,4,true,false,0.05,sharpen,True,6,0.02730499,-0.0042284048,0.0022572935,-0.007031392,0.064941406,0,0,0,0
54787,held_out,4,true,false,0.05,default,True,6,0.067388022,-0.0040081696,0.0019905008,-0.0064079685,0.060546875,0,0,0,0
54787,held_out,4,true,false,0.15,lower_clip,True,6,0.0343735,-0.0047282857,0.0024228768,-0.0067976457,0.14746094,0,0,0,0
54787,held_out,4,true,false,0.15,color_nr,True,6,0.079436191,-0.0037775857,0.0014708135,-0.0044401485,0.11547852,0,0,0,0
54787,held_out,4,true,false,0.15,sharpen,True,6,0.025321693,-0.0044445996,0.0025136685,-0.0074858459,0.15795898,0,0,0,0
54787,held_out,4,true,false,0.15,default,True,6,0.079436191,-0.0036667685,0.0016296862,-0.0053553038,0.13696289,0,0,0,0
54787,held_out,4,true,false,0.3,lower_clip,True,6,0.033523089,-0.002933984,0.0013674569,-0.00019941468,0.30151367,0,0,0,0
54787,held_out,4,true,false,0.3,color_nr,True,6,0.095272504,-0.0007723975,-0.00069082601,0.0049687106,0.21142578,0,0,0,0
54787,held_out,4,true,false,0.3,sharpen,True,6,0.025079144,-0.0018122,0.0011493653,1.7600266e-05,0.26831055,0,0,0,0
54787,held_out,4,true,false,0.3,default,True,6,0.095272504,-2.0954081e-05,-0.00075445195,0.0046305054,0.22290039,0,0,0,0
54787,held_out,4,true,false,0.45,lower_clip,True,6,0.034486546,0.0055263863,-0.003451387,0.024357733,0.44848633,0,0,0,0
54787,held_out,4,true,false,0.45,color_nr,True,6,0.098183826,0.0090998912,-0.0067147412,0.032505699,0.29248047,0,0,0,0
54787,held_out,4,true,false,0.45,sharpen,True,6,0.032346807,0.007361863,-0.0039661695,0.025540917,0.35864258,0,0,0,0
54787,held_out,4,true,false,0.45,default,True,6,0.098183826,0.010371279,-0.0069828284,0.03275174,0.28881836,0,0,0,0
54787,held_out,4,true,false,0.595,lower_clip,True,6,0.21856106,0.0057877946,-0.0036396792,0.027953161,0.5546875,0,0,0,0
54787,held_out,4,true,false,0.595,color_nr,True,6,0.096388803,0.010909773,-0.0081398848,0.038914828,0.36206055,0,0,0,0
54787,held_out,4,true,false,0.595,sharpen,True,6,0.037067934,0.008220776,-0.0044267191,0.030067111,0.42407227,0,0,0,0
54787,held_out,4,true,false,0.595,default,True,6,0.096388803,0.012608257,-0.0085908445,0.039689332,0.33789062,0,0,0,0
54787,held_out,4,true,true,0.05,lower_clip,True,6,0.034141588,-0.0045776295,0.0015499508,-0.0054347297,0.050292969,0,0,0,0
54787,held_out,4,true,true,0.05,color_nr,True,6,0.13431728,-0.0020617522,-0.0036299005,0.0035209086,0.011474609,0,0,0,0
54787,held_out,4,true,true,0.05,sharpen,True,6,0.031784743,-0.0048450163,0.0017505677,-0.0059120294,0.050292969,0,0,0,0
54787,held_out,4,true,true,0.05,default,True,6,0.083320314,-0.0024931131,-0.0033888376,0.0027420519,0.019775391,0,0,0,0
54787,held_out,4,true,true,0.15,lower_clip,True,6,0.031864151,-0.0054938572,0.0019536066,-0.0062517932,0.14746094,0,0,0,0
54787,held_out,4,true,true,0.15,color_nr,True,6,0.058718649,-0.0017839025,-0.0039287626,0.0054142789,0.046630859,0,0,0,0
54787,held_out,4,true,true,0.15,sharpen,True,6,0.026422358,-0.0053809481,0.0020342585,-0.0063869625,0.12255859,0,0,0,0
54787,held_out,4,true,true,0.15,default,True,6,0.058718649,-0.002061684,-0.0037011478,0.0045284077,0.063964844,0,0,0,0
54787,held_out,4,true,true,0.3,lower_clip,True,6,0.031726433,-0.0037470962,0.00085163832,0.00037888715,0.30151367,0,0,0,0
54787,held_out,4,true,true,0.3,color_nr,True,6,0.057546722,0.0012970416,-0.0057476802,0.014731004,0.10961914,0,0,0,0
54787,held_out,4,true,true,0.3,sharpen,True,6,0.029557367,-0.0030244287,0.00069927572,0.00098604553,0.21655273,0,0,0,0
54787,held_out,4,true,true,0.3,default,True,6,0.057546722,0.0014108827,-0.0056419316,0.014105713,0.12744141,0,0,0,0
54787,held_out,4,true,true,0.45,lower_clip,True,6,0.037965257,0.0046646417,-0.0040072309,0.024961927,0.44848633,0,0,0,0
54787,held_out,4,true,true,0.45,color_nr,True,6,0.065604963,0.010999779,-0.011290203,0.04153454,0.17993164,0,0,0,0
54787,held_out,4,true,true,0.45,sharpen,True,6,0.037965257,0.0059854669,-0.0044050173,0.02636352,0.29638672,0,0,0,0
54787,held_out,4,true,true,0.45,default,True,6,0.065604963,0.011544483,-0.011341736,0.041321466,0.1875,0,0,0,0
54787,held_out,4,true,true,0.595,lower_clip,True,6,0.11457764,0.0048705204,-0.004234308,0.028618723,0.55419922,0,0,0,0
54787,held_out,4,true,true,0.595,color_nr,True,6,0.069591135,0.012552327,-0.012253398,0.047016846,0.24072266,0,0,0,0
54787,held_out,4,true,true,0.595,sharpen,True,6,0.043383595,0.0067519354,-0.0048720752,0.03078109,0.36474609,0,0,0,0
54787,held_out,4,true,true,0.595,default,True,6,0.069591135,0.01349721,-0.012462355,0.04722609,0.23999023,0,0,0,0
54787,held_out,8,false,false,0.05,lower_clip,True,6,0.27315832,-0.01117707,-6.6278594e-19,-8.3640067e-19,0.040039062,0,0,0,0
54787,held_out,8,false,false,0.05,color_nr,True,6,0.27315832,-0.01117707,2.0261428e-10,-1.2553217e-11,0.040039062,0,0,0,0
54787,held_out,8,false,false,0.05,sharpen,True,6,0.23510639,-0.012532518,-6.7479309e-19,-8.5155306e-19,0.052246094,0,0,0,0
54787,held_out,8,false,false,0.05,default,True,6,0.23510639,-0.012532518,2.1720546e-10,-1.4211475e-11,0.052246094,0,0,0,0
54787,held_out,8,false,false,0.15,lower_clip,True,6,0.20215928,-0.012860242,-1.5197405e-19,-1.9178319e-19,0.15454102,0,0,0,0
54787,held_out,8,false,false,0.15,color_nr,True,6,0.20215928,-0.012860241,1.8494826e-10,-2.0678215e-13,0.15454102,0,0,0,0
54787,held_out,8,false,false,0.15,sharpen,True,6,0.2036556,-0.014027857,-1.7743202e-19,-2.2390979e-19,0.171875,0,0,0,0
54787,held_out,8,false,false,0.15,default,True,6,0.2036556,-0.014027857,2.0720015e-10,-3.051447e-12,0.17138672,0,0,0,0
54787,held_out,8,false,false,0.3,lower_clip,True,6,0.11050414,-0.0011693367,-2.837539e-19,-3.5808236e-19,0.28491211,0,0,0,0
54787,held_out,8,false,false,0.3,color_nr,True,6,0.11050414,-0.0011693368,2.5598362e-10,-1.6588476e-12,0.28491211,0,0,0,0
54787,held_out,8,false,false,0.3,sharpen,False,0,,,,,,1,0,0,0
54787,held_out,8,false,false,0.3,default,False,0,,,,,,1,0,0,0
54787,held_out,8,false,false,0.45,lower_clip,True,6,0.41036777,0.042961575,8.5542308e-19,1.0794985e-18,0.39868164,0,0,0,0
54787,held_out,8,false,false,0.45,color_nr,True,6,0.41036777,0.042961575,2.0251528e-10,7.1672871e-12,0.39868164,0,0,0,0
54787,held_out,8,false,false,0.45,sharpen,True,6,0.39088111,0.042858985,8.7080251e-19,1.0989065e-18,0.42700195,0,0,0,0
54787,held_out,8,false,false,0.45,default,True,6,0.39088111,0.042858985,2.1427677e-10,5.9637305e-12,0.42602539,0,0,0,0
54787,held_out,8,false,false,0.595,lower_clip,True,6,0.16217784,0.044921142,9.0829748e-19,1.1462232e-18,0.54370117,0,0,0,0
54787,held_out,8,false,false,0.595,color_nr,True,6,0.16217784,0.044921142,1.8365116e-10,6.346934e-12,0.54370117,0,0,0,0
54787,held_out,8,false,false,0.595,sharpen,True,6,0.095874406,0.045166831,9.0638959e-19,1.1438155e-18,0.55810547,0,0,0,0
54787,held_out,8,false,false,0.595,default,True,6,0.095874406,0.045166831,1.8749835e-10,5.2317231e-12,0.55810547,0,0,0,0
54787,held_out,8,false,true,0.05,lower_clip,True,6,0.19953699,-0.0078167594,-0.0046798145,0.0018308914,0.045166016,0,0,0,0
54787,held_out,8,false,true,0.05,color_nr,True,6,0.55728181,-0.00595715,-0.0016503915,0.0017123038,0.010253906,0,0,0,0
54787,held_out,8,false,true,0.05,sharpen,True,6,0.20403493,-0.008214486,-0.004350723,0.0018729907,0.031494141,0,0,0,0
54787,held_out,8,false,true,0.05,default,True,6,0.60154225,-0.0064476327,-0.0016313758,0.0017436698,0.013427734,0,0,0,0
54787,held_out,8,false,true,0.15,lower_clip,True,6,0.19064674,-0.012202661,-0.004698487,0.0021250295,0.13842773,0,0,0,0
54787,held_out,8,false,true,0.15,color_nr,True,6,0.66815187,-0.0089712442,-0.00095141911,0.0021194422,0.026367188,0,0,0,0
54787,held_out,8,false,true,0.15,sharpen,True,6,0.18812642,-0.012449721,-0.0041124742,0.0021880114,0.10009766,0,0,0,0
54787,held_out,8,false,true,0.15,default,True,6,0.65625394,-0.0095925954,-0.00088629989,0.0021515753,0.035888672,0,0,0,0
54787,held_out,8,false,true,0.3,lower_clip,True,6,0.38654006,-0.015759372,-0.0030198903,0.0022975372,0.31811523,0,0,0,0
54787,held_out,8,false,true,0.3,color_nr,True,6,0.89246439,-0.011021342,0.00089887922,0.0024479111,0.081787109,0,0,0,0
54787,held_out,8,false,true,0.3,sharpen,True,6,0.3799956,-0.015474628,-0.0022566443,0.002376593,0.22436523,0,0,0,0
54787,held_out,8,false,true,0.3,default,True,6,0.99750297,-0.011487351,0.001017872,0.0024842049,0.098144531,0,0,0,0
54787,held_out,8,false,true,0.45,lower_clip,False,0,,,,,,1,3,0,1
54787,held_out,8,false,true,0.45,color_nr,False,0,,,,,,1,0,25,7
54787,held_out,8,false,true,0.45,sharpen,False,0,,,,,,1,0,0,1
54787,held_out,8,false,true,0.45,default,False,0,,,,,,1,0,25,6
54787,held_out,8,false,true,0.595,lower_clip,True,6,0.28643071,-0.011419422,0.0020365451,0.0020023264,0.5378418,0,0,0,0
54787,held_out,8,false,true,0.595,color_nr,True,6,0.66084021,-0.0046506546,0.0055937621,0.0025474031,0.19824219,0,0,0,0
54787,held_out,8,false,true,0.595,sharpen,True,6,0.16009852,-0.010019562,0.0028480464,0.0021170446,0.37866211,0,0,0,0
54787,held_out,8,false,true,0.595,default,True,6,0.66084021,-0.0043267799,0.0057310612,0.0025452807,0.21386719,0,0,0,0
54787,held_out,8,true,false,0.05,lower_clip,True,6,0.18943425,-0.0032161266,0.0018207653,-0.0056761529,0.045898438,0,0,0,0
54787,held_out,8,true,false,0.05,color_nr,True,6,0.16372514,-0.00296191,0.0015702296,-0.0050031289,0.038818359,0,0,0,0
54787,held_out,8,true,false,0.05,sharpen,True,6,0.17166401,-0.0034229125,0.0019810587,-0.0062996553,0.054443359,0,0,0,0
54787,held_out,8,true,false,0.05,default,True,6,0.16170104,-0.0032112601,0.001747705,-0.0056860352,0.050537109,0,0,0,0
54787,held_out,8,true,false,0.15,lower_clip,True,6,0.21359185,-0.0039576199,0.002207572,-0.0063475692,0.1496582,0,0,0,0
54787,held_out,8,true,false,0.15,color_nr,True,6,0.28450341,-0.0030998973,0.0013998719,-0.0041325053,0.10766602,0,0,0,0
54787,held_out,8,true,false,0.15,sharpen,True,6,0.18958526,-0.0037545968,0.0022450547,-0.006702638,0.13891602,0,0,0,0
54787,held_out,8,true,false,0.15,default,True,6,0.28450385,-0.0030324706,0.0014947195,-0.0046977707,0.11791992,0,0,0,0
54787,held_out,8,true,false,0.3,lower_clip,True,6,0.21665586,-0.0019780473,0.0010557594,0.00057661065,0.2878418,0,0,0,0
54787,held_out,8,true,false,0.3,color_nr,True,6,0.36228531,-0.00011980304,-0.00063176881,0.0052154833,0.19799805,0,0,0,0
54787,held_out,8,true,false,0.3,sharpen,True,6,0.21665586,-0.0011676564,0.00086753526,0.00088642248,0.23974609,0,0,0,0
54787,held_out,8,true,false,0.3,default,True,6,0.36228503,0.00041450745,-0.0006983616,0.0050587073,0.19897461,0,0,0,0
54787,held_out,8,true,false,0.45,lower_clip,True,6,0.35428549,0.0068033363,-0.0039366776,0.025780824,0.43603516,0,0,0,0
54787,held_out,8,true,false,0.45,color_nr,True,6,0.38955591,0.0097681033,-0.0065519795,0.032894152,0.27490234,0,0,0,0
54787,held_out,8,true,false,0.45,sharpen,True,6,0.23785834,0.0081649834,-0.0043520644,0.026818956,0.32177734,0,0,0,0
54787,held_out,8,true,false,0.45,default,True,6,0.38955591,0.010721164,-0.0067812354,0.033192896,0.25976562,0,0,0,0
54787,held_out,8,true,false,0.595,lower_clip,True,6,0.56855914,0.0064062578,-0.003745148,0.027461112,0.51904297,0,0,0,0
54787,held_out,8,true,false,0.595,color_nr,True,6,0.36578232,0.010558851,-0.0073059653,0.036890518,0.34375,0,0,0,0
54787,held_out,8,true,false,0.595,sharpen,True,6,0.24606972,0.0082471295,-0.004372362,0.029192972,0.39208984,0,0,0,0
54787,held_out,8,true,false,0.595,default,True,6,0.36578232,0.011870476,-0.0076847411,0.037606297,0.30932617,0,0,0,0
54787,held_out,8,true,true,0.05,lower_clip,True,6,0.24112905,-0.0045655688,0.0014304804,-0.0047140006,0.041748047,0,0,0,0
54787,held_out,8,true,true,0.05,color_nr,True,6,0.44803449,-0.0027106077,-0.0025083149,0.0021764223,0.016357422,0,0,0,0
54787,held_out,8,true,true,0.05,sharpen,True,6,0.23412302,-0.0047041445,0.0015397603,-0.0049739181,0.038818359,0,0,0,0
54787,held_out,8,true,true,0.05,default,True,6,0.43240424,-0.0029477429,-0.0023714962,0.0017267934,0.021728516,0,0,0,0
54787,held_out,8,true,true,0.15,lower_clip,True,6,0.20378275,-0.0054323765,0.0018006175,-0.0052960678,0.14331055,0,0,0,0
54787,held_out,8,true,true,0.15,color_nr,True,6,0.44615392,-0.0025773674,-0.0027294448,0.0039624191,0.049316406,0,0,0,0
54787,held_out,8,true,true,0.15,sharpen,True,6,0.20378275,-0.0053157277,0.0018261515,-0.0053111194,0.10864258,0,0,0,0
54787,held_out,8,true,true,0.15,default,True,6,0.44615392,-0.0027103903,-0.002607176,0.0034739773,0.057128906,0,0,0,0
54787,held_out,8,true,true,0.3,lower_clip,True,6,0.20721411,-0.0035900487,0.00063975188,0.0017248789,0.28491211,0,0,0,0
54787,held_out,8,true,true,0.3,color_nr,True,6,0.44544642,0.00040550925,-0.0045107247,0.013432341,0.10595703,0,0,0,0
54787,held_out,8,true,true,0.3,sharpen,True,6,0.20721411,-0.0030453503,0.00050131484,0.0022300131,0.19116211,0,0,0,0
54787,held_out,8,true,true,0.3,default,True,6,0.44544642,0.00053054355,-0.004470323,0.013120557,0.11328125,0,0,0,0
54787,held_out,8,true,true,0.45,lower_clip,True,6,0.18544464,0.0050424918,-0.0043460443,0.027000896,0.43530273,0,0,0,0
54787,held_out,8,true,true,0.45,color_nr,True,6,0.45528609,0.010075307,-0.010048266,0.040626035,0.17822266,0,0,0,0
54787,held_out,8,true,true,0.45,sharpen,True,6,0.21908991,0.0060202034,-0.0046608654,0.028067203,0.27685547,0,0,0,0
54787,held_out,8,true,true,0.45,default,True,6,0.45528609,0.010505639,-0.010120328,0.040604046,0.17553711,0,0,0,0
54787,held_out,8,true,true,0.595,lower_clip,True,6,0.17596853,0.0045211309,-0.0041641443,0.028820993,0.51879883,0,0,0,0
54787,held_out,8,true,true,0.595,color_nr,True,6,0.42607293,0.010579458,-0.010427923,0.043968863,0.23388672,0,0,0,0
54787,held_out,8,true,true,0.595,sharpen,True,6,0.22477765,0.0059125094,-0.0046538007,0.030420018,0.34301758,0,0,0,0
54787,held_out,8,true,true,0.595,default,True,6,0.42607293,0.011316736,-0.01062103,0.04426315,0.22460938,0,0,0,0
