variant,seed,brightness,correlation,color_texture,step,detail,before_edge_mse_ycc_y,before_edge_mse_ycc_cb,before_edge_mse_ycc_cr,before_flat_mse_ycc_y,before_flat_mse_ycc_cb,before_flat_mse_ycc_cr,before_flat_sigma_c,before_flat_sigma_y,before_texture_mse_ycc_y,before_texture_mse_ycc_cb,before_texture_mse_ycc_cr,after_edge_mse_ycc_y,after_edge_mse_ycc_cb,after_edge_mse_ycc_cr,after_flat_mse_ycc_y,after_flat_mse_ycc_cb,after_flat_mse_ycc_cr,after_flat_sigma_c,after_flat_sigma_y,after_texture_mse_ycc_y,after_texture_mse_ycc_cb,after_texture_mse_ycc_cr,clean_edge_mse_ycc_y,clean_edge_mse_ycc_cb,clean_edge_mse_ycc_cr,clean_flat_mse_ycc_y,clean_flat_mse_ycc_cb,clean_flat_mse_ycc_cr,clean_flat_sigma_c,clean_flat_sigma_y,clean_texture_mse_ycc_y,clean_texture_mse_ycc_cb,clean_texture_mse_ycc_cr
baseline,173,30.0,8,False,1.0,0.0,49.390110827800086,18.97209966631668,37.77858488733249,49.80455231643809,14.551774906525191,17.907389421659204,3.9249841124293963,7.053241590940244,47.92731360543451,16.02271467458747,15.40395789393823,2.2810875430181694,10.195782461206718,28.965525332904242,1.2275109723356208,7.788374789179011,9.13659606914174,2.778470197480898,0.7609745787724025,16.4635696734826,11.86236938126229,10.384776372010665,1.3900915852184714,1.1340669188502135e-12,1.8060128920634732e-12,0.0,0.0,0.0,0.0,0.0,14.647599208992546,2.1736282603560405e-12,3.461524708556449e-12
baseline,173,30.0,8,False,1.0,50.0,49.390110827800086,18.97209966631668,37.77858488733249,49.80455231643809,14.551774906525191,17.907389421659204,3.9249841124293963,7.053241590940244,47.92731360543451,16.02271467458747,15.40395789393823,2.248757126234881,10.1972257429545,28.97174509087639,1.2271321425379786,7.789730239550813,9.137865475911443,2.778688183700401,0.7634647666216933,16.353061676590485,11.868155662460612,10.389095406049204,1.372356620134009,1.1340669188502135e-12,1.8060128920634732e-12,0.0,0.0,0.0,0.0,0.0,14.620743556471455,2.5786521600860436e-12,4.106529313088828e-12
baseline,173,30.0,8,False,1.0,100.0,49.390110827800086,18.97209966631668,37.77858488733249,49.80455231643809,14.551774906525191,17.907389421659204,3.9249841124293963,7.053241590940244,47.92731360543451,16.02271467458747,15.40395789393823,2.141474436379518,10.241413978965648,29.121999765403917,1.3965348834610523,7.825647721556918,9.173100745816289,2.7846021633416336,0.9211170744620122,14.224612481411874,12.016618246628594,10.500978718968463,1.0134873311486619,1.1475677154328707e-12,1.8275130454284303e-12,0.0,0.0,0.0,0.0,0.0,13.960038665667982,2.5651513622024276e-12,4.085029157652077e-12
baseline,173,30.0,8,False,5.0,0.0,49.390110827800086,18.97209966631668,37.77858488733249,49.80455231643809,14.551774906525191,17.907389421659204,3.9249841124293963,7.053241590940244,47.92731360543451,16.02271467458747,15.40395789393823,2.866189715167024,0.6561782811154607,3.0314522336648384,1.39382263583491,1.0462349916477682,0.9864227828451184,0.8177368212570388,0.7672727608669156,16.80445818353388,0.7213373669233716,0.9925967114805067,1.3900915852184714,1.1340669188502135e-12,1.8060128920634732e-12,0.0,0.0,0.0,0.0,0.0,14.647599992765144,1.998117903972798e-12,3.1820227135241334e-12
baseline,173,30.0,8,False,5.0,50.0,49.390110827800086,18.97209966631668,37.77858488733249,49.80455231643809,14.551774906525191,17.907389421659204,3.9249841124293963,7.053241590940244,47.92731360543451,16.02271467458747,15.40395789393823,2.8326053468324512,0.6565440963411229,3.0318225193825525,1.393035139155491,1.0463681345239666,0.9865966548330336,0.8178018051563821,0.7697662779683785,16.69346610685049,0.72155395897297,0.9929846826903729,1.372356620134009,1.1340669188502135e-12,1.8060128920634732e-12,0.0,0.0,0.0,0.0,0.0,14.62074384590733,2.4841465834448704e-12,3.956028238638209e-12
baseline,173,30.0,8,False,5.0,100.0,49.390110827800086,18.97209966631668,37.77858488733249,49.80455231643809,14.551774906525191,17.907389421659204,3.9249841124293963,7.053241590940244,47.92731360543451,16.02271467458747,15.40395789393823,2.684443424957341,0.6633850109530971,3.0412407252291946,1.5501970501867783,1.0499586671935988,0.9911997193396417,0.819564261150785,0.9254698331521639,14.547236827784936,0.7269878703889617,1.002787228465069,1.0134873311486619,1.1475677154328707e-12,1.8275130454284303e-12,0.0,0.0,0.0,0.0,0.0,13.960038560707142,2.538149768931633e-12,4.042028850754177e-12
baseline,173,30.0,8,True,1.0,0.0,49.390110827800086,18.97209966631668,37.77858488733249,49.80455231643809,14.551774906525191,17.907389421659204,3.9249841124293963,7.053241590940244,47.92731224800945,16.022715562959565,15.403956099206546,2.2810875430181694,10.195782461206718,28.965525332904242,1.2275109723356208,7.788374789179011,9.13659606914174,2.778470197480898,0.7609745787724025,1.4925488333943908,26.971675013116787,10.683315771463832,1.3900915852184714,1.1340669188502135e-12,1.8060128920634732e-12,0.0,0.0,0.0,0.0,0.0,0.004942436475264077,17.552318495819538,0.0025079046842075253
baseline,173,30.0,8,True,1.0,50.0,49.390110827800086,18.97209966631668,37.77858488733249,49.80455231643809,14.551774906525191,17.907389421659204,3.9249841124293963,7.053241590940244,47.92731224800945,16.022715562959565,15.403956099206546,2.248757126234881,10.1972257429545,28.97174509087639,1.2271321425379786,7.789730239550813,9.137865475911443,2.778688183700401,0.7634647666216933,1.4932205756679537,26.97322868830694,10.684717322661417,1.372356620134009,1.1340669188502135e-12,1.8060128920634732e-12,0.0,0.0,0.0,0.0,0.0,0.004942256538159344,17.55232064411378,0.0025078797152269707
baseline,173,30.0,8,True,1.0,100.0,49.390110827800086,18.97209966631668,37.77858488733249,49.80455231643809,14.551774906525191,17.907389421659204,3.9249841124293963,7.053241590940244,47.92731224800945,16.022715562959565,15.403956099206546,2.141474436379518,10.241413978965648,29.121999765403917,1.3965348834610523,7.825647721556918,9.173100745816289,2.7846021633416336,0.9211170744620122,1.6726058570029778,27.018027056276928,10.723605121223985,1.0134873311486619,1.1475677154328707e-12,1.8275130454284303e-12,0.0,0.0,0.0,0.0,0.0,0.004942857116513009,17.5523155330761,0.0025078919719772135
baseline,173,30.0,8,True,5.0,0.0,49.390110827800086,18.97209966631668,37.77858488733249,49.80455231643809,14.551774906525191,17.907389421659204,3.9249841124293963,7.053241590940244,47.92731224800945,16.022715562959565,15.403956099206546,2.866189715167024,0.6561782811154607,3.0314522336648384,1.39382263583491,1.0462349916477682,0.9864227828451184,0.8177368212570388,0.7672727608669156,1.7274756912658293,21.595393382830416,0.994428855673663,1.3900915852184714,1.1340669188502135e-12,1.8060128920634732e-12,0.0,0.0,0.0,0.0,0.0,0.00490297326930011,20.687477359930746,0.002491499049331237
baseline,173,30.0,8,True,5.0,50.0,49.390110827800086,18.97209966631668,37.77858488733249,49.80455231643809,14.551774906525191,17.907389421659204,3.9249841124293963,7.053241590940244,47.92731224800945,16.022715562959565,15.403956099206546,2.8326053468324512,0.6565440963411229,3.0318225193825525,1.393035139155491,1.0463681345239666,0.9865966548330336,0.8178018051563821,0.7697662779683785,1.727661567506473,21.595795639555774,0.9945452275512294,1.372356620134009,1.1340669188502135e-12,1.8060128920634732e-12,0.0,0.0,0.0,0.0,0.0,0.004902853958081643,20.687478088126497,0.002491519860645722
baseline,173,30.0,8,True,5.0,100.0,49.390110827800086,18.97209966631668,37.77858488733249,49.80455231643809,14.551774906525191,17.907389421659204,3.9249841124293963,7.053241590940244,47.92731224800945,16.022715562959565,15.403956099206546,2.684443424957341,0.6633850109530971,3.0412407252291946,1.5501970501867783,1.0499586671935988,0.9911997193396417,0.819564261150785,0.9254698331521639,1.8920890612977825,21.606305217814874,0.9977755792602334,1.0134873311486619,1.1475677154328707e-12,1.8275130454284303e-12,0.0,0.0,0.0,0.0,0.0,0.004903386637717344,20.687478053952923,0.00249148383373887
baseline,173,30.0,24,False,1.0,0.0,49.390111268192214,19.92545689015087,27.83683735335038,49.80455293196358,14.78315318129888,16.92605459713195,3.262604848866492,7.053241631411566,47.92731275563998,25.277454307175706,17.345431039739946,2.2134558200646537,19.23472902833086,26.054482016723234,1.0989149421083078,13.833884968010059,16.18320645938379,3.1547934934869275,0.7551566318887711,16.285761167348838,22.82198518196883,15.398937381566213,1.3900915852184714,1.1340669188502135e-12,1.8060128920634732e-12,0.0,0.0,0.0,0.0,0.0,14.647599208992546,2.1736282603560405e-12,3.461524708556449e-12
baseline,173,30.0,24,False,1.0,50.0,49.390111268192214,19.92545689015087,27.83683735335038,49.80455293196358,14.78315318129888,16.92605459713195,3.262604848866492,7.053241631411566,47.92731275563998,25.277454307175706,17.345431039739946,2.1816436559271617,19.237778996059443,26.05799688991238,1.0988496193283592,13.837164818902657,16.185411513164027,3.155106239016096,0.7576561737493083,16.17501547780288,22.832584038776236,15.404720481601258,1.372356620134009,1.1340669188502135e-12,1.8060128920634732e-12,0.0,0.0,0.0,0.0,0.0,14.620743556471455,2.5786521600860436e-12,4.106529313088828e-12
baseline,173,30.0,24,False,1.0,100.0,49.390111268192214,19.92545689015087,27.83683735335038,49.80455293196358,14.78315318129888,16.92605459713195,3.262604848866492,7.053241631411566,47.92731275563998,25.277454307175706,17.345431039739946,2.0867470830882784,19.31594478131859,26.177957686040287,1.2784813575839191,13.926587765465325,16.244416781213808,3.163733423795609,0.9175148581026008,14.051335685058111,23.110494353934065,15.568594913242526,1.0134873311486619,1.1475677154328707e-12,1.8275130454284303e-12,0.0,0.0,0.0,0.0,0.0,13.960038665667982,2.5651513622024276e-12,4.085029157652077e-12
baseline,173,30.0,24,False,5.0,0.0,49.390111268192214,19.92545689015087,27.83683735335038,49.80455293196358,14.78315318129888,16.92605459713195,3.262604848866492,7.053241631411566,47.92731275563998,25.277454307175706,17.345431039739946,2.395635307843101,15.508892754297444,9.317808032583875,1.2958312274436108,6.80076187136173,6.410074122974476,2.1384442567134427,0.7688059452246393,16.659440356327117,8.11681786493731,4.478015820802785,1.3900915852184714,1.1340669188502135e-12,1.8060128920634732e-12,0.0,0.0,0.0,0.0,0.0,14.647599992765144,1.998117903972798e-12,3.1820227135241334e-12
baseline,173,30.0,24,False,5.0,50.0,49.390111268192214,19.92545689015087,27.83683735335038,49.80455293196358,14.78315318129888,16.92605459713195,3.262604848866492,7.053241631411566,47.92731275563998,25.277454307175706,17.345431039739946,2.363137100111608,15.511678671750426,9.318961648074218,1.295175866283623,6.801978328316282,6.410945787697182,2.1386234915952222,0.7712369570251452,16.548503382177064,8.120362196340238,4.4795197018785915,1.372356620134009,1.1340669188502135e-12,1.8060128920634732e-12,0.0,0.0,0.0,0.0,0.0,14.62074384590733,2.4841465834448704e-12,3.956028238638209e-12
baseline,173,30.0,24,False,5.0,100.0,49.390111268192214,19.92545689015087,27.83683735335038,49.80455293196358,14.78315318129888,16.92605459713195,3.262604848866492,7.053241631411566,47.92731275563998,25.277454307175706,17.345431039739946,2.2437391262805852,15.579973187241281,9.357659036491873,1.4573573738748173,6.834971250829313,6.434350455106841,2.143549611833914,0.9264731627364954,14.407686613157955,8.210004817043021,4.518363144221487,1.0134873311486619,1.1475677154328707e-12,1.8275130454284303e-12,0.0,0.0,0.0,0.0,0.0,13.960038560707142,2.538149768931633e-12,4.042028850754177e-12
baseline,173,30.0,24,True,1.0,0.0,49.390111268192214,19.92545689015087,27.83683735335038,49.80455293196358,14.78315318129888,16.92605459713195,3.262604848866492,7.053241631411566,47.927311759065276,25.277455476186333,17.34543147411593,2.2134558200646537,19.23472902833086,26.054482016723234,1.0989149421083078,13.833884968010059,16.18320645938379,3.1547934934869275,0.7551566318887711,1.3764461874329912,38.71705668207928,15.640853842537915,1.3900915852184714,1.1340669188502135e-12,1.8060128920634732e-12,0.0,0.0,0.0,0.0,0.0,0.004942436475264077,17.552318495819538,0.0025079046842075253
baseline,173,30.0,24,True,1.0,50.0,49.390111268192214,19.92545689015087,27.83683735335038,49.80455293196358,14.78315318129888,16.92605459713195,3.262604848866492,7.053241631411566,47.927311759065276,25.277455476186333,17.34543147411593,2.1816436559271617,19.237778996059443,26.05799688991238,1.0988496193283592,13.837164818902657,16.185411513164027,3.155106239016096,0.7576561737493083,1.3776232869295775,38.7223773587184,15.64277702252593,1.372356620134009,1.1340669188502135e-12,1.8060128920634732e-12,0.0,0.0,0.0,0.0,0.0,0.004942256538159344,17.55232064411378,0.0025078797152269707
baseline,173,30.0,24,True,1.0,100.0,49.390111268192214,19.92545689015087,27.83683735335038,49.80455293196358,14.78315318129888,16.92605459713195,3.262604848866492,7.053241631411566,47.927311759065276,25.277455476186333,17.34543147411593,2.0867470830882784,19.31594478131859,26.177957686040287,1.2784813575839191,13.926587765465325,16.244416781213808,3.163733423795609,0.9175148581026008,1.5734239208190843,38.86463494208488,15.69740097128093,1.0134873311486619,1.1475677154328707e-12,1.8275130454284303e-12,0.0,0.0,0.0,0.0,0.0,0.004942857116513009,17.5523155330761,0.0025078919719772135
baseline,173,30.0,24,True,5.0,0.0,49.390111268192214,19.92545689015087,27.83683735335038,49.80455293196358,14.78315318129888,16.92605459713195,3.262604848866492,7.053241631411566,47.927311759065276,25.277455476186333,17.34543147411593,2.395635307843101,15.508892754297444,9.317808032583875,1.2958312274436108,6.80076187136173,6.410074122974476,2.1384442567134427,0.7688059452246393,1.6682207781349008,28.62928778666393,4.613936560871039,1.3900915852184714,1.1340669188502135e-12,1.8060128920634732e-12,0.0,0.0,0.0,0.0,0.0,0.00490297326930011,20.687477359930746,0.002491499049331237
baseline,173,30.0,24,True,5.0,50.0,49.390111268192214,19.92545689015087,27.83683735335038,49.80455293196358,14.78315318129888,16.92605459713195,3.262604848866492,7.053241631411566,47.927311759065276,25.277455476186333,17.34543147411593,2.363137100111608,15.511678671750426,9.318961648074218,1.295175866283623,6.801978328316282,6.410945787697182,2.1386234915952222,0.7712369570251452,1.668761700774975,28.632059623630926,4.61431724400924,1.372356620134009,1.1340669188502135e-12,1.8060128920634732e-12,0.0,0.0,0.0,0.0,0.0,0.004902853958081643,20.687478088126497,0.002491519860645722
baseline,173,30.0,24,True,5.0,100.0,49.390111268192214,19.92545689015087,27.83683735335038,49.80455293196358,14.78315318129888,16.92605459713195,3.262604848866492,7.053241631411566,47.927311759065276,25.277455476186333,17.34543147411593,2.2437391262805852,15.579973187241281,9.357659036491873,1.4573573738748173,6.834971250829313,6.434350455106841,2.143549611833914,0.9264731627364954,1.844788417607706,28.70312795136921,4.625421433898308,1.0134873311486619,1.1475677154328707e-12,1.8275130454284303e-12,0.0,0.0,0.0,0.0,0.0,0.004903386637717344,20.687478053952923,0.00249148383373887
baseline,173,128.0,8,False,1.0,0.0,49.390107479649394,18.97210197026172,37.77859274030057,49.80458659637223,14.551779275187306,17.907394461650107,3.9249847148472536,7.053243983128126,47.927331737332594,16.02271770501789,15.403960004329777,1.6667220380697754,10.320451790690539,29.506178730338924,0.6962661771102683,8.15347902456799,9.541144769264301,2.845180766392003,0.8101283718922772,14.22696873871932,12.389366674100296,10.921779062763065,1.1191786919200488,4.3202549289531917e-13,6.880049112622774e-13,2.3283064365386963e-10,0.0,0.0,0.0,0.0,14.232103602069861,6.480382384428544e-12,1.0320073654599593e-11
baseline,173,128.0,8,False,1.0,50.0,49.390107479649394,18.97210197026172,37.77859274030057,49.80458659637223,14.551779275187306,17.907394461650107,3.9249847148472536,7.053243983128126,47.927331737332594,16.02271770501789,15.403960004329777,3.6005050084517607,10.337148745972426,29.585295481354272,3.1085194490177974,8.177205991334274,9.558193565242883,2.8481488899718466,1.7587509243985706,14.14311788482689,12.422977575634954,10.940031470307412,0.4051993126773926,0.0,0.0,2.3283064365386963e-10,0.0,0.0,0.0,0.0,13.141523185419695,4.968293158169777e-12,7.912056463389821e-12
baseline,173,128.0,8,False,1.0,100.0,49.390107479649394,18.97210197026172,37.77859274030057,49.80458659637223,14.551779275187306,17.907394461650107,3.9249847148472536,7.053243983128126,47.927331737332594,16.02271770501789,15.403960004329777,30.44975622937611,10.470753948717542,29.974286307098854,31.240191246118687,8.28752492092691,9.663397631668882,2.865805674868964,5.587659780485469,34.39738895179124,12.604766150732054,11.101587119697308,1.4400113166451913e-06,2.1601274588508256e-13,3.4400245473522914e-13,2.3283064365386963e-10,0.0,0.0,0.0,0.0,3.7426850159359533,6.264369637418308e-12,9.976071198072541e-12
baseline,173,128.0,8,False,5.0,0.0,49.390107479649394,18.97210197026172,37.77859274030057,49.80458659637223,14.551779275187306,17.907394461650107,3.9249847148472536,7.053243983128126,47.927331737332594,16.02271770501789,15.403960004329777,1.6836513121305168,0.768364979543042,2.9487313603037957,0.7127568537673792,0.7094647882032796,1.093627499828847,0.8199557136443636,0.8121237866935751,14.27163630025893,0.8523236629455432,1.129068079478825,1.1191786919200488,4.3202549289531917e-13,6.880049112622774e-13,2.3283064365386963e-10,0.0,0.0,0.0,0.0,14.232103343179034,6.264369638543462e-12,9.976071199864364e-12
baseline,173,128.0,8,False,5.0,50.0,49.390107479649394,18.97210197026172,37.77859274030057,49.80458659637223,14.551779275187306,17.907394461650107,3.9249847148472536,7.053243983128126,47.927331737332594,16.02271770501789,15.403960004329777,3.5893490088497275,0.771333292378798,2.9545456137323742,3.117606879261756,0.7104493153629778,1.0964617251650168,0.8208987429589137,1.758891668190862,14.179281514975061,0.8534781840174734,1.1309110203550206,0.4051993126773926,0.0,0.0,2.3283064365386963e-10,0.0,0.0,0.0,0.0,13.141524736592341,4.536267665837037e-12,7.2240515530234556e-12
baseline,173,128.0,8,False,5.0,100.0,49.390107479649394,18.97210197026172,37.77859274030057,49.80458659637223,14.551779275187306,17.907394461650107,3.9249847148472536,7.053243983128126,47.927331737332594,16.02271770501789,15.403960004329777,30.25556982570336,0.785166054551628,2.9875505848958266,31.191326866326914,0.7168476467593857,1.1100370596391271,0.8259131825127529,5.583957567652442,34.35125516881773,0.8622130329787699,1.1450606348409003,1.4400113166451913e-06,2.1601274588508256e-13,3.4400245473522914e-13,2.3283064365386963e-10,0.0,0.0,0.0,0.0,3.742684729122465,6.69639512975105e-12,1.0664076108438904e-11
baseline,173,128.0,8,True,1.0,0.0,49.390107479649394,18.97210197026172,37.77859274030057,49.80458659637223,14.551779275187306,17.907394461650107,3.9249847148472536,7.053243983128126,47.92733838917744,16.022720678106005,15.40396031091164,1.6667220380697754,10.320451790690539,29.506178730338924,0.6962661771102683,8.15347902456799,9.541144769264301,2.845180766392003,0.8101283718922772,0.8719550409186577,27.856243261868403,11.156880556269655,1.1191786919200488,4.3202549289531917e-13,6.880049112622774e-13,2.3283064365386963e-10,0.0,0.0,0.0,0.0,0.0004866578059244879,17.34906690331799,0.0002469114499333455
baseline,173,128.0,8,True,1.0,50.0,49.390107479649394,18.97210197026172,37.77859274030057,49.80458659637223,14.551779275187306,17.907394461650107,3.9249847148472536,7.053243983128126,47.92733838917744,16.022720678106005,15.40396031091164,3.6005050084517607,10.337148745972426,29.585295481354272,3.1085194490177974,8.177205991334274,9.558193565242883,2.8481488899718466,1.7587509243985706,3.30399116508869,27.865481191837084,11.170303142644414,0.4051993126773926,0.0,0.0,2.3283064365386963e-10,0.0,0.0,0.0,0.0,0.00048665373585810696,17.34906627097081,0.00024691534327854893
baseline,173,128.0,8,True,1.0,100.0,49.390107479649394,18.97210197026172,37.77859274030057,49.80458659637223,14.551779275187306,17.907394461650107,3.9249847148472536,7.053243983128126,47.92733838917744,16.022720678106005,15.40396031091164,30.44975622937611,10.470753948717542,29.974286307098854,31.240191246118687,8.28752492092691,9.663397631668882,2.865805674868964,5.587659780485469,29.9065830359426,27.980163665058424,11.271438619636298,1.4400113166451913e-06,2.1601274588508256e-13,3.4400245473522914e-13,2.3283064365386963e-10,0.0,0.0,0.0,0.0,0.0004860294537145163,17.34906234233268,0.0002468144524071662
baseline,173,128.0,8,True,5.0,0.0,49.390107479649394,18.97210197026172,37.77859274030057,49.80458659637223,14.551779275187306,17.907394461650107,3.9249847148472536,7.053243983128126,47.92733838917744,16.022720678106005,15.40396031091164,1.6836513121305168,0.768364979543042,2.9487313603037957,0.7127568537673792,0.7094647882032796,1.093627499828847,0.8199557136443636,0.8121237866935751,0.8948227588114324,21.62465562217838,1.1288863420076438,1.1191786919200488,4.3202549289531917e-13,6.880049112622774e-13,2.3283064365386963e-10,0.0,0.0,0.0,0.0,0.0004822719809103781,20.55155664125293,0.00024508323522361066
baseline,173,128.0,8,True,5.0,50.0,49.390107479649394,18.97210197026172,37.77859274030057,49.80458659637223,14.551779275187306,17.907394461650107,3.9249847148472536,7.053243983128126,47.92733838917744,16.022720678106005,15.40396031091164,3.5893490088497275,0.771333292378798,2.9545456137323742,3.117606879261756,0.7104493153629778,1.0964617251650168,0.8208987429589137,1.758891668190862,3.3208503288707703,21.62744215581063,1.1310078394839471,0.4051993126773926,0.0,0.0,2.3283064365386963e-10,0.0,0.0,0.0,0.0,0.0004823018248248561,20.551557879386994,0.00024510433108468024
baseline,173,128.0,8,True,5.0,100.0,49.390107479649394,18.97210197026172,37.77859274030057,49.80458659637223,14.551779275187306,17.907394461650107,3.9249847148472536,7.053243983128126,47.92733838917744,16.022720678106005,15.40396031091164,30.25556982570336,0.785166054551628,2.9875505848958266,31.191326866326914,0.7168476467593857,1.1100370596391271,0.8259131825127529,5.583957567652442,29.858327887330447,21.6489829564649,1.140498390731722,1.4400113166451913e-06,2.1601274588508256e-13,3.4400245473522914e-13,2.3283064365386963e-10,0.0,0.0,0.0,0.0,0.00048178729152131703,20.55156293253265,0.0002450640327586048
baseline,173,128.0,24,False,1.0,0.0,49.390107120597186,19.925460028557584,27.836840329587826,49.8045883685691,14.783156926440721,16.92606190764426,3.2626053572845444,7.053244118044325,47.92733045707531,25.277460647846667,17.34543715960024,1.6685531489686396,19.73285161370358,26.32873381082294,0.6837643899542725,14.32275930050548,16.64016203993157,3.206824747328531,0.8082689889641697,14.206744053850512,23.864994823382723,16.128072183827445,1.1191786919200488,4.3202549289531917e-13,6.880049112622774e-13,2.3283064365386963e-10,0.0,0.0,0.0,0.0,14.232103602069861,6.480382384428544e-12,1.0320073654599593e-11
baseline,173,128.0,24,False,1.0,50.0,49.390107120597186,19.925460028557584,27.836840329587826,49.8045883685691,14.783156926440721,16.92606190764426,3.2626053572845444,7.053244118044325,47.92733045707531,25.277460647846667,17.34543715960024,3.607395563894293,19.78825525294131,26.381196948483595,3.09942292927992,14.363042461705563,16.655332269054806,3.210003533832246,1.7577740326391507,14.131131709699405,23.918865357695477,16.143396266193335,0.4051993126773926,0.0,0.0,2.3283064365386963e-10,0.0,0.0,0.0,0.0,13.141523185419695,4.968293158169777e-12,7.912056463389821e-12
baseline,173,128.0,24,False,1.0,100.0,49.390107120597186,19.925460028557584,27.836840329587826,49.8045883685691,14.783156926440721,16.92606190764426,3.2626053572845444,7.053244118044325,47.92733045707531,25.277460647846667,17.34543715960024,30.482437035163592,20.007893343436393,26.706668462479296,31.276018744225727,14.614440396395366,16.833706692869118,3.2358654943191656,5.5901180019610175,34.455570571284575,24.2408136231715,16.370653723114245,1.4400113166451913e-06,2.1601274588508256e-13,3.4400245473522914e-13,2.3283064365386963e-10,0.0,0.0,0.0,0.0,3.7426850159359533,6.264369637418308e-12,9.976071198072541e-12
baseline,173,128.0,24,False,5.0,0.0,49.390107120597186,19.925460028557584,27.836840329587826,49.8045883685691,14.783156926440721,16.92606190764426,3.2626053572845444,7.053244118044325,47.92733045707531,25.277460647846667,17.34543715960024,1.6568509382063963,15.676178889192684,9.482735260336604,0.7021041782247542,7.185736511800667,6.431309294264775,2.210372739589512,0.8108269348594899,14.2458689149072,8.81359161016614,4.748041140161478,1.1191786919200488,4.3202549289531917e-13,6.880049112622774e-13,2.3283064365386963e-10,0.0,0.0,0.0,0.0,14.232103343179034,6.264369638543462e-12,9.976071199864364e-12
baseline,173,128.0,24,False,5.0,50.0,49.390107120597186,19.925460028557584,27.836840329587826,49.8045883685691,14.783156926440721,16.92606190764426,3.2626053572845444,7.053244118044325,47.92733045707531,25.277460647846667,17.34543715960024,3.5827608677419946,15.72039551187811,9.501676953669266,3.1105684475438338,7.203273513783724,6.436866346324535,2.2125302195152843,1.7584967951108443,14.163955084901852,8.837890826114483,4.75262583111387,0.4051993126773926,0.0,0.0,2.3283064365386963e-10,0.0,0.0,0.0,0.0,13.141524736592341,4.536267665837037e-12,7.2240515530234556e-12
baseline,173,128.0,24,False,5.0,100.0,49.390107120597186,19.925460028557584,27.836840329587826,49.8045883685691,14.783156926440721,16.92606190764426,3.2626053572845444,7.053244118044325,47.92733045707531,25.277460647846667,17.34543715960024,30.359969446462863,15.909596705602254,9.612187966913071,31.211975960200995,7.317507383613701,6.505851538364377,2.2294452814719854,5.585358124303509,34.387323880713915,8.949032899147742,4.810076610814355,1.4400113166451913e-06,2.1601274588508256e-13,3.4400245473522914e-13,2.3283064365386963e-10,0.0,0.0,0.0,0.0,3.742684729122465,6.69639512975105e-12,1.0664076108438904e-11
baseline,173,128.0,24,True,1.0,0.0,49.390107120597186,19.925460028557584,27.836840329587826,49.8045883685691,14.783156926440721,16.92606190764426,3.2626053572845444,7.053244118044325,47.927338236740184,25.277460927248185,17.345438321471672,1.6685531489686396,19.73285161370358,26.32873381082294,0.6837643899542725,14.32275930050548,16.64016203993157,3.206824747328531,0.8082689889641697,0.8584875009065299,40.50507074368175,16.162832503959702,1.1191786919200488,4.3202549289531917e-13,6.880049112622774e-13,2.3283064365386963e-10,0.0,0.0,0.0,0.0,0.0004866578059244879,17.34906690331799,0.0002469114499333455
baseline,173,128.0,24,True,1.0,50.0,49.390107120597186,19.925460028557584,27.836840329587826,49.8045883685691,14.783156926440721,16.92606190764426,3.2626053572845444,7.053244118044325,47.927338236740184,25.277460927248185,17.345438321471672,3.607395563894293,19.78825525294131,26.381196948483595,3.09942292927992,14.363042461705563,16.655332269054806,3.210003533832246,1.7577740326391507,3.305366710619811,40.579870714913,16.158242207882157,0.4051993126773926,0.0,0.0,2.3283064365386963e-10,0.0,0.0,0.0,0.0,0.00048665373585810696,17.34906627097081,0.00024691534327854893
baseline,173,128.0,24,True,1.0,100.0,49.390107120597186,19.925460028557584,27.836840329587826,49.8045883685691,14.783156926440721,16.92606190764426,3.2626053572845444,7.053244118044325,47.927338236740184,25.277460927248185,17.345438321471672,30.482437035163592,20.007893343436393,26.706668462479296,31.276018744225727,14.614440396395366,16.833706692869118,3.2358654943191656,5.5901180019610175,29.987399335174032,40.92614544401037,16.316694082077635,1.4400113166451913e-06,2.1601274588508256e-13,3.4400245473522914e-13,2.3283064365386963e-10,0.0,0.0,0.0,0.0,0.0004860294537145163,17.34906234233268,0.0002468144524071662
baseline,173,128.0,24,True,5.0,0.0,49.390107120597186,19.925460028557584,27.836840329587826,49.8045883685691,14.783156926440721,16.92606190764426,3.2626053572845444,7.053244118044325,47.927338236740184,25.277460927248185,17.345438321471672,1.6568509382063963,15.676178889192684,9.482735260336604,0.7021041782247542,7.185736511800667,6.431309294264775,2.210372739589512,0.8108269348594899,0.8908601622966823,29.442948233339592,4.843414910558096,1.1191786919200488,4.3202549289531917e-13,6.880049112622774e-13,2.3283064365386963e-10,0.0,0.0,0.0,0.0,0.0004822719809103781,20.55155664125293,0.00024508323522361066
baseline,173,128.0,24,True,5.0,50.0,49.390107120597186,19.925460028557584,27.836840329587826,49.8045883685691,14.783156926440721,16.92606190764426,3.2626053572845444,7.053244118044325,47.927338236740184,25.277460927248185,17.345438321471672,3.5827608677419946,15.72039551187811,9.501676953669266,3.1105684475438338,7.203273513783724,6.436866346324535,2.2125302195152843,1.7584967951108443,3.3332287034505783,29.493101340078976,4.841826840855885,0.4051993126773926,0.0,0.0,2.3283064365386963e-10,0.0,0.0,0.0,0.0,0.0004823018248248561,20.551557879386994,0.00024510433108468024
baseline,173,128.0,24,True,5.0,100.0,49.390107120597186,19.925460028557584,27.836840329587826,49.8045883685691,14.783156926440721,16.92606190764426,3.2626053572845444,7.053244118044325,47.927338236740184,25.277460927248185,17.345438321471672,30.359969446462863,15.909596705602254,9.612187966913071,31.211975960200995,7.317507383613701,6.505851538364377,2.2294452814719854,5.585358124303509,29.929882982337663,29.68378247376822,4.878854340112887,1.4400113166451913e-06,2.1601274588508256e-13,3.4400245473522914e-13,2.3283064365386963e-10,0.0,0.0,0.0,0.0,0.00048178729152131703,20.55156293253265,0.0002450640327586048
baseline,173,200.0,8,False,1.0,0.0,49.39011119866146,18.972102197786842,37.77858903164826,49.80456681598697,14.551784602836667,17.907374845867583,3.92498455596441,7.053242289528267,47.92732269303946,16.022721076142407,15.40395786512914,1.8364536582168347,10.353700147055731,29.605053507141655,1.09418492566102,8.188962034041502,9.571912417901139,2.8509525085090672,1.0423836006683864,12.687425141897407,12.432050797632982,10.967974336610732,0.7836375396529363,2.534724258162461e-28,4.0365736906502088e-28,3.843361142221591e-10,3.801824327577501e-11,6.054443203339985e-11,7.323762205672396e-13,0.0,13.530734260511704,1.533690496684209e-11,2.442417430053575e-11
baseline,173,200.0,8,False,1.0,50.0,49.39011119866146,18.972102197786842,37.77858903164826,49.80456681598697,14.551784602836667,17.907374845867583,3.92498455596441,7.053242289528267,47.92732269303946,16.022721076142407,15.40395786512914,12.670783449787244,10.382519967120599,29.71385142242285,12.572445162961545,8.22813271571944,9.600087714554284,2.856074225946943,3.5449576440755264,19.62929362104872,12.478355654356326,10.99352932899605,0.10899142269213907,2.1601274701023666e-13,3.440024565270483e-13,3.843361142221591e-10,3.801824327577501e-11,6.054443203339985e-11,7.323762205672396e-13,0.0,9.553371561176625,2.0089185398817148e-11,3.199222834054713e-11
baseline,173,200.0,8,False,1.0,100.0,49.39011119866146,18.972102197786842,37.77858903164826,49.80456681598697,14.551784602836667,17.907374845867583,3.92498455596441,7.053242289528267,47.92732269303946,16.022721076142407,15.40395786512914,45.100569299168704,10.449722681850439,29.89717115139792,45.601419919218735,8.280167029169663,9.64854913637416,2.864485034614162,6.749505096572581,45.0038145044324,12.558026277341432,11.070112281446624,9.211550466737717e-10,4.3202549177016507e-13,6.880049094704584e-13,3.843361142221591e-10,3.801824327577501e-11,6.054443203339985e-11,7.323762205672396e-13,0.0,0.6180851656299367,1.7497032434694253e-11,2.7864198862222527e-11
baseline,173,200.0,8,False,5.0,0.0,49.39011119866146,18.972102197786842,37.77858903164826,49.80456681598697,14.551784602836667,17.907374845867583,3.92498455596441,7.053242289528267,47.92732269303946,16.022721076142407,15.40395786512914,1.8282267586082617,0.7980558288416421,2.9313474500242758,1.100268832337977,0.6613244507181356,1.1114951165354165,0.8190987541472828,1.0433779050081222,12.708170038922592,0.887655603547772,1.1544354485340322,0.7836375396529363,2.534724258162461e-28,4.0365736906502088e-28,3.843361142221591e-10,3.801824327577501e-11,6.054443203339985e-11,7.323762205672396e-13,0.0,13.53073426305043,1.6200955952632742e-11,2.58001841230603e-11
baseline,173,200.0,8,False,5.0,50.0,49.39011119866146,18.972102197786842,37.77858903164826,49.80456681598697,14.551784602836667,17.907374845867583,3.92498455596441,7.053242289528267,47.92732269303946,16.022721076142407,15.40395786512914,12.618162528629075,0.8019142907772866,2.9395581713642183,12.564583932105768,0.6627565965087053,1.1160875379031114,0.8206325810058372,3.5442291821311884,19.634680455866242,0.8894515348477366,1.1566713539377496,0.10899142269213907,2.1601274701023666e-13,3.440024565270483e-13,3.843361142221591e-10,3.801824327577501e-11,6.054443203339985e-11,7.323762205672396e-13,0.0,9.553372578230626,1.9873172654057223e-11,3.164822588760372e-11
baseline,173,200.0,8,False,5.0,100.0,49.39011119866146,18.972102197786842,37.77858903164826,49.80456681598697,14.551784602836667,17.907374845867583,3.92498455596441,7.053242289528267,47.92732269303946,16.022721076142407,15.40395786512914,44.95662570409504,0.8088900746260337,2.9563998691081164,45.56464766509133,0.6653043906493318,1.122050836555084,0.8228245017048397,6.747407559005257,44.96791065540358,0.8931811158070251,1.1631849112021542,9.211550466737717e-10,4.3202549177016507e-13,6.880049094704584e-13,3.843361142221591e-10,3.801824327577501e-11,6.054443203339985e-11,7.323762205672396e-13,0.0,0.6180851959829842,1.8145070672349515e-11,2.889620622642821e-11
baseline,173,200.0,8,True,1.0,0.0,49.39011119866146,18.972102197786842,37.77858903164826,49.80456681598697,14.551784602836667,17.907374845867583,3.92498455596441,7.053242289528267,47.92732726391216,16.022706721572796,15.403960725793683,1.8364536582168347,10.353700147055731,29.605053507141655,1.09418492566102,8.188962034041502,9.571912417901139,2.8509525085090672,1.0423836006683864,1.252248690871177,27.985931917568248,11.195168810791293,0.7836375396529363,2.534724258162461e-28,4.0365736906502088e-28,3.843361142221591e-10,3.801824327577501e-11,6.054443203339985e-11,7.323762205672396e-13,0.0,0.00021415679279444605,17.33661827508335,0.00010898128848113837
baseline,173,200.0,8,True,1.0,50.0,49.39011119866146,18.972102197786842,37.77858903164826,49.80456681598697,14.551784602836667,17.907374845867583,3.92498455596441,7.053242289528267,47.92732726391216,16.022706721572796,15.403960725793683,12.670783449787244,10.382519967120599,29.71385142242285,12.572445162961545,8.22813271571944,9.600087714554284,2.856074225946943,3.5449576440755264,12.430830007631553,28.005987134621762,11.22259951479007,0.10899142269213907,2.1601274701023666e-13,3.440024565270483e-13,3.843361142221591e-10,3.801824327577501e-11,6.054443203339985e-11,7.323762205672396e-13,0.0,0.00021406586151899998,17.33661997926077,0.0001090069874725374
baseline,173,200.0,8,True,1.0,100.0,49.39011119866146,18.972102197786842,37.77858903164826,49.80456681598697,14.551784602836667,17.907374845867583,3.92498455596441,7.053242289528267,47.92732726391216,16.022706721572796,15.403960725793683,45.100569299168704,10.449722681850439,29.89717115139792,45.601419919218735,8.280167029169663,9.64854913637416,2.864485034614162,6.749505096572581,44.145402864598104,28.062219910038095,11.261035865775334,9.211550466737717e-10,4.3202549177016507e-13,6.880049094704584e-13,3.843361142221591e-10,3.801824327577501e-11,6.054443203339985e-11,7.323762205672396e-13,0.0,0.00021512662833866975,17.336588083564415,0.00010912015596045973
baseline,173,200.0,8,True,5.0,0.0,49.39011119866146,18.972102197786842,37.77858903164826,49.80456681598697,14.551784602836667,17.907374845867583,3.92498455596441,7.053242289528267,47.92732726391216,16.022706721572796,15.403960725793683,1.8282267586082617,0.7980558288416421,2.9313474500242758,1.100268832337977,0.6613244507181356,1.1114951165354165,0.8190987541472828,1.0433779050081222,1.261237798888393,21.683925259380242,1.1519170753891177,0.7836375396529363,2.534724258162461e-28,4.0365736906502088e-28,3.843361142221591e-10,3.801824327577501e-11,6.054443203339985e-11,7.323762205672396e-13,0.0,0.00021220979720858396,20.543297361047852,0.00010815590742989025
baseline,173,200.0,8,True,5.0,50.0,49.39011119866146,18.972102197786842,37.77858903164826,49.80456681598697,14.551784602836667,17.907374845867583,3.92498455596441,7.053242289528267,47.92732726391216,16.022706721572796,15.403960725793683,12.618162528629075,0.8019142907772866,2.9395581713642183,12.564583932105768,0.6627565965087053,1.1160875379031114,0.8206325810058372,3.5442291821311884,12.426584205745334,21.689400254831906,1.1550360220034501,0.10899142269213907,2.1601274701023666e-13,3.440024565270483e-13,3.843361142221591e-10,3.801824327577501e-11,6.054443203339985e-11,7.323762205672396e-13,0.0,0.00021216019217276544,20.543296070320345,0.00010822394238587898
baseline,173,200.0,8,True,5.0,100.0,49.39011119866146,18.972102197786842,37.77858903164826,49.80456681598697,14.551784602836667,17.907374845867583,3.92498455596441,7.053242289528267,47.92732726391216,16.022706721572796,15.403960725793683,44.95662570409504,0.8088900746260337,2.9563998691081164,45.56464766509133,0.6653043906493318,1.122050836555084,0.8228245017048397,6.747407559005257,44.11051327043368,21.697980193738648,1.1585163493697301,9.211550466737717e-10,4.3202549177016507e-13,6.880049094704584e-13,3.843361142221591e-10,3.801824327577501e-11,6.054443203339985e-11,7.323762205672396e-13,0.0,0.0002131145054481792,20.543277620596356,0.00010820442931223128
baseline,173,200.0,24,False,1.0,0.0,49.390119883178194,19.9254611176075,27.83684471973094,49.804566752505686,14.78315397567342,16.92610657078737,3.262604942833645,7.05324227914038,47.92731729155301,25.277461596158386,17.345431559033926,1.8411920218722833,19.775379976337288,26.39862171532807,1.0893647346996647,14.355381738504747,16.67138391014534,3.210321612926163,1.041357906882752,12.678065565971398,23.940437787015156,16.179653445621145,0.7836375396529363,2.534724258162461e-28,4.0365736906502088e-28,3.843361142221591e-10,3.801824327577501e-11,6.054443203339985e-11,7.323762205672396e-13,0.0,13.530734260511704,1.533690496684209e-11,2.442417430053575e-11
baseline,173,200.0,24,False,1.0,50.0,49.390119883178194,19.9254611176075,27.83684471973094,49.804566752505686,14.78315397567342,16.92610657078737,3.262604942833645,7.05324227914038,47.92731729155301,25.277461596158386,17.345431559033926,12.680617702249913,19.849434769955764,26.481218439744232,12.572864682097517,14.432151587620549,16.70518489538112,3.216972824420334,3.5445950586553043,19.63576175212649,24.000398558815554,16.21084811163643,0.10899142269213907,2.1601274701023666e-13,3.440024565270483e-13,3.843361142221591e-10,3.801824327577501e-11,6.054443203339985e-11,7.323762205672396e-13,0.0,9.553371561176625,2.0089185398817148e-11,3.199222834054713e-11
baseline,173,200.0,24,False,1.0,100.0,49.390119883178194,19.9254611176075,27.83684471973094,49.804566752505686,14.78315397567342,16.92610657078737,3.262604942833645,7.05324227914038,47.92731729155301,25.277461596158386,17.345431559033926,45.119678846197296,19.94815422575655,26.61753481858088,45.6251949026372,14.5469307604354,16.789915241700733,3.2291465191991806,6.750637380206215,45.03703612391904,24.12936830077448,16.303965234042366,9.211550466737717e-10,4.3202549177016507e-13,6.880049094704584e-13,3.843361142221591e-10,3.801824327577501e-11,6.054443203339985e-11,7.323762205672396e-13,0.0,0.6180851656299367,1.7497032434694253e-11,2.7864198862222527e-11
baseline,173,200.0,24,False,5.0,0.0,49.390119883178194,19.9254611176075,27.83684471973094,49.804566752505686,14.78315397567342,16.92610657078737,3.262604942833645,7.05324227914038,47.92731729155301,25.277461596158386,17.345431559033926,1.824874157346878,15.662794649771767,9.494486359850258,1.0957387416280715,7.22093853613197,6.413701036819854,2.216784064144153,1.0424741433996816,12.694001350400711,8.890090785157104,4.772491987271427,0.7836375396529363,2.534724258162461e-28,4.0365736906502088e-28,3.843361142221591e-10,3.801824327577501e-11,6.054443203339985e-11,7.323762205672396e-13,0.0,13.53073426305043,1.6200955952632742e-11,2.58001841230603e-11
baseline,173,200.0,24,False,5.0,50.0,49.390119883178194,19.9254611176075,27.83684471973094,49.804566752505686,14.78315397567342,16.92610657078737,3.262604942833645,7.05324227914038,47.92731729155301,25.277461596158386,17.345431559033926,12.642842247511323,15.72384071722468,9.525257941154461,12.563709758282043,7.255832341042209,6.426153363038055,2.22127706626055,3.5438664791518173,19.636189437450554,8.91401204264537,4.779817200261098,0.10899142269213907,2.1601274701023666e-13,3.440024565270483e-13,3.843361142221591e-10,3.801824327577501e-11,6.054443203339985e-11,7.323762205672396e-13,0.0,9.553372578230626,1.9873172654057223e-11,3.164822588760372e-11
baseline,173,200.0,24,False,5.0,100.0,49.390119883178194,19.9254611176075,27.83684471973094,49.804566752505686,14.78315397567342,16.92610657078737,3.262604942833645,7.05324227914038,47.92731729155301,25.277461596158386,17.345431559033926,45.03462283356833,15.810492457827877,9.569435026316835,45.579400823582716,7.309021187460921,6.458721498612739,2.229254774133885,6.748055637656007,44.99205274593207,8.959171924878648,4.803992127479209,9.211550466737717e-10,4.3202549177016507e-13,6.880049094704584e-13,3.843361142221591e-10,3.801824327577501e-11,6.054443203339985e-11,7.323762205672396e-13,0.0,0.6180851959829842,1.8145070672349515e-11,2.889620622642821e-11
baseline,173,200.0,24,True,1.0,0.0,49.390119883178194,19.9254611176075,27.83684471973094,49.804566752505686,14.78315397567342,16.92610657078737,3.262604942833645,7.05324227914038,47.92731961470529,25.277443979302404,17.3454290146255,1.8411920218722833,19.775379976337288,26.39862171532807,1.0893647346996647,14.355381738504747,16.67138391014534,3.210321612926163,1.041357906882752,1.247504531426688,40.71461084010515,16.195172369493662,0.7836375396529363,2.534724258162461e-28,4.0365736906502088e-28,3.843361142221591e-10,3.801824327577501e-11,6.054443203339985e-11,7.323762205672396e-13,0.0,0.00021415679279444605,17.33661827508335,0.00010898128848113837
baseline,173,200.0,24,True,1.0,50.0,49.390119883178194,19.9254611176075,27.83684471973094,49.804566752505686,14.78315397567342,16.92610657078737,3.262604942833645,7.05324227914038,47.92731961470529,25.277443979302404,17.3454290146255,12.680617702249913,19.849434769955764,26.481218439744232,12.572864682097517,14.432151587620549,16.70518489538112,3.216972824420334,3.5445950586553043,12.448730459289733,40.8280890099189,16.218155082691776,0.10899142269213907,2.1601274701023666e-13,3.440024565270483e-13,3.843361142221591e-10,3.801824327577501e-11,6.054443203339985e-11,7.323762205672396e-13,0.0,0.00021406586151899998,17.33661997926077,0.0001090069874725374
baseline,173,200.0,24,True,1.0,100.0,49.390119883178194,19.9254611176075,27.83684471973094,49.804566752505686,14.78315397567342,16.92610657078737,3.262604942833645,7.05324227914038,47.92731961470529,25.277443979302404,17.3454290146255,45.119678846197296,19.94815422575655,26.61753481858088,45.6251949026372,14.5469307604354,16.789915241700733,3.2291465191991806,6.750637380206215,44.20187594875,40.98533283776608,16.2895281686767,9.211550466737717e-10,4.3202549177016507e-13,6.880049094704584e-13,3.843361142221591e-10,3.801824327577501e-11,6.054443203339985e-11,7.323762205672396e-13,0.0,0.00021512662833866975,17.336588083564415,0.00010912015596045973
baseline,173,200.0,24,True,5.0,0.0,49.390119883178194,19.9254611176075,27.83684471973094,49.804566752505686,14.78315397567342,16.92610657078737,3.262604942833645,7.05324227914038,47.92731961470529,25.277443979302404,17.3454290146255,1.824874157346878,15.662794649771767,9.494486359850258,1.0957387416280715,7.22093853613197,6.413701036819854,2.216784064144153,1.0424741433996816,1.2616424307170986,29.5650376980041,4.863685719763715,0.7836375396529363,2.534724258162461e-28,4.0365736906502088e-28,3.843361142221591e-10,3.801824327577501e-11,6.054443203339985e-11,7.323762205672396e-13,0.0,0.00021220979720858396,20.543297361047852,0.00010815590742989025
baseline,173,200.0,24,True,5.0,50.0,49.390119883178194,19.9254611176075,27.83684471973094,49.804566752505686,14.78315397567342,16.92610657078737,3.262604942833645,7.05324227914038,47.92731961470529,25.277443979302404,17.3454290146255,12.642842247511323,15.72384071722468,9.525257941154461,12.563709758282043,7.255832341042209,6.426153363038055,2.22127706626055,3.5438664791518173,12.447072387703681,29.638565332503923,4.86784505328209,0.10899142269213907,2.1601274701023666e-13,3.440024565270483e-13,3.843361142221591e-10,3.801824327577501e-11,6.054443203339985e-11,7.323762205672396e-13,0.0,0.00021216019217276544,20.543296070320345,0.00010822394238587898
baseline,173,200.0,24,True,5.0,100.0,49.390119883178194,19.9254611176075,27.83684471973094,49.804566752505686,14.78315397567342,16.92610657078737,3.262604942833645,7.05324227914038,47.92731961470529,25.277443979302404,17.3454290146255,45.03462283356833,15.810492457827877,9.569435026316835,45.579400823582716,7.309021187460921,6.458721498612739,2.229254774133885,6.748055637656007,44.161157433264165,29.732401679304026,4.8844002302863085,9.211550466737717e-10,4.3202549177016507e-13,6.880049094704584e-13,3.843361142221591e-10,3.801824327577501e-11,6.054443203339985e-11,7.323762205672396e-13,0.0,0.0002131145054481792,20.543277620596356,0.00010820442931223128
baseline,619,30.0,8,False,1.0,0.0,48.63958139587995,36.27952397064297,18.881037336768014,46.11418262668779,23.152382194529654,29.351827529166513,4.692645834850585,6.7859643348495755,48.69222891552255,22.04362654096309,12.352590649448803,3.487855124942894,24.629911539184132,11.633689957994013,1.526196469703308,16.633534563359824,18.153318485537284,3.6949699895908346,0.6976970730683206,16.481690777593506,14.737785052443547,7.51819483960455,1.3900915852184714,1.1340669188502135e-12,1.8060128920634732e-12,0.0,0.0,0.0,0.0,0.0,14.647599208992546,2.1736282603560405e-12,3.461524708556449e-12
baseline,619,30.0,8,False,1.0,50.0,48.63958139587995,36.27952397064297,18.881037336768014,46.11418262668779,23.152382194529654,29.351827529166513,4.692645834850585,6.7859643348495755,48.69222891552255,22.04362654096309,12.352590649448803,3.454512288741875,24.6332111680648,11.63536091555102,1.5266881039217342,16.634376197238584,18.154096133705927,3.695050058306653,0.7001260451760559,16.38321395044737,14.743400466824578,7.520283498300628,1.372356620134009,1.1340669188502135e-12,1.8060128920634732e-12,0.0,0.0,0.0,0.0,0.0,14.620743556471455,2.5786521600860436e-12,4.106529313088828e-12
baseline,619,30.0,8,False,1.0,100.0,48.63958139587995,36.27952397064297,18.881037336768014,46.11418262668779,23.152382194529654,29.351827529166513,4.692645834850585,6.7859643348495755,48.69222891552255,22.04362654096309,12.352590649448803,3.2967694777297405,24.720966770588138,11.682176330655022,1.6903919402796244,16.658580117937635,18.182377986339493,3.697797038981858,0.8511375212498485,14.467269254326999,14.890209873203819,7.57930021971242,1.0134873311486619,1.1475677154328707e-12,1.8275130454284303e-12,0.0,0.0,0.0,0.0,0.0,13.960038665667982,2.5651513622024276e-12,4.085029157652077e-12
baseline,619,30.0,8,False,5.0,0.0,48.63958139587995,36.27952397064297,18.881037336768014,46.11418262668779,23.152382194529654,29.351827529166513,4.692645834850585,6.7859643348495755,48.69222891552255,22.04362654096309,12.352590649448803,3.952046196381483,2.9252942225452405,1.5346261127417984,2.045103999795939,5.624886773408372,1.0405167653088057,1.1654251839475542,0.7703032914461346,16.72231403439985,2.6122379132937192,0.8225499401399086,1.3900915852184714,1.1340669188502135e-12,1.8060128920634732e-12,0.0,0.0,0.0,0.0,0.0,14.647599992765144,1.998117903972798e-12,3.1820227135241334e-12
baseline,619,30.0,8,False,5.0,50.0,48.63958139587995,36.27952397064297,18.881037336768014,46.11418262668779,23.152382194529654,29.351827529166513,4.692645834850585,6.7859643348495755,48.69222891552255,22.04362654096309,12.352590649448803,3.9181568907025484,2.925614368137334,1.5347755768406592,2.045456971363658,5.625523897517538,1.040572060837344,1.1654903606411886,0.7727458344679811,16.623572122068424,2.6131581795891496,0.8228096258867876,1.372356620134009,1.1340669188502135e-12,1.8060128920634732e-12,0.0,0.0,0.0,0.0,0.0,14.62074384590733,2.4841465834448704e-12,3.956028238638209e-12
baseline,619,30.0,8,False,5.0,100.0,48.63958139587995,36.27952397064297,18.881037336768014,46.11418262668779,23.152382194529654,29.351827529166513,4.692645834850585,6.7859643348495755,48.69222891552255,22.04362654096309,12.352590649448803,3.74053164574387,2.934744760978643,1.5397899578844225,2.201119217056638,5.6425946857538865,1.042446748976888,1.1673472838676902,0.914187714988081,14.695148621374628,2.6392881475268126,0.8298384976102309,1.0134873311486619,1.1475677154328707e-12,1.8275130454284303e-12,0.0,0.0,0.0,0.0,0.0,13.960038560707142,2.538149768931633e-12,4.042028850754177e-12
baseline,619,30.0,8,True,1.0,0.0,48.63958139587995,36.27952397064297,18.881037336768014,46.11418262668779,23.152382194529654,29.351827529166513,4.692645834850585,6.7859643348495755,48.692227641744985,22.04362660879397,12.352591868625664,3.487855124942894,24.629911539184132,11.633689957994013,1.526196469703308,16.633534563359824,18.153318485537284,3.6949699895908346,0.6976970730683206,1.3592023299560037,31.022476650722215,7.960666364060635,1.3900915852184714,1.1340669188502135e-12,1.8060128920634732e-12,0.0,0.0,0.0,0.0,0.0,0.004942436475264077,17.552318495819538,0.0025079046842075253
baseline,619,30.0,8,True,1.0,50.0,48.63958139587995,36.27952397064297,18.881037336768014,46.11418262668779,23.152382194529654,29.351827529166513,4.692645834850585,6.7859643348495755,48.692227641744985,22.04362660879397,12.352591868625664,3.454512288741875,24.6332111680648,11.63536091555102,1.5266881039217342,16.634376197238584,18.154096133705927,3.695050058306653,0.7001260451760559,1.3595646397156032,31.025614948208887,7.9614949742116785,1.372356620134009,1.1340669188502135e-12,1.8060128920634732e-12,0.0,0.0,0.0,0.0,0.0,0.004942256538159344,17.55232064411378,0.0025078797152269707
baseline,619,30.0,8,True,1.0,100.0,48.63958139587995,36.27952397064297,18.881037336768014,46.11418262668779,23.152382194529654,29.351827529166513,4.692645834850585,6.7859643348495755,48.692227641744985,22.04362660879397,12.352591868625664,3.2967694777297405,24.720966770588138,11.682176330655022,1.6903919402796244,16.658580117937635,18.182377986339493,3.697797038981858,0.8511375212498485,1.5323268395156933,31.106725410834045,7.985378516835782,1.0134873311486619,1.1475677154328707e-12,1.8275130454284303e-12,0.0,0.0,0.0,0.0,0.0,0.004942857116513009,17.5523155330761,0.0025078919719772135
baseline,619,30.0,8,True,5.0,0.0,48.63958139587995,36.27952397064297,18.881037336768014,46.11418262668779,23.152382194529654,29.351827529166513,4.692645834850585,6.7859643348495755,48.692227641744985,22.04362660879397,12.352591868625664,3.952046196381483,2.9252942225452405,1.5346261127417984,2.045103999795939,5.624886773408372,1.0405167653088057,1.1654251839475542,0.7703032914461346,1.5795988962609573,24.388696753428075,0.8732546777620412,1.3900915852184714,1.1340669188502135e-12,1.8060128920634732e-12,0.0,0.0,0.0,0.0,0.0,0.00490297326930011,20.687477359930746,0.002491499049331237
baseline,619,30.0,8,True,5.0,50.0,48.63958139587995,36.27952397064297,18.881037336768014,46.11418262668779,23.152382194529654,29.351827529166513,4.692645834850585,6.7859643348495755,48.692227641744985,22.04362660879397,12.352591868625664,3.9181568907025484,2.925614368137334,1.5347755768406592,2.045456971363658,5.625523897517538,1.040572060837344,1.1654903606411886,0.7727458344679811,1.5794742486558477,24.389852226162944,0.8733783254202497,1.372356620134009,1.1340669188502135e-12,1.8060128920634732e-12,0.0,0.0,0.0,0.0,0.0,0.004902853958081643,20.687478088126497,0.002491519860645722
baseline,619,30.0,8,True,5.0,100.0,48.63958139587995,36.27952397064297,18.881037336768014,46.11418262668779,23.152382194529654,29.351827529166513,4.692645834850585,6.7859643348495755,48.692227641744985,22.04362660879397,12.352591868625664,3.74053164574387,2.934744760978643,1.5397899578844225,2.201119217056638,5.6425946857538865,1.042446748976888,1.1673472838676902,0.914187714988081,1.737643408762965,24.4192649801981,0.8767218130040361,1.0134873311486619,1.1475677154328707e-12,1.8275130454284303e-12,0.0,0.0,0.0,0.0,0.0,0.004903386637717344,20.687478053952923,0.00249148383373887
baseline,619,30.0,24,False,1.0,0.0,48.63958370298776,22.261675613039966,19.619518854013254,46.11418320308093,11.752368816998482,16.171882084073395,3.7272601863001196,6.785964374235135,48.692226190022076,24.730024978592958,19.505676229962685,3.33704329322056,21.321251792224995,18.66503805740833,1.3787009042461429,10.77744031771725,15.069933738380113,3.5838914551040397,0.7069656433119729,16.284914455230773,22.355723205956302,17.695721180519143,1.3900915852184714,1.1340669188502135e-12,1.8060128920634732e-12,0.0,0.0,0.0,0.0,0.0,14.647599208992546,2.1736282603560405e-12,3.461524708556449e-12
baseline,619,30.0,24,False,1.0,50.0,48.63958370298776,22.261675613039966,19.619518854013254,46.11418320308093,11.752368816998482,16.171882084073395,3.7272601863001196,6.785964374235135,48.692226190022076,24.730024978592958,19.505676229962685,3.3032235287252147,21.32444892413964,18.666901902970704,1.379312754709196,10.77761026297697,15.069598415540364,3.583879517954494,0.7093654703751268,16.186714479068037,22.365975750669442,17.700691781312003,1.372356620134009,1.1340669188502135e-12,1.8060128920634732e-12,0.0,0.0,0.0,0.0,0.0,14.620743556471455,2.5786521600860436e-12,4.106529313088828e-12
baseline,619,30.0,24,False,1.0,100.0,48.63958370298776,22.261675613039966,19.619518854013254,46.11418320308093,11.752368816998482,16.171882084073395,3.7272601863001196,6.785964374235135,48.692226190022076,24.730024978592958,19.505676229962685,3.14753507891512,21.408218340341975,18.726649719254976,1.544835275667016,10.786721763340795,15.069098092597514,3.5844769696930725,0.8578284770585759,14.28122930172213,22.646624466272538,17.829720295139566,1.0134873311486619,1.1475677154328707e-12,1.8275130454284303e-12,0.0,0.0,0.0,0.0,0.0,13.960038665667982,2.5651513622024276e-12,4.085029157652077e-12
baseline,619,30.0,24,False,5.0,0.0,48.63958370298776,22.261675613039966,19.619518854013254,46.11418320308093,11.752368816998482,16.171882084073395,3.7272601863001196,6.785964374235135,48.692226190022076,24.730024978592958,19.505676229962685,3.63050972377959,11.901086838897516,10.146328829089573,1.6651318643135118,3.3371697590369878,5.567044195979627,1.971817931399203,0.7485247424637005,16.66342719957426,8.283317100936785,5.779948437910425,1.3900915852184714,1.1340669188502135e-12,1.8060128920634732e-12,0.0,0.0,0.0,0.0,0.0,14.647599992765144,1.998117903972798e-12,3.1820227135241334e-12
baseline,619,30.0,24,False,5.0,50.0,48.63958370298776,22.261675613039966,19.619518854013254,46.11418320308093,11.752368816998482,16.171882084073395,3.7272601863001196,6.785964374235135,48.692226190022076,24.730024978592958,19.505676229962685,3.596506967816378,11.902642943921183,10.148055421221633,1.6657588354658688,3.337413190115243,5.567446465683923,1.9718787872813481,0.7510344451114124,16.564877258990176,8.285995388186592,5.781473943625719,1.372356620134009,1.1340669188502135e-12,1.8060128920634732e-12,0.0,0.0,0.0,0.0,0.0,14.62074384590733,2.4841465834448704e-12,3.956028238638209e-12
baseline,619,30.0,24,False,5.0,100.0,48.63958370298776,22.261675613039966,19.619518854013254,46.11418320308093,11.752368816998482,16.171882084073395,3.7272601863001196,6.785964374235135,48.692226190022076,24.730024978592958,19.505676229962685,3.4301498385735756,11.946395707591945,10.197108986488338,1.8288775866643923,3.3445330404335336,5.579047520423608,1.9737206237148752,0.8959357925703899,14.643112728334252,8.357883014883557,5.820409210460292,1.0134873311486619,1.1475677154328707e-12,1.8275130454284303e-12,0.0,0.0,0.0,0.0,0.0,13.960038560707142,2.538149768931633e-12,4.042028850754177e-12
baseline,619,30.0,24,True,1.0,0.0,48.63958370298776,22.261675613039966,19.619518854013254,46.11418320308093,11.752368816998482,16.171882084073395,3.7272601863001196,6.785964374235135,48.692226538268756,24.730025416572474,19.50567211381149,3.33704329322056,21.321251792224995,18.66503805740833,1.3787009042461429,10.77744031771725,15.069933738380113,3.5838914551040397,0.7069656433119729,1.262257881805581,36.87924685884895,17.684560680726097,1.3900915852184714,1.1340669188502135e-12,1.8060128920634732e-12,0.0,0.0,0.0,0.0,0.0,0.004942436475264077,17.552318495819538,0.0025079046842075253
baseline,619,30.0,24,True,1.0,50.0,48.63958370298776,22.261675613039966,19.619518854013254,46.11418320308093,11.752368816998482,16.171882084073395,3.7272601863001196,6.785964374235135,48.692226538268756,24.730025416572474,19.50567211381149,3.3032235287252147,21.32444892413964,18.666901902970704,1.379312754709196,10.77761026297697,15.069598415540364,3.583879517954494,0.7093654703751268,1.2631204318104114,36.88318020906527,17.686492997615023,1.372356620134009,1.1340669188502135e-12,1.8060128920634732e-12,0.0,0.0,0.0,0.0,0.0,0.004942256538159344,17.55232064411378,0.0025078797152269707
baseline,619,30.0,24,True,1.0,100.0,48.63958370298776,22.261675613039966,19.619518854013254,46.11418320308093,11.752368816998482,16.171882084073395,3.7272601863001196,6.785964374235135,48.692226538268756,24.730025416572474,19.50567211381149,3.14753507891512,21.408218340341975,18.726649719254976,1.544835275667016,10.786721763340795,15.069098092597514,3.5844769696930725,0.8578284770585759,1.4496433271527174,36.997061046101,17.73801232138042,1.0134873311486619,1.1475677154328707e-12,1.8275130454284303e-12,0.0,0.0,0.0,0.0,0.0,0.004942857116513009,17.5523155330761,0.0025078919719772135
baseline,619,30.0,24,True,5.0,0.0,48.63958370298776,22.261675613039966,19.619518854013254,46.11418320308093,11.752368816998482,16.171882084073395,3.7272601863001196,6.785964374235135,48.692226538268756,24.730025416572474,19.50567211381149,3.63050972377959,11.901086838897516,10.146328829089573,1.6651318643135118,3.3371697590369878,5.567044195979627,1.971817931399203,0.7485247424637005,1.546585225168796,28.304018337739983,5.757291756090182,1.3900915852184714,1.1340669188502135e-12,1.8060128920634732e-12,0.0,0.0,0.0,0.0,0.0,0.00490297326930011,20.687477359930746,0.002491499049331237
baseline,619,30.0,24,True,5.0,50.0,48.63958370298776,22.261675613039966,19.619518854013254,46.11418320308093,11.752368816998482,16.171882084073395,3.7272601863001196,6.785964374235135,48.692226538268756,24.730025416572474,19.50567211381149,3.596506967816378,11.902642943921183,10.148055421221633,1.6657588354658688,3.337413190115243,5.567446465683923,1.9718787872813481,0.7510344451114124,1.5469049511148625,28.30575661351067,5.757832369655479,1.372356620134009,1.1340669188502135e-12,1.8060128920634732e-12,0.0,0.0,0.0,0.0,0.0,0.004902853958081643,20.687478088126497,0.002491519860645722
baseline,619,30.0,24,True,5.0,100.0,48.63958370298776,22.261675613039966,19.619518854013254,46.11418320308093,11.752368816998482,16.171882084073395,3.7272601863001196,6.785964374235135,48.692226538268756,24.730025416572474,19.50567211381149,3.4301498385735756,11.946395707591945,10.197108986488338,1.8288775866643923,3.3445330404335336,5.579047520423608,1.9737206237148752,0.8959357925703899,1.7168258673491537,28.352122616850274,5.772415898351332,1.0134873311486619,1.1475677154328707e-12,1.8275130454284303e-12,0.0,0.0,0.0,0.0,0.0,0.004903386637717344,20.687478053952923,0.00249148383373887
baseline,619,128.0,8,False,1.0,0.0,48.63957866687553,36.27952480368328,18.88103774660425,46.11421140871787,23.15239220055702,29.351834925194748,4.692646576621781,6.7859664795482475,48.69224478024911,22.043630757809233,12.352595488102905,2.3021906887397696,24.653811498218136,11.943101589189292,0.7657528777103406,16.76829108059239,18.698063102373485,3.760314526513347,0.7491234353005305,14.334222052566197,15.197896066819167,7.950239215056351,1.1191786919200488,4.3202549289531917e-13,6.880049112622774e-13,2.3283064365386963e-10,0.0,0.0,0.0,0.0,14.232103602069861,6.480382384428544e-12,1.0320073654599593e-11
baseline,619,128.0,8,False,1.0,50.0,48.63957866687553,36.27952480368328,18.88103774660425,46.11421140871787,23.15239220055702,29.351834925194748,4.692646576621781,6.7859664795482475,48.69224478024911,22.043630757809233,12.352595488102905,3.7995401474658617,24.689175208832044,11.944040777006553,2.9954716251097135,16.763131956159864,18.692711462361594,3.75979214764333,1.6707527246918135,14.184818924443471,15.241617952700189,7.951997743739909,0.4051993126773926,0.0,0.0,2.3283064365386963e-10,0.0,0.0,0.0,0.0,13.141523185419695,4.968293158169777e-12,7.912056463389821e-12
baseline,619,128.0,8,False,1.0,100.0,48.63957866687553,36.27952480368328,18.88103774660425,46.11421140871787,23.15239220055702,29.351834925194748,4.692646576621781,6.7859664795482475,48.69224478024911,22.043630757809233,12.352595488102905,29.17517325106531,24.958511432772482,12.052544321449574,28.128645933638126,16.861217179000235,18.813541362892057,3.771818088609803,5.292429810013416,34.491103161272726,15.482785483288993,8.054830527438774,1.4400113166451913e-06,2.1601274588508256e-13,3.4400245473522914e-13,2.3283064365386963e-10,0.0,0.0,0.0,0.0,3.7426850159359533,6.264369637418308e-12,9.976071198072541e-12
baseline,619,128.0,8,False,5.0,0.0,48.63957866687553,36.27952480368328,18.88103774660425,46.11421140871787,23.15239220055702,29.351834925194748,4.692646576621781,6.7859664795482475,48.69224478024911,22.043630757809233,12.352595488102905,2.366080374325573,2.2577027756058397,1.439396253817863,0.8530537821662836,4.993910100830051,0.9600430877542181,1.1947028683872554,0.7676335202868405,14.355318985502802,2.247153597056791,1.005633978591638,1.1191786919200488,4.3202549289531917e-13,6.880049112622774e-13,2.3283064365386963e-10,0.0,0.0,0.0,0.0,14.232103343179034,6.264369638543462e-12,9.976071199864364e-12
baseline,619,128.0,8,False,5.0,50.0,48.63957866687553,36.27952480368328,18.88103774660425,46.11421140871787,23.15239220055702,29.351834925194748,4.692646576621781,6.7859664795482475,48.69224478024911,22.043630757809233,12.352595488102905,3.8559146344797277,2.2600343174165616,1.4394605222018888,3.0824492696001387,4.997530994693946,0.9603157955161646,1.195167077635408,1.6790670511930452,14.200700856491238,2.2499676630718035,1.0073246025358429,0.4051993126773926,0.0,0.0,2.3283064365386963e-10,0.0,0.0,0.0,0.0,13.141524736592341,4.536267665837037e-12,7.2240515530234556e-12
baseline,619,128.0,8,False,5.0,100.0,48.63957866687553,36.27952480368328,18.88103774660425,46.11421140871787,23.15239220055702,29.351834925194748,4.692646576621781,6.7859664795482475,48.69224478024911,22.043630757809233,12.352595488102905,29.1375580754215,2.28204626821089,1.4537069731980803,28.1393226479677,5.042744959427461,0.9695967978953483,1.2021057716096495,5.289044296447171,34.43783495749218,2.285645390216027,1.0221522655443789,1.4400113166451913e-06,2.1601274588508256e-13,3.4400245473522914e-13,2.3283064365386963e-10,0.0,0.0,0.0,0.0,3.742684729122465,6.69639512975105e-12,1.0664076108438904e-11
baseline,619,128.0,8,True,1.0,0.0,48.63957866687553,36.27952480368328,18.88103774660425,46.11421140871787,23.15239220055702,29.351834925194748,4.692646576621781,6.7859664795482475,48.692258194844825,22.04362992427788,12.35259700433235,2.3021906887397696,24.653811498218136,11.943101589189292,0.7657528777103406,16.76829108059239,18.698063102373485,3.760314526513347,0.7491234353005305,0.7433866291108551,30.651424373650425,8.305401140872503,1.1191786919200488,4.3202549289531917e-13,6.880049112622774e-13,2.3283064365386963e-10,0.0,0.0,0.0,0.0,0.0004866578059244879,17.34906690331799,0.0002469114499333455
baseline,619,128.0,8,True,1.0,50.0,48.63957866687553,36.27952480368328,18.88103774660425,46.11421140871787,23.15239220055702,29.351834925194748,4.692646576621781,6.7859664795482475,48.692258194844825,22.04362992427788,12.35259700433235,3.7995401474658617,24.689175208832044,11.944040777006553,2.9954716251097135,16.763131956159864,18.692711462361594,3.75979214764333,1.6707527246918135,3.124471360431608,30.68720314245866,8.301192257419837,0.4051993126773926,0.0,0.0,2.3283064365386963e-10,0.0,0.0,0.0,0.0,0.00048665373585810696,17.34906627097081,0.00024691534327854893
baseline,619,128.0,8,True,1.0,100.0,48.63957866687553,36.27952480368328,18.88103774660425,46.11421140871787,23.15239220055702,29.351834925194748,4.692646576621781,6.7859664795482475,48.692258194844825,22.04362992427788,12.35259700433235,29.17517325106531,24.958511432772482,12.052544321449574,28.128645933638126,16.861217179000235,18.813541362892057,3.771818088609803,5.292429810013416,29.560844746105946,30.913307734427338,8.377599938676315,1.4400113166451913e-06,2.1601274588508256e-13,3.4400245473522914e-13,2.3283064365386963e-10,0.0,0.0,0.0,0.0,0.0004860294537145163,17.34906234233268,0.0002468144524071662
baseline,619,128.0,8,True,5.0,0.0,48.63957866687553,36.27952480368328,18.88103774660425,46.11421140871787,23.15239220055702,29.351834925194748,4.692646576621781,6.7859664795482475,48.692258194844825,22.04362992427788,12.35259700433235,2.366080374325573,2.2577027756058397,1.439396253817863,0.8530537821662836,4.993910100830051,0.9600430877542181,1.1947028683872554,0.7676335202868405,0.7622200593918458,23.2053982407812,1.0387513866909308,1.1191786919200488,4.3202549289531917e-13,6.880049112622774e-13,2.3283064365386963e-10,0.0,0.0,0.0,0.0,0.0004822719809103781,20.55155664125293,0.00024508323522361066
baseline,619,128.0,8,True,5.0,50.0,48.63957866687553,36.27952480368328,18.88103774660425,46.11421140871787,23.15239220055702,29.351834925194748,4.692646576621781,6.7859664795482475,48.692258194844825,22.04362992427788,12.35259700433235,3.8559146344797277,2.2600343174165616,1.4394605222018888,3.0824492696001387,4.997530994693946,0.9603157955161646,1.195167077635408,1.6790670511930452,3.1402216048914573,23.219182601479606,1.0390642382646071,0.4051993126773926,0.0,0.0,2.3283064365386963e-10,0.0,0.0,0.0,0.0,0.0004823018248248561,20.551557879386994,0.00024510433108468024
baseline,619,128.0,8,True,5.0,100.0,48.63957866687553,36.27952480368328,18.88103774660425,46.11421140871787,23.15239220055702,29.351834925194748,4.692646576621781,6.7859664795482475,48.692258194844825,22.04362992427788,12.35259700433235,29.1375580754215,2.28204626821089,1.4537069731980803,28.1393226479677,5.042744959427461,0.9695967978953483,1.2021057716096495,5.289044296447171,29.50851528192713,23.29056596139839,1.0501228084520382,1.4400113166451913e-06,2.1601274588508256e-13,3.4400245473522914e-13,2.3283064365386963e-10,0.0,0.0,0.0,0.0,0.00048178729152131703,20.55156293253265,0.0002450640327586048
baseline,619,128.0,24,False,1.0,0.0,48.63957809089443,22.261678844623507,19.619523050040563,46.11421285145345,11.752371896819712,16.17188728566376,3.7272607256015626,6.7859665906145406,48.692237465763306,24.730030070987606,19.505683643425726,2.281344935434115,21.641376790704452,19.078501399003386,0.7458508893302161,11.087984992734608,15.584099152802125,3.641625977854418,0.7514401204369786,14.31620967578006,23.326864956689292,18.301280323989143,1.1191786919200488,4.3202549289531917e-13,6.880049112622774e-13,2.3283064365386963e-10,0.0,0.0,0.0,0.0,14.232103602069861,6.480382384428544e-12,1.0320073654599593e-11
baseline,619,128.0,24,False,1.0,50.0,48.63957809089443,22.261678844623507,19.619523050040563,46.11421285145345,11.752371896819712,16.17188728566376,3.7272607256015626,6.7859665906145406,48.692237465763306,24.730030070987606,19.505683643425726,3.7820737696764244,21.665029149262164,19.085319572540467,2.9698898369903057,11.081586740848389,15.569635121324541,3.6402259365340783,1.6704592947999017,14.170851727396983,23.34430906687529,18.304213835056697,0.4051993126773926,0.0,0.0,2.3283064365386963e-10,0.0,0.0,0.0,0.0,13.141523185419695,4.968293158169777e-12,7.912056463389821e-12
baseline,619,128.0,24,False,1.0,100.0,48.63957809089443,22.261678844623507,19.619523050040563,46.11421285145345,11.752371896819712,16.17188728566376,3.7272607256015626,6.7859665906145406,48.692237465763306,24.730030070987606,19.505683643425726,29.18670942919505,21.900497886419046,19.193254448212684,28.09752341087202,11.13207687761436,15.629907585397303,3.64779999700752,5.291474009259752,34.52300000639679,23.661975032768197,18.504208925514646,1.4400113166451913e-06,2.1601274588508256e-13,3.4400245473522914e-13,2.3283064365386963e-10,0.0,0.0,0.0,0.0,3.7426850159359533,6.264369637418308e-12,9.976071198072541e-12
baseline,619,128.0,24,False,5.0,0.0,48.63957809089443,22.261678844623507,19.619523050040563,46.11421285145345,11.752371896819712,16.17188728566376,3.7272607256015626,6.7859665906145406,48.692237465763306,24.730030070987606,19.505683643425726,2.3553862111410075,11.934828766179065,9.783084815029628,0.7963362018147477,3.371564919612503,5.810537462045322,2.0322064909539703,0.762720621319417,14.359412277594188,9.242795492411146,5.844010229952399,1.1191786919200488,4.3202549289531917e-13,6.880049112622774e-13,2.3283064365386963e-10,0.0,0.0,0.0,0.0,14.232103343179034,6.264369638543462e-12,9.976071199864364e-12
baseline,619,128.0,24,False,5.0,50.0,48.63957809089443,22.261678844623507,19.619523050040563,46.11421285145345,11.752371896819712,16.17188728566376,3.7272607256015626,6.7859665906145406,48.692237465763306,24.730030070987606,19.505683643425726,3.850691713250381,11.942589589857448,9.786587005826108,3.022241895913518,3.3715813963388612,5.811922723381252,2.0322837432976213,1.6761813257724434,14.212010785187841,9.246213557622886,5.844483506066771,0.4051993126773926,0.0,0.0,2.3283064365386963e-10,0.0,0.0,0.0,0.0,13.141524736592341,4.536267665837037e-12,7.2240515530234556e-12
baseline,619,128.0,24,False,5.0,100.0,48.63957809089443,22.261678844623507,19.619523050040563,46.11421285145345,11.752371896819712,16.17188728566376,3.7272607256015626,6.7859665906145406,48.692237465763306,24.730030070987606,19.505683643425726,29.20577023156277,12.069620748416439,9.852943528363642,28.114373874362837,3.395559261451023,5.856638240734486,2.0397737467088732,5.290700753104364,34.47899256661415,9.353556157260865,5.898941542967552,1.4400113166451913e-06,2.1601274588508256e-13,3.4400245473522914e-13,2.3283064365386963e-10,0.0,0.0,0.0,0.0,3.742684729122465,6.69639512975105e-12,1.0664076108438904e-11
baseline,619,128.0,24,True,1.0,0.0,48.63957809089443,22.261678844623507,19.619523050040563,46.11421285145345,11.752371896819712,16.17188728566376,3.7272607256015626,6.7859665906145406,48.69225547181065,24.730034556147796,19.50567880402096,2.281344935434115,21.641376790704452,19.078501399003386,0.7458508893302161,11.087984992734608,15.584099152802125,3.641625977854418,0.7514401204369786,0.7350067600380301,39.140667205741806,18.27156737951189,1.1191786919200488,4.3202549289531917e-13,6.880049112622774e-13,2.3283064365386963e-10,0.0,0.0,0.0,0.0,0.0004866578059244879,17.34906690331799,0.0002469114499333455
baseline,619,128.0,24,True,1.0,50.0,48.63957809089443,22.261678844623507,19.619523050040563,46.11421285145345,11.752371896819712,16.17188728566376,3.7272607256015626,6.7859665906145406,48.69225547181065,24.730034556147796,19.50567880402096,3.7820737696764244,21.665029149262164,19.085319572540467,2.9698898369903057,11.081586740848389,15.569635121324541,3.6402259365340783,1.6704592947999017,3.1189203935004453,39.16911125386804,18.259627469443913,0.4051993126773926,0.0,0.0,2.3283064365386963e-10,0.0,0.0,0.0,0.0,0.00048665373585810696,17.34906627097081,0.00024691534327854893
baseline,619,128.0,24,True,1.0,100.0,48.63957809089443,22.261678844623507,19.619523050040563,46.11421285145345,11.752371896819712,16.17188728566376,3.7272607256015626,6.7859665906145406,48.69225547181065,24.730034556147796,19.50567880402096,29.18670942919505,21.900497886419046,19.193254448212684,28.09752341087202,11.13207687761436,15.629907585397303,3.64779999700752,5.291474009259752,29.607751049524275,39.480839414339194,18.414201523615287,1.4400113166451913e-06,2.1601274588508256e-13,3.4400245473522914e-13,2.3283064365386963e-10,0.0,0.0,0.0,0.0,0.0004860294537145163,17.34906234233268,0.0002468144524071662
baseline,619,128.0,24,True,5.0,0.0,48.63957809089443,22.261678844623507,19.619523050040563,46.11421285145345,11.752371896819712,16.17188728566376,3.7272607256015626,6.7859665906145406,48.69225547181065,24.730034556147796,19.50567880402096,2.3553862111410075,11.934828766179065,9.783084815029628,0.7963362018147477,3.371564919612503,5.810537462045322,2.0322064909539703,0.762720621319417,0.7656395002834727,29.765213670050322,5.884282208718109,1.1191786919200488,4.3202549289531917e-13,6.880049112622774e-13,2.3283064365386963e-10,0.0,0.0,0.0,0.0,0.0004822719809103781,20.55155664125293,0.00024508323522361066
baseline,619,128.0,24,True,5.0,50.0,48.63957809089443,22.261678844623507,19.619523050040563,46.11421285145345,11.752371896819712,16.17188728566376,3.7272607256015626,6.7859665906145406,48.69225547181065,24.730034556147796,19.50567880402096,3.850691713250381,11.942589589857448,9.786587005826108,3.022241895913518,3.3715813963388612,5.811922723381252,2.0322837432976213,1.6761813257724434,3.149524466173148,29.781292365546275,5.88199547989695,0.4051993126773926,0.0,0.0,2.3283064365386963e-10,0.0,0.0,0.0,0.0,0.0004823018248248561,20.551557879386994,0.00024510433108468024
baseline,619,128.0,24,True,5.0,100.0,48.63957809089443,22.261678844623507,19.619523050040563,46.11421285145345,11.752371896819712,16.17188728566376,3.7272607256015626,6.7859665906145406,48.69225547181065,24.730034556147796,19.50567880402096,29.20577023156277,12.069620748416439,9.852943528363642,28.114373874362837,3.395559261451023,5.856638240734486,2.0397737467088732,5.290700753104364,29.56244319505163,29.929531656840712,5.924945555255018,1.4400113166451913e-06,2.1601274588508256e-13,3.4400245473522914e-13,2.3283064365386963e-10,0.0,0.0,0.0,0.0,0.00048178729152131703,20.55156293253265,0.0002450640327586048
baseline,619,200.0,8,False,1.0,0.0,48.639583831112596,36.279524390517125,18.88104136799179,46.11418779800966,23.152421956829112,29.35183515828411,4.6926460767714095,6.785965092377486,48.692234200925895,22.043626265824326,12.352590898159281,2.3195909124837253,24.71097463242345,11.973457560148391,1.0733712203890438,16.74329963053078,18.719002873546952,3.7643842224207824,0.9677926102763245,12.876297848377714,15.216592828180508,7.985652441692652,0.7836375396529363,2.534724258162461e-28,4.0365736906502088e-28,3.843361142221591e-10,3.801824327577501e-11,6.054443203339985e-11,7.323762205672396e-13,0.0,13.530734260511704,1.533690496684209e-11,2.442417430053575e-11
baseline,619,200.0,8,False,1.0,50.0,48.639583831112596,36.279524390517125,18.88104136799179,46.11418779800966,23.152421956829112,29.35183515828411,4.6926460767714095,6.785965092377486,48.692234200925895,22.043626265824326,12.352590898159281,11.994132483352923,24.77711162374102,11.980664946480188,11.37644440077116,16.751528282137723,18.724163006704117,3.7650988093686277,3.3561900861750487,19.281196757820904,15.285109834020282,8.000796238042541,0.10899142269213907,2.1601274701023666e-13,3.440024565270483e-13,3.843361142221591e-10,3.801824327577501e-11,6.054443203339985e-11,7.323762205672396e-13,0.0,9.553371561176625,2.0089185398817148e-11,3.199222834054713e-11
baseline,619,200.0,8,False,1.0,100.0,48.639583831112596,36.279524390517125,18.88104136799179,46.11418779800966,23.152421956829112,29.35183515828411,4.6926460767714095,6.785965092377486,48.692234200925895,22.043626265824326,12.352590898159281,43.89557043879251,24.91152172613597,12.047024648022859,42.02360648856005,16.809349666158273,18.787240215051668,3.7715834659708216,6.476965571946237,45.68977468416356,15.386900414983842,8.04466790460567,9.211550466737717e-10,4.3202549177016507e-13,6.880049094704584e-13,3.843361142221591e-10,3.801824327577501e-11,6.054443203339985e-11,7.323762205672396e-13,0.0,0.6180851656299367,1.7497032434694253e-11,2.7864198862222527e-11
baseline,619,200.0,8,False,5.0,0.0,48.639583831112596,36.279524390517125,18.88104136799179,46.11418779800966,23.152421956829112,29.35183515828411,4.6926460767714095,6.785965092377486,48.692234200925895,22.043626265824326,12.352590898159281,2.352998851386744,2.1553061919081484,1.4296684124679937,1.124462523068681,4.877552771608255,0.9502216124959904,1.1971485564241284,0.9776609227208608,12.883608107087877,2.1873295997802167,1.0368455087557844,0.7836375396529363,2.534724258162461e-28,4.0365736906502088e-28,3.843361142221591e-10,3.801824327577501e-11,6.054443203339985e-11,7.323762205672396e-13,0.0,13.53073426305043,1.6200955952632742e-11,2.58001841230603e-11
baseline,619,200.0,8,False,5.0,50.0,48.639583831112596,36.279524390517125,18.88104136799179,46.11418779800966,23.152421956829112,29.35183515828411,4.6926460767714095,6.785965092377486,48.692234200925895,22.043626265824326,12.352590898159281,12.011290406077304,2.159917013375171,1.4312402837974523,11.42030604023154,4.887137611669856,0.9518654224097935,1.1984627569144757,3.3583906096398928,19.274891781376848,2.194846885735998,1.0399819679752682,0.10899142269213907,2.1601274701023666e-13,3.440024565270483e-13,3.843361142221591e-10,3.801824327577501e-11,6.054443203339985e-11,7.323762205672396e-13,0.0,9.553372578230626,1.9873172654057223e-11,3.164822588760372e-11
baseline,619,200.0,8,False,5.0,100.0,48.639583831112596,36.279524390517125,18.88104136799179,46.11418779800966,23.152421956829112,29.35183515828411,4.6926460767714095,6.785965092377486,48.692234200925895,22.043626265824326,12.352590898159281,43.859760575315825,2.171313054025823,1.4389429065516692,42.02539535651225,4.909284344875833,0.9568411925204533,1.2020049454541872,6.475263981787691,45.651327286185584,2.208873913460498,1.0464562235627222,9.211550466737717e-10,4.3202549177016507e-13,6.880049094704584e-13,3.843361142221591e-10,3.801824327577501e-11,6.054443203339985e-11,7.323762205672396e-13,0.0,0.6180851959829842,1.8145070672349515e-11,2.889620622642821e-11
baseline,619,200.0,8,True,1.0,0.0,48.639583831112596,36.279524390517125,18.88104136799179,46.11418779800966,23.152421956829112,29.35183515828411,4.6926460767714095,6.785965092377486,48.692232734807405,22.043636743981626,12.352586827766105,2.3195909124837253,24.71097463242345,11.973457560148391,1.0733712203890438,16.74329963053078,18.719002873546952,3.7643842224207824,0.9677926102763245,1.10829177804225,30.556943530338835,8.330751268429738,0.7836375396529363,2.534724258162461e-28,4.0365736906502088e-28,3.843361142221591e-10,3.801824327577501e-11,6.054443203339985e-11,7.323762205672396e-13,0.0,0.00021415679279444605,17.33661827508335,0.00010898128848113837
baseline,619,200.0,8,True,1.0,50.0,48.639583831112596,36.279524390517125,18.88104136799179,46.11418779800966,23.152421956829112,29.35183515828411,4.6926460767714095,6.785965092377486,48.692232734807405,22.043636743981626,12.352586827766105,11.994132483352923,24.77711162374102,11.980664946480188,11.37644440077116,16.751528282137723,18.724163006704117,3.7650988093686277,3.3561900861750487,12.08923305497824,30.62076812833117,8.335675818676279,0.10899142269213907,2.1601274701023666e-13,3.440024565270483e-13,3.843361142221591e-10,3.801824327577501e-11,6.054443203339985e-11,7.323762205672396e-13,0.0,0.00021406586151899998,17.33661997926077,0.0001090069874725374
baseline,619,200.0,8,True,1.0,100.0,48.639583831112596,36.279524390517125,18.88104136799179,46.11418779800966,23.152421956829112,29.35183515828411,4.6926460767714095,6.785965092377486,48.692232734807405,22.043636743981626,12.352586827766105,43.89557043879251,24.91152172613597,12.047024648022859,42.02360648856005,16.809349666158273,18.787240215051668,3.7715834659708216,6.476965571946237,44.39223919687886,30.73178278217568,8.374874841948719,9.211550466737717e-10,4.3202549177016507e-13,6.880049094704584e-13,3.843361142221591e-10,3.801824327577501e-11,6.054443203339985e-11,7.323762205672396e-13,0.0,0.00021512662833866975,17.336588083564415,0.00010912015596045973
baseline,619,200.0,8,True,5.0,0.0,48.639583831112596,36.279524390517125,18.88104136799179,46.11418779800966,23.152421956829112,29.35183515828411,4.6926460767714095,6.785965092377486,48.692232734807405,22.043636743981626,12.352586827766105,2.352998851386744,2.1553061919081484,1.4296684124679937,1.124462523068681,4.877552771608255,0.9502216124959904,1.1971485564241284,0.9776609227208608,1.1143833821470672,23.039635021835544,1.0648280428383583,0.7836375396529363,2.534724258162461e-28,4.0365736906502088e-28,3.843361142221591e-10,3.801824327577501e-11,6.054443203339985e-11,7.323762205672396e-13,0.0,0.00021220979720858396,20.543297361047852,0.00010815590742989025
baseline,619,200.0,8,True,5.0,50.0,48.639583831112596,36.279524390517125,18.88104136799179,46.11418779800966,23.152421956829112,29.35183515828411,4.6926460767714095,6.785965092377486,48.692232734807405,22.043636743981626,12.352586827766105,12.011290406077304,2.159917013375171,1.4312402837974523,11.42030604023154,4.887137611669856,0.9518654224097935,1.1984627569144757,3.3583906096398928,12.084306651789445,23.06103963384726,1.0665441351584088,0.10899142269213907,2.1601274701023666e-13,3.440024565270483e-13,3.843361142221591e-10,3.801824327577501e-11,6.054443203339985e-11,7.323762205672396e-13,0.0,0.00021216019217276544,20.543296070320345,0.00010822394238587898
baseline,619,200.0,8,True,5.0,100.0,48.639583831112596,36.279524390517125,18.88104136799179,46.11418779800966,23.152421956829112,29.35183515828411,4.6926460767714095,6.785965092377486,48.692232734807405,22.043636743981626,12.352586827766105,43.859760575315825,2.171313054025823,1.4389429065516692,42.02539535651225,4.909284344875833,0.9568411925204533,1.2020049454541872,6.475263981787691,44.351537144065524,23.09691714568018,1.072327606560439,9.211550466737717e-10,4.3202549177016507e-13,6.880049094704584e-13,3.843361142221591e-10,3.801824327577501e-11,6.054443203339985e-11,7.323762205672396e-13,0.0,0.0002131145054481792,20.543277620596356,0.00010820442931223128
baseline,619,200.0,24,False,1.0,0.0,48.63958220270526,22.261677928721095,19.619522226493896,46.11419313028868,11.752373532423908,16.171883372065036,3.727260321530399,6.785965464767024,48.692234778285716,24.730030939903816,19.50567356250656,2.30914908775523,21.682124003560606,19.098015641624215,1.0619249946012659,11.102705751561164,15.612880721542231,3.6447094676060714,0.9686312738004671,12.869304084223229,23.405251668267777,18.335930796634607,0.7836375396529363,2.534724258162461e-28,4.0365736906502088e-28,3.843361142221591e-10,3.801824327577501e-11,6.054443203339985e-11,7.323762205672396e-13,0.0,13.530734260511704,1.533690496684209e-11,2.442417430053575e-11
baseline,619,200.0,24,False,1.0,50.0,48.63958220270526,22.261677928721095,19.619522226493896,46.11419313028868,11.752373532423908,16.171883372065036,3.727260321530399,6.785965464767024,48.692234778285716,24.730030939903816,19.50567356250656,11.9946414284733,21.725682498618294,19.114932095639684,11.36133794350469,11.095573280583018,15.60304458926182,3.643578580408971,3.3558977112925703,19.28064452755028,23.451134480057394,18.360518512540594,0.10899142269213907,2.1601274701023666e-13,3.440024565270483e-13,3.843361142221591e-10,3.801824327577501e-11,6.054443203339985e-11,7.323762205672396e-13,0.0,9.553371561176625,2.0089185398817148e-11,3.199222834054713e-11
baseline,619,200.0,24,False,1.0,100.0,48.63958220270526,22.261677928721095,19.619522226493896,46.11419313028868,11.752373532423908,16.171883372065036,3.727260321530399,6.785965464767024,48.692234778285716,24.730030939903816,19.50567356250656,43.906147758547576,21.859604510624116,19.162595589905923,42.01160995267313,11.1211978128852,15.637974299584219,3.6476992494032983,6.476923933007996,45.71127266749287,23.58895566457126,18.45770809354669,9.211550466737717e-10,4.3202549177016507e-13,6.880049094704584e-13,3.843361142221591e-10,3.801824327577501e-11,6.054443203339985e-11,7.323762205672396e-13,0.0,0.6180851656299367,1.7497032434694253e-11,2.7864198862222527e-11
baseline,619,200.0,24,False,5.0,0.0,48.63958220270526,22.261677928721095,19.619522226493896,46.11419313028868,11.752373532423908,16.171883372065036,3.727260321530399,6.785965464767024,48.692234778285716,24.730030939903816,19.50567356250656,2.35532632662762,11.915724832631955,9.731351214963148,1.0931614401219572,3.3699138698708206,5.8318526537496185,2.037958724743278,0.9753139427632777,12.889208087676577,9.352136469842103,5.828814251170739,0.7836375396529363,2.534724258162461e-28,4.0365736906502088e-28,3.843361142221591e-10,3.801824327577501e-11,6.054443203339985e-11,7.323762205672396e-13,0.0,13.53073426305043,1.6200955952632742e-11,2.58001841230603e-11
baseline,619,200.0,24,False,5.0,50.0,48.63958220270526,22.261677928721095,19.619522226493896,46.11419313028868,11.752373532423908,16.171883372065036,3.727260321530399,6.785965464767024,48.692234778285716,24.730030939903816,19.50567356250656,12.030910391709881,11.93478588986458,9.740707401546114,11.392670795108938,3.3713759601567146,5.838797100521492,2.038814818778715,3.3581232966963896,19.287637600244942,9.363771394764282,5.832854636662747,0.10899142269213907,2.1601274701023666e-13,3.440024565270483e-13,3.843361142221591e-10,3.801824327577501e-11,6.054443203339985e-11,7.323762205672396e-13,0.0,9.553372578230626,1.9873172654057223e-11,3.164822588760372e-11
baseline,619,200.0,24,False,5.0,100.0,48.63958220270526,22.261677928721095,19.619522226493896,46.11419313028868,11.752373532423908,16.171883372065036,3.727260321530399,6.785965464767024,48.692234778285716,24.730030939903816,19.50567356250656,43.91720840468207,12.009100752175021,9.770869099045175,42.02397594953016,3.3834698010123416,5.8632484675701955,2.0428605604407863,6.476872590550702,45.67473493703393,9.41265996119644,5.858241650590349,9.211550466737717e-10,4.3202549177016507e-13,6.880049094704584e-13,3.843361142221591e-10,3.801824327577501e-11,6.054443203339985e-11,7.323762205672396e-13,0.0,0.6180851959829842,1.8145070672349515e-11,2.889620622642821e-11
baseline,619,200.0,24,True,1.0,0.0,48.63958220270526,22.261677928721095,19.619522226493896,46.11419313028868,11.752373532423908,16.171883372065036,3.727260321530399,6.785965464767024,48.692229927240255,24.73000825763148,19.50570191110263,2.30914908775523,21.682124003560606,19.098015641624215,1.0619249946012659,11.102705751561164,15.612880721542231,3.6447094676060714,0.9686312738004671,1.1056291405846101,39.46020650790437,18.320010857734236,0.7836375396529363,2.534724258162461e-28,4.0365736906502088e-28,3.843361142221591e-10,3.801824327577501e-11,6.054443203339985e-11,7.323762205672396e-13,0.0,0.00021415679279444605,17.33661827508335,0.00010898128848113837
baseline,619,200.0,24,True,1.0,50.0,48.63958220270526,22.261677928721095,19.619522226493896,46.11419313028868,11.752373532423908,16.171883372065036,3.727260321530399,6.785965464767024,48.692229927240255,24.73000825763148,19.50570191110263,11.9946414284733,21.725682498618294,19.114932095639684,11.36133794350469,11.095573280583018,15.60304458926182,3.643578580408971,3.3558977112925703,12.09679909510264,39.521530049414764,18.330159046177542,0.10899142269213907,2.1601274701023666e-13,3.440024565270483e-13,3.843361142221591e-10,3.801824327577501e-11,6.054443203339985e-11,7.323762205672396e-13,0.0,0.00021406586151899998,17.33661997926077,0.0001090069874725374
baseline,619,200.0,24,True,1.0,100.0,48.63958220270526,22.261677928721095,19.619522226493896,46.11419313028868,11.752373532423908,16.171883372065036,3.727260321530399,6.785965464767024,48.692229927240255,24.73000825763148,19.50570191110263,43.906147758547576,21.859604510624116,19.162595589905923,42.01160995267313,11.1211978128852,15.637974299584219,3.6476992494032983,6.476923933007996,44.426018202442755,39.67940134720881,18.416014943954576,9.211550466737717e-10,4.3202549177016507e-13,6.880049094704584e-13,3.843361142221591e-10,3.801824327577501e-11,6.054443203339985e-11,7.323762205672396e-13,0.0,0.00021512662833866975,17.336588083564415,0.00010912015596045973
baseline,619,200.0,24,True,5.0,0.0,48.63958220270526,22.261677928721095,19.619522226493896,46.11419313028868,11.752373532423908,16.171883372065036,3.727260321530399,6.785965464767024,48.692229927240255,24.73000825763148,19.50570191110263,2.35532632662762,11.915724832631955,9.731351214963148,1.0931614401219572,3.3699138698708206,5.8318526537496185,2.037958724743278,0.9753139427632777,1.1190269629255833,29.989386161545067,5.884413898710111,0.7836375396529363,2.534724258162461e-28,4.0365736906502088e-28,3.843361142221591e-10,3.801824327577501e-11,6.054443203339985e-11,7.323762205672396e-13,0.0,0.00021220979720858396,20.543297361047852,0.00010815590742989025
baseline,619,200.0,24,True,5.0,50.0,48.63958220270526,22.261677928721095,19.619522226493896,46.11419313028868,11.752373532423908,16.171883372065036,3.727260321530399,6.785965464767024,48.692229927240255,24.73000825763148,19.50570191110263,12.030910391709881,11.93478588986458,9.740707401546114,11.392670795108938,3.3713759601567146,5.838797100521492,2.038814818778715,3.3581232966963896,12.101072127120199,30.02235561044584,5.887376773719605,0.10899142269213907,2.1601274701023666e-13,3.440024565270483e-13,3.843361142221591e-10,3.801824327577501e-11,6.054443203339985e-11,7.323762205672396e-13,0.0,0.00021216019217276544,20.543296070320345,0.00010822394238587898
baseline,619,200.0,24,True,5.0,100.0,48.63958220270526,22.261677928721095,19.619522226493896,46.11419313028868,11.752373532423908,16.171883372065036,3.727260321530399,6.785965464767024,48.692229927240255,24.73000825763148,19.50570191110263,43.91720840468207,12.009100752175021,9.770869099045175,42.02397594953016,3.3834698010123416,5.8632484675701955,2.0428605604407863,6.476872590550702,44.38826379602563,30.099572785058022,5.9098273767577085,9.211550466737717e-10,4.3202549177016507e-13,6.880049094704584e-13,3.843361142221591e-10,3.801824327577501e-11,6.054443203339985e-11,7.323762205672396e-13,0.0,0.0002131145054481792,20.543277620596356,0.00010820442931223128
guided-luma,173,30.0,8,False,1.0,0.0,49.390110827800086,18.97209966631668,37.77858488733249,49.80455231643809,14.551774906525191,17.907389421659204,3.9249841124293963,7.053241590940244,47.92731360543451,16.02271467458747,15.40395789393823,2.1796971236855436,10.199875197282461,28.976047055440546,1.2347043359013083,7.788964874840572,9.138013383177475,2.778613029201983,0.7651412367542044,16.116754620576334,11.860063470137796,10.392967489997934,1.1799460129237975,1.1340669188502135e-12,1.8060128920634732e-12,0.0,0.0,0.0,0.0,0.0,14.378940610071185,2.524648972770906e-12,4.020528698061142e-12
guided-luma,173,30.0,8,False,1.0,50.0,49.390110827800086,18.97209966631668,37.77858488733249,49.80455231643809,14.551774906525191,17.907389421659204,3.9249841124293963,7.053241590940244,47.92731360543451,16.02271467458747,15.40395789393823,2.250042515619622,10.24753888892526,29.124242139641577,1.8187908717326866,7.800764759374618,9.144615814259508,2.780072110416409,1.0637814831635735,14.99802989468885,11.88283638416569,10.462493458665783,0.4278901781811843,1.1340669188502135e-12,1.8060128920634732e-12,0.0,0.0,0.0,0.0,0.0,13.709223338173638,2.8182913000347247e-12,4.48815703628273e-12
guided-luma,173,30.0,8,False,1.0,100.0,49.390110827800086,18.97209966631668,37.77858488733249,49.80455231643809,14.551774906525191,17.907389421659204,3.9249841124293963,7.053241590940244,47.92731360543451,16.02271467458747,15.40395789393823,4.855166495326803,10.501675991841216,29.75716654116468,4.338314463877709,7.91425709937005,9.279922089702291,2.8002937610941467,1.9302216103555954,13.388219220437167,12.29571547064327,11.067428929100302,2.3668829891499292e-07,1.188070105321486e-12,1.892013505747281e-12,0.0,0.0,0.0,0.0,0.0,4.690577889467763,2.227631445877963e-12,3.5475253207284063e-12
guided-luma,173,30.0,8,False,5.0,0.0,49.390110827800086,18.97209966631668,37.77858488733249,49.80455231643809,14.551774906525191,17.907389421659204,3.9249841124293963,7.053241590940244,47.92731360543451,16.02271467458747,15.40395789393823,2.762840079778348,0.6570667837684819,3.0322284781584856,1.4006471368738094,1.0462913616388327,0.9864753330523058,0.8177583896649987,0.7710853684416725,16.459222854196607,0.721603474993561,0.9929858364671493,1.1799460129237975,1.1340669188502135e-12,1.8060128920634732e-12,0.0,0.0,0.0,0.0,0.0,14.378940586171892,2.551650565901057e-12,4.063529004735064e-12
guided-luma,173,30.0,8,False,5.0,50.0,49.390110827800086,18.97209966631668,37.77858488733249,49.80455231643809,14.551774906525191,17.907389421659204,3.9249841124293963,7.053241590940244,47.92731360543451,16.02271467458747,15.40395789393823,2.7646000682771494,0.6641901605213787,3.041282388305119,1.9780721586836705,1.0446572339578164,0.9871205327379345,0.8177164423758928,1.0627791657172836,15.332830015543756,0.7214504297757987,0.9964879588529699,0.4278901781811843,1.1340669188502135e-12,1.8060128920634732e-12,0.0,0.0,0.0,0.0,0.0,13.709222823025135,3.098432830135728e-12,4.934285220215442e-12
guided-luma,173,30.0,8,False,5.0,100.0,49.390110827800086,18.97209966631668,37.77858488733249,49.80455231643809,14.551774906525191,17.907389421659204,3.9249841124293963,7.053241590940244,47.92731360543451,16.02271467458747,15.40395789393823,5.0602222439393945,0.7033094597081723,3.1210171163388014,4.441684672486287,1.0530114503457206,0.9984548515838849,0.8222033663789268,1.9164308198057225,13.566926115108416,0.746394488769442,1.0394704598904765,2.3668829891499292e-07,1.188070105321486e-12,1.892013505747281e-12,0.0,0.0,0.0,0.0,0.0,4.690577872937387,2.0251194962590865e-12,3.225023018854186e-12
guided-luma,173,30.0,8,True,1.0,0.0,49.390110827800086,18.97209966631668,37.77858488733249,49.80455231643809,14.551774906525191,17.907389421659204,3.9249841124293963,7.053241590940244,47.92731224800945,16.022715562959565,15.403956099206546,2.1796971236855436,10.199875197282461,28.976047055440546,1.2347043359013083,7.788964874840572,9.138013383177475,2.778613029201983,0.7651412367542044,1.4992382840328484,26.97102842871884,10.68527023141514,1.1799460129237975,1.1340669188502135e-12,1.8060128920634732e-12,0.0,0.0,0.0,0.0,0.0,0.0049426382548450965,17.552317737293205,0.0025079067501089167
guided-luma,173,30.0,8,True,1.0,50.0,49.390110827800086,18.97209966631668,37.77858488733249,49.80455231643809,14.551774906525191,17.907389421659204,3.9249841124293963,7.053241590940244,47.92731224800945,16.022715562959565,15.403956099206546,2.250042515619622,10.24753888892526,29.124242139641577,1.8187908717326866,7.800764759374618,9.144615814259508,2.780072110416409,1.0637814831635735,1.815187501132938,26.99417634212609,10.698439275326022,0.4278901781811843,1.1340669188502135e-12,1.8060128920634732e-12,0.0,0.0,0.0,0.0,0.0,0.0049426382548450965,17.552317737293205,0.0025079067501089167
guided-luma,173,30.0,8,True,1.0,100.0,49.390110827800086,18.97209966631668,37.77858488733249,49.80455231643809,14.551774906525191,17.907389421659204,3.9249841124293963,7.053241590940244,47.92731224800945,16.022715562959565,15.403956099206546,4.855166495326803,10.501675991841216,29.75716654116468,4.338314463877709,7.91425709937005,9.279922089702291,2.8002937610941467,1.9302216103555954,3.6953096979442632,27.05230691379823,10.842389176145952,2.3668829891499292e-07,1.188070105321486e-12,1.892013505747281e-12,0.0,0.0,0.0,0.0,0.0,0.0049426382548450965,17.552317737293205,0.0025079067501089167
guided-luma,173,30.0,8,True,5.0,0.0,49.390110827800086,18.97209966631668,37.77858488733249,49.80455231643809,14.551774906525191,17.907389421659204,3.9249841124293963,7.053241590940244,47.92731224800945,16.022715562959565,15.403956099206546,2.762840079778348,0.6570667837684819,3.0322284781584856,1.4006471368738094,1.0462913616388327,0.9864753330523058,0.8177583896649987,0.7710853684416725,1.7336953360302978,21.59556758577362,0.994548575500919,1.1799460129237975,1.1340669188502135e-12,1.8060128920634732e-12,0.0,0.0,0.0,0.0,0.0,0.004903224502883028,20.687477935985424,0.0024914884208437874
guided-luma,173,30.0,8,True,5.0,50.0,49.390110827800086,18.97209966631668,37.77858488733249,49.80455231643809,14.551774906525191,17.907389421659204,3.9249841124293963,7.053241590940244,47.92731224800945,16.022715562959565,15.403956099206546,2.7646000682771494,0.6641901605213787,3.041282388305119,1.9780721586836705,1.0446572339578164,0.9871205327379345,0.8177164423758928,1.0627791657172836,2.04417493474517,21.594976600456,0.9951090607719151,0.4278901781811843,1.1340669188502135e-12,1.8060128920634732e-12,0.0,0.0,0.0,0.0,0.0,0.004903224502883028,20.687477935985424,0.0024914884208437874
guided-luma,173,30.0,8,True,5.0,100.0,49.390110827800086,18.97209966631668,37.77858488733249,49.80455231643809,14.551774906525191,17.907389421659204,3.9249841124293963,7.053241590940244,47.92731224800945,16.022715562959565,15.403956099206546,5.0602222439393945,0.7033094597081723,3.1210171163388014,4.441684672486287,1.0530114503457206,0.9984548515838849,0.8222033663789268,1.9164308198057225,3.867319210304899,21.612166029160186,1.0049954447535956,2.3668829891499292e-07,1.188070105321486e-12,1.892013505747281e-12,0.0,0.0,0.0,0.0,0.0,0.004903224502883028,20.687477935985424,0.0024914884208437874
guided-luma,173,30.0,24,False,1.0,0.0,49.390111268192214,19.92545689015087,27.83683735335038,49.80455293196358,14.78315318129888,16.92605459713195,3.262604848866492,7.053241631411566,47.92731275563998,25.277454307175706,17.345431039739946,2.113035896412729,19.238283229482555,26.058406773736355,1.105775994438759,13.836862946875158,16.181170169422078,3.1548912356176166,0.7593939280273033,15.939761096769054,22.83008447886607,15.405789900797942,1.1799460129237975,1.1340669188502135e-12,1.8060128920634732e-12,0.0,0.0,0.0,0.0,0.0,14.378940610071185,2.524648972770906e-12,4.020528698061142e-12
guided-luma,173,30.0,24,False,1.0,50.0,49.390111268192214,19.92545689015087,27.83683735335038,49.80455293196358,14.78315318129888,16.92605459713195,3.262604848866492,7.053241631411566,47.92731275563998,25.277454307175706,17.345431039739946,2.2246066286804353,19.299229471344894,26.18843137259515,1.7359731839112713,13.881154404770792,16.157411142141648,3.1576151143503335,1.083071742046038,14.83426830845611,22.99665743079748,15.556364054898006,0.4278901781811843,1.1340669188502135e-12,1.8060128920634732e-12,0.0,0.0,0.0,0.0,0.0,13.709223338173638,2.8182913000347247e-12,4.48815703628273e-12
guided-luma,173,30.0,24,False,1.0,100.0,49.390111268192214,19.92545689015087,27.83683735335038,49.80455293196358,14.78315318129888,16.92605459713195,3.262604848866492,7.053241631411566,47.92731275563998,25.277454307175706,17.345431039739946,4.987806004184463,19.599273842613044,26.599406601691754,4.40376945147431,14.207071374147343,16.209477781101953,3.18346338032537,1.9795236594226238,13.507275706455033,24.28347016572538,16.637106217173503,2.3668829891499292e-07,1.188070105321486e-12,1.892013505747281e-12,0.0,0.0,0.0,0.0,0.0,4.690577889467763,2.227631445877963e-12,3.5475253207284063e-12
guided-luma,173,30.0,24,False,5.0,0.0,49.390111268192214,19.92545689015087,27.83683735335038,49.80455293196358,14.78315318129888,16.92605459713195,3.262604848866492,7.053241631411566,47.92731275563998,25.277454307175706,17.345431039739946,2.2950617989599906,15.51455849773455,9.320586779740136,1.302962240377026,6.801313772853812,6.409475196756974,2.1384669239101113,0.7731088777134407,16.316947032245274,8.120988413543543,4.479547218689452,1.1799460129237975,1.1340669188502135e-12,1.8060128920634732e-12,0.0,0.0,0.0,0.0,0.0,14.378940586171892,2.551650565901057e-12,4.063529004735064e-12
guided-luma,173,30.0,24,False,5.0,50.0,49.390111268192214,19.92545689015087,27.83683735335038,49.80455293196358,14.78315318129888,16.92605459713195,3.262604848866492,7.053241631411566,47.92731275563998,25.277454307175706,17.345431039739946,2.370901753582336,15.568793416390543,9.35655870516595,1.92891627359519,6.806235064418125,6.398157224429543,2.138473949671628,1.0883592775793676,15.196737666389724,8.176633740391377,4.5073853496635685,0.4278901781811843,1.1340669188502135e-12,1.8060128920634732e-12,0.0,0.0,0.0,0.0,0.0,13.709222823025135,3.098432830135728e-12,4.934285220215442e-12
guided-luma,173,30.0,24,False,5.0,100.0,49.390111268192214,19.92545689015087,27.83683735335038,49.80455293196358,14.78315318129888,16.92605459713195,3.262604848866492,7.053241631411566,47.92731275563998,25.277454307175706,17.345431039739946,5.019994254763744,15.902619181499862,9.598961356610689,4.5496980039119155,6.9024838022519885,6.422015123428812,2.1507360844509074,1.9729558680445436,13.632298750431953,8.587556222016543,4.736138799586419,2.3668829891499292e-07,1.188070105321486e-12,1.892013505747281e-12,0.0,0.0,0.0,0.0,0.0,4.690577872937387,2.0251194962590865e-12,3.225023018854186e-12
guided-luma,173,30.0,24,True,1.0,0.0,49.390111268192214,19.92545689015087,27.83683735335038,49.80455293196358,14.78315318129888,16.92605459713195,3.262604848866492,7.053241631411566,47.927311759065276,25.277455476186333,17.34543147411593,2.113035896412729,19.238283229482555,26.058406773736355,1.105775994438759,13.836862946875158,16.181170169422078,3.1548912356176166,0.7593939280273033,1.3833090038217495,38.7233173300591,15.642543248512721,1.1799460129237975,1.1340669188502135e-12,1.8060128920634732e-12,0.0,0.0,0.0,0.0,0.0,0.0049426382548450965,17.552317737293205,0.0025079067501089167
guided-luma,173,30.0,24,True,1.0,50.0,49.390111268192214,19.92545689015087,27.83683735335038,49.80455293196358,14.78315318129888,16.92605459713195,3.262604848866492,7.053241631411566,47.927311759065276,25.277455476186333,17.34543147411593,2.2246066286804353,19.299229471344894,26.18843137259515,1.7359731839112713,13.881154404770792,16.157411142141648,3.1576151143503335,1.083071742046038,1.7338681608712263,38.79703863508537,15.654524815213032,0.4278901781811843,1.1340669188502135e-12,1.8060128920634732e-12,0.0,0.0,0.0,0.0,0.0,0.0049426382548450965,17.552317737293205,0.0025079067501089167
guided-luma,173,30.0,24,True,1.0,100.0,49.390111268192214,19.92545689015087,27.83683735335038,49.80455293196358,14.78315318129888,16.92605459713195,3.262604848866492,7.053241631411566,47.927311759065276,25.277455476186333,17.34543147411593,4.987806004184463,19.599273842613044,26.599406601691754,4.40376945147431,14.207071374147343,16.209477781101953,3.18346338032537,1.9795236594226238,3.732903235164661,39.24406845517369,15.826281436973527,2.3668829891499292e-07,1.188070105321486e-12,1.892013505747281e-12,0.0,0.0,0.0,0.0,0.0,0.0049426382548450965,17.552317737293205,0.0025079067501089167
guided-luma,173,30.0,24,True,5.0,0.0,49.390111268192214,19.92545689015087,27.83683735335038,49.80455293196358,14.78315318129888,16.92605459713195,3.262604848866492,7.053241631411566,47.927311759065276,25.277455476186333,17.34543147411593,2.2950617989599906,15.51455849773455,9.320586779740136,1.302962240377026,6.801313772853812,6.409475196756974,2.1384669239101113,0.7731088777134407,1.6745748139689385,28.632980580471006,4.614132148185685,1.1799460129237975,1.1340669188502135e-12,1.8060128920634732e-12,0.0,0.0,0.0,0.0,0.0,0.004903224502883028,20.687477935985424,0.0024914884208437874
guided-luma,173,30.0,24,True,5.0,50.0,49.390111268192214,19.92545689015087,27.83683735335038,49.80455293196358,14.78315318129888,16.92605459713195,3.262604848866492,7.053241631411566,47.927311759065276,25.277455476186333,17.34543147411593,2.370901753582336,15.568793416390543,9.35655870516595,1.92891627359519,6.806235064418125,6.398157224429543,2.138473949671628,1.0883592775793676,2.0150448773291663,28.669554133161032,4.60863237544465,0.4278901781811843,1.1340669188502135e-12,1.8060128920634732e-12,0.0,0.0,0.0,0.0,0.0,0.004903224502883028,20.687477935985424,0.0024914884208437874
guided-luma,173,30.0,24,True,5.0,100.0,49.390111268192214,19.92545689015087,27.83683735335038,49.80455293196358,14.78315318129888,16.92605459713195,3.262604848866492,7.053241631411566,47.927311759065276,25.277455476186333,17.34543147411593,5.019994254763744,15.902619181499862,9.598961356610689,4.5496980039119155,6.9024838022519885,6.422015123428812,2.1507360844509074,1.9729558680445436,3.9391810216948664,28.894285950940514,4.64273024762792,2.3668829891499292e-07,1.188070105321486e-12,1.892013505747281e-12,0.0,0.0,0.0,0.0,0.0,0.004903224502883028,20.687477935985424,0.0024914884208437874
guided-luma,173,128.0,8,False,1.0,0.0,49.390107479649394,18.97210197026172,37.77859274030057,49.80458659637223,14.551779275187306,17.907394461650107,3.9249847148472536,7.053243983128126,47.927331737332594,16.02271770501789,15.403960004329777,1.6845335065413947,10.317659979583446,29.495278058002118,0.6283214278217143,8.15064105326571,9.539581699090407,2.8448177834865263,0.763096909070255,14.9000898633962,12.382370260252683,10.91710470709098,1.0922279007245814,8.640509857906383e-13,1.3760098225245552e-12,2.3283064365386963e-10,0.0,0.0,0.0,0.0,14.283204672035515,5.832344142272682e-12,9.288066283226633e-12
guided-luma,173,128.0,8,False,1.0,50.0,49.390107479649394,18.97210197026172,37.77859274030057,49.80458659637223,14.551779275187306,17.907394461650107,3.9249847148472536,7.053243983128126,47.927331737332594,16.02271770501789,15.403960004329777,1.7983550269344288,10.328232164501044,29.525419886223524,1.1937709129855443,8.152204804223809,9.538646611889233,2.8448358210415554,1.0657327764175761,13.818881389241973,12.377017618673232,10.92405149041461,0.37051010371206483,2.1601274588508256e-13,3.4400245473522914e-13,2.3283064365386963e-10,0.0,0.0,0.0,0.0,13.614708843263214,7.128420631647598e-12,1.1352081034035748e-11
guided-luma,173,128.0,8,False,1.0,100.0,49.390107479649394,18.97210197026172,37.77859274030057,49.80458659637223,14.551779275187306,17.907394461650107,3.9249847148472536,7.053243983128126,47.927331737332594,16.02271770501789,15.403960004329777,4.622394987772826,10.37016422929831,29.657823539125296,3.8363886446928745,8.173317127188197,9.559252735658053,2.848027799798027,1.9454372447158772,12.636761558169582,12.397753652647495,11.005385866695947,1.8304754948095507e-07,3.662896326824399e-31,5.833198974928008e-31,2.3283064365386963e-10,0.0,0.0,0.0,0.0,4.618032970563351,7.128420624334099e-12,1.1352081022388909e-11
guided-luma,173,128.0,8,False,5.0,0.0,49.390107479649394,18.97210197026172,37.77859274030057,49.80458659637223,14.551779275187306,17.907394461650107,3.9249847148472536,7.053243983128126,47.927331737332594,16.02271770501789,15.403960004329777,1.7047666227913698,0.7678471321356749,2.948146583989592,0.6455053918060368,0.7093626904754676,1.0932742532498598,0.819842775179363,0.7650837438195692,14.946116841052046,0.8520647468361963,1.128546210908595,1.0922279007245814,8.640509857906383e-13,1.3760098225245552e-12,2.3283064365386963e-10,0.0,0.0,0.0,0.0,14.283204901332983,5.616331396950176e-12,8.944063829387315e-12
guided-luma,173,128.0,8,False,5.0,50.0,49.390107479649394,18.97210197026172,37.77859274030057,49.80458659637223,14.551779275187306,17.907394461650107,3.9249847148472536,7.053243983128126,47.927331737332594,16.02271770501789,15.403960004329777,1.8074783329454136,0.7693775806391239,2.949416663263154,1.2104623078656969,0.7087626283472669,1.093237873200807,0.8197121873157913,1.0661656720762385,13.864567206943807,0.851479276786911,1.1286582498136477,0.37051010371206483,2.1601274588508256e-13,3.4400245473522914e-13,2.3283064365386963e-10,0.0,0.0,0.0,0.0,13.614708512124716,6.69639513875228e-12,1.0664076122773474e-11
guided-luma,173,128.0,8,False,5.0,100.0,49.390107479649394,18.97210197026172,37.77859274030057,49.80458659637223,14.551779275187306,17.907394461650107,3.9249847148472536,7.053243983128126,47.927331737332594,16.02271770501789,15.403960004329777,4.58225124659895,0.7758400110669343,2.9607342315610174,3.844228629280289,0.7093625708982717,1.095258057069429,0.820286312294329,1.9435988692153958,12.659813583940746,0.8538038440163165,1.1339086047784421,1.8304754948095507e-07,3.662896326824399e-31,5.833198974928008e-31,2.3283064365386963e-10,0.0,0.0,0.0,0.0,4.618033139028951,6.912407878449018e-12,1.1008078567653682e-11
guided-luma,173,128.0,8,True,1.0,0.0,49.390107479649394,18.97210197026172,37.77859274030057,49.80458659637223,14.551779275187306,17.907394461650107,3.9249847148472536,7.053243983128126,47.92733838917744,16.022720678106005,15.40396031091164,1.6845335065413947,10.317659979583446,29.495278058002118,0.6283214278217143,8.15064105326571,9.539581699090407,2.8448177834865263,0.763096909070255,0.7962549203260315,27.855044837958754,11.155694429995595,1.0922279007245814,8.640509857906383e-13,1.3760098225245552e-12,2.3283064365386963e-10,0.0,0.0,0.0,0.0,0.0004867609927731272,17.349060765118054,0.000246873901266475
guided-luma,173,128.0,8,True,1.0,50.0,49.390107479649394,18.97210197026172,37.77859274030057,49.80458659637223,14.551779275187306,17.907394461650107,3.9249847148472536,7.053243983128126,47.92733838917744,16.022720678106005,15.40396031091164,1.7983550269344288,10.328232164501044,29.525419886223524,1.1937709129855443,8.152204804223809,9.538646611889233,2.8448358210415554,1.0657327764175761,1.1108881099912618,27.85974384553886,11.157296541231055,0.37051010371206483,2.1601274588508256e-13,3.4400245473522914e-13,2.3283064365386963e-10,0.0,0.0,0.0,0.0,0.0004867609927731272,17.349060765118054,0.000246873901266475
guided-luma,173,128.0,8,True,1.0,100.0,49.390107479649394,18.97210197026172,37.77859274030057,49.80458659637223,14.551779275187306,17.907394461650107,3.9249847148472536,7.053243983128126,47.92733838917744,16.022720678106005,15.40396031091164,4.622394987772826,10.37016422929831,29.657823539125296,3.8363886446928745,8.173317127188197,9.559252735658053,2.848027799798027,1.9454372447158772,3.083093499224209,27.864175325328926,11.181562558085039,1.8304754948095507e-07,3.662896326824399e-31,5.833198974928008e-31,2.3283064365386963e-10,0.0,0.0,0.0,0.0,0.0004867609927731272,17.349060765118054,0.000246873901266475
guided-luma,173,128.0,8,True,5.0,0.0,49.390107479649394,18.97210197026172,37.77859274030057,49.80458659637223,14.551779275187306,17.907394461650107,3.9249847148472536,7.053243983128126,47.92733838917744,16.022720678106005,15.40396031091164,1.7047666227913698,0.7678471321356749,2.948146583989592,0.6455053918060368,0.7093626904754676,1.0932742532498598,0.819842775179363,0.7650837438195692,0.819603356449681,21.624264108876183,1.1287355997977642,1.0922279007245814,8.640509857906383e-13,1.3760098225245552e-12,2.3283064365386963e-10,0.0,0.0,0.0,0.0,0.0004823211164026844,20.551554425312077,0.0002450893721478999
guided-luma,173,128.0,8,True,5.0,50.0,49.390107479649394,18.97210197026172,37.77859274030057,49.80458659637223,14.551779275187306,17.907394461650107,3.9249847148472536,7.053243983128126,47.92733838917744,16.022720678106005,15.40396031091164,1.8074783329454136,0.7693775806391239,2.949416663263154,1.2104623078656969,0.7087626283472669,1.093237873200807,0.8197121873157913,1.0661656720762385,1.1341297976824687,21.623080155783338,1.1288468288955036,0.37051010371206483,2.1601274588508256e-13,3.4400245473522914e-13,2.3283064365386963e-10,0.0,0.0,0.0,0.0,0.0004823211164026844,20.551554425312077,0.0002450893721478999
guided-luma,173,128.0,8,True,5.0,100.0,49.390107479649394,18.97210197026172,37.77859274030057,49.80458659637223,14.551779275187306,17.907394461650107,3.9249847148472536,7.053243983128126,47.92733838917744,16.022720678106005,15.40396031091164,4.58225124659895,0.7758400110669343,2.9607342315610174,3.844228629280289,0.7093625708982717,1.095258057069429,0.820286312294329,1.9435988692153958,3.0985411926356967,21.62544138861203,1.1307487917609267,1.8304754948095507e-07,3.662896326824399e-31,5.833198974928008e-31,2.3283064365386963e-10,0.0,0.0,0.0,0.0,0.0004823211164026844,20.551554425312077,0.0002450893721478999
guided-luma,173,128.0,24,False,1.0,0.0,49.390107120597186,19.925460028557584,27.836840329587826,49.8045883685691,14.783156926440721,16.92606190764426,3.2626053572845444,7.053244118044325,47.92733045707531,25.277460647846667,17.34543715960024,1.6856846602857898,19.727052681070592,26.320598359467674,0.6151410563903015,14.317266253567142,16.635725323235828,3.206281216183326,0.7611830656027797,14.884341880056821,23.853825685885216,16.12249294398591,1.0922279007245814,8.640509857906383e-13,1.3760098225245552e-12,2.3283064365386963e-10,0.0,0.0,0.0,0.0,14.283204672035515,5.832344142272682e-12,9.288066283226633e-12
guided-luma,173,128.0,24,False,1.0,50.0,49.390107120597186,19.925460028557584,27.836840329587826,49.8045883685691,14.783156926440721,16.92606190764426,3.2626053572845444,7.053244118044325,47.92733045707531,25.277460647846667,17.34543715960024,1.8452461517653593,19.737679152175318,26.343136574052796,1.2260217721186997,14.321107258771777,16.621544980137998,3.2060745047589267,1.0861187544991358,13.80323369126341,23.863133968710866,16.135106224595123,0.37051010371206483,2.1601274588508256e-13,3.4400245473522914e-13,2.3283064365386963e-10,0.0,0.0,0.0,0.0,13.614708843263214,7.128420631647598e-12,1.1352081034035748e-11
guided-luma,173,128.0,24,False,1.0,100.0,49.390107120597186,19.925460028557584,27.836840329587826,49.8045883685691,14.783156926440721,16.92606190764426,3.2626053572845444,7.053244118044325,47.92733045707531,25.277460647846667,17.34543715960024,4.8014714660512325,19.790243816878366,26.41069061095472,3.999232141216632,14.367402940447699,16.611726249142297,3.208754334843567,1.9901229533522296,12.755070198827099,23.95493836622764,16.227868987886758,1.8304754948095507e-07,3.662896326824399e-31,5.833198974928008e-31,2.3283064365386963e-10,0.0,0.0,0.0,0.0,4.618032970563351,7.128420624334099e-12,1.1352081022388909e-11
guided-luma,173,128.0,24,False,5.0,0.0,49.390107120597186,19.925460028557584,27.836840329587826,49.8045883685691,14.783156926440721,16.92606190764426,3.2626053572845444,7.053244118044325,47.92733045707531,25.277460647846667,17.34543715960024,1.6756193813648927,15.671032458363326,9.480177993061137,0.634650395060702,7.183216535274076,6.429642528031692,2.2100091868801317,0.7639697692147216,14.924631079797038,8.809754704645634,4.74667336004735,1.0922279007245814,8.640509857906383e-13,1.3760098225245552e-12,2.3283064365386963e-10,0.0,0.0,0.0,0.0,14.283204901332983,5.616331396950176e-12,8.944063829387315e-12
guided-luma,173,128.0,24,False,5.0,50.0,49.390107120597186,19.925460028557584,27.836840329587826,49.8045883685691,14.783156926440721,16.92606190764426,3.2626053572845444,7.053244118044325,47.92733045707531,25.277460647846667,17.34543715960024,1.8296621778346993,15.679345159118755,9.485577882530288,1.246856732401098,7.182050715533295,6.424056051402534,2.2095587003619626,1.0877993444250171,13.842053830553365,8.815825517953906,4.748692995054673,0.37051010371206483,2.1601274588508256e-13,3.4400245473522914e-13,2.3283064365386963e-10,0.0,0.0,0.0,0.0,13.614708512124716,6.69639513875228e-12,1.0664076122773474e-11
guided-luma,173,128.0,24,False,5.0,100.0,49.390107120597186,19.925460028557584,27.836840329587826,49.8045883685691,14.783156926440721,16.92606190764426,3.2626053572845444,7.053244118044325,47.92733045707531,25.277460647846667,17.34543715960024,4.770255811519731,15.730626587120263,9.515174394156851,4.016925371410467,7.1970930948022245,6.422114546509242,2.2109759292151594,1.990595334636296,12.767565887890106,8.858713091418025,4.767100422679853,1.8304754948095507e-07,3.662896326824399e-31,5.833198974928008e-31,2.3283064365386963e-10,0.0,0.0,0.0,0.0,4.618033139028951,6.912407878449018e-12,1.1008078567653682e-11
guided-luma,173,128.0,24,True,1.0,0.0,49.390107120597186,19.925460028557584,27.836840329587826,49.8045883685691,14.783156926440721,16.92606190764426,3.2626053572845444,7.053244118044325,47.927338236740184,25.277460927248185,17.345438321471672,1.6856846602857898,19.727052681070592,26.320598359467674,0.6151410563903015,14.317266253567142,16.635725323235828,3.206281216183326,0.7611830656027797,0.7817597796087856,40.49661404654862,16.161309178346073,1.0922279007245814,8.640509857906383e-13,1.3760098225245552e-12,2.3283064365386963e-10,0.0,0.0,0.0,0.0,0.0004867609927731272,17.349060765118054,0.000246873901266475
guided-luma,173,128.0,24,True,1.0,50.0,49.390107120597186,19.925460028557584,27.836840329587826,49.8045883685691,14.783156926440721,16.92606190764426,3.2626053572845444,7.053244118044325,47.927338236740184,25.277460927248185,17.345438321471672,1.8452461517653593,19.737679152175318,26.343136574052796,1.2260217721186997,14.321107258771777,16.621544980137998,3.2060745047589267,1.0861187544991358,1.1229140466340939,40.51052282999168,16.161399782697657,0.37051010371206483,2.1601274588508256e-13,3.4400245473522914e-13,2.3283064365386963e-10,0.0,0.0,0.0,0.0,0.0004867609927731272,17.349060765118054,0.000246873901266475
guided-luma,173,128.0,24,True,1.0,100.0,49.390107120597186,19.925460028557584,27.836840329587826,49.8045883685691,14.783156926440721,16.92606190764426,3.2626053572845444,7.053244118044325,47.927338236740184,25.277460927248185,17.345438321471672,4.8014714660512325,19.790243816878366,26.41069061095472,3.999232141216632,14.367402940447699,16.611726249142297,3.208754334843567,1.9901229533522296,3.1671128233133214,40.58840833356825,16.186410606320976,1.8304754948095507e-07,3.662896326824399e-31,5.833198974928008e-31,2.3283064365386963e-10,0.0,0.0,0.0,0.0,0.0004867609927731272,17.349060765118054,0.000246873901266475
guided-luma,173,128.0,24,True,5.0,0.0,49.390107120597186,19.925460028557584,27.836840329587826,49.8045883685691,14.783156926440721,16.92606190764426,3.2626053572845444,7.053244118044325,47.927338236740184,25.277460927248185,17.345438321471672,1.6756193813648927,15.671032458363326,9.480177993061137,0.634650395060702,7.183216535274076,6.429642528031692,2.2100091868801317,0.7639697692147216,0.8148678684842818,29.437264841978582,4.843275736973609,1.0922279007245814,8.640509857906383e-13,1.3760098225245552e-12,2.3283064365386963e-10,0.0,0.0,0.0,0.0,0.0004823211164026844,20.551554425312077,0.0002450893721478999
guided-luma,173,128.0,24,True,5.0,50.0,49.390107120597186,19.925460028557584,27.836840329587826,49.8045883685691,14.783156926440721,16.92606190764426,3.2626053572845444,7.053244118044325,47.927338236740184,25.277460927248185,17.345438321471672,1.8296621778346993,15.679345159118755,9.485577882530288,1.246856732401098,7.182050715533295,6.424056051402534,2.2095587003619626,1.0877993444250171,1.155207629489001,29.446987092702486,4.8405887998638075,0.37051010371206483,2.1601274588508256e-13,3.4400245473522914e-13,2.3283064365386963e-10,0.0,0.0,0.0,0.0,0.0004823211164026844,20.551554425312077,0.0002450893721478999
guided-luma,173,128.0,24,True,5.0,100.0,49.390107120597186,19.925460028557584,27.836840329587826,49.8045883685691,14.783156926440721,16.92606190764426,3.2626053572845444,7.053244118044325,47.927338236740184,25.277460927248185,17.345438321471672,4.770255811519731,15.730626587120263,9.515174394156851,4.016925371410467,7.1970930948022245,6.422114546509242,2.2109759292151594,1.990595334636296,3.190294340073301,29.503579245516942,4.843905095727978,1.8304754948095507e-07,3.662896326824399e-31,5.833198974928008e-31,2.3283064365386963e-10,0.0,0.0,0.0,0.0,0.0004823211164026844,20.551554425312077,0.0002450893721478999
guided-luma,173,200.0,8,False,1.0,0.0,49.39011119866146,18.972102197786842,37.77858903164826,49.80456681598697,14.551784602836667,17.907374845867583,3.92498455596441,7.053242289528267,47.92732269303946,16.022721076142407,15.40395786512914,1.688275217468783,10.347311248683969,29.581916693747115,0.5957548259480608,8.183267981161917,9.568747738714313,2.8502322331317984,0.7618221792882228,14.822282901550869,12.421966881993065,10.95810499351818,1.086927746395397,2.1601274701023666e-13,3.440024565270483e-13,3.843361142221591e-10,3.801824327577501e-11,6.054443203339985e-11,7.323762205672396e-13,0.0,14.277385418509077,2.462545307365551e-11,3.921627990790513e-11
guided-luma,173,200.0,8,False,1.0,50.0,49.39011119866146,18.972102197786842,37.77858903164826,49.80456681598697,14.551784602836667,17.907374845867583,3.92498455596441,7.053242289528267,47.92732269303946,16.022721076142407,15.40395786512914,1.8055612127545564,10.35408187034742,29.59916835847564,1.1562572954843338,8.184080710240861,9.567863308522472,2.850204052480711,1.0646720834595154,13.739536301328359,12.417366619969615,10.96116951024568,0.3671713565722294,2.5640274287770578e-28,4.083239282449635e-28,3.843361142221591e-10,3.801824327577501e-11,6.054443203339985e-11,7.323762205672396e-13,0.0,13.609054745441785,2.484146581166452e-11,3.956028235009759e-11
guided-luma,173,200.0,8,False,1.0,100.0,49.39011119866146,18.972102197786842,37.77858903164826,49.80456681598697,14.551784602836667,17.907374845867583,3.92498455596441,7.053242289528267,47.92732269303946,16.022721076142407,15.40395786512914,4.651959752305062,10.379001020351623,29.67329147488596,3.806321334497353,8.196585178233732,9.57960802108729,2.8520366957426444,1.9457820634827387,12.583141487002955,12.423118677543709,11.005281332606728,1.8157989757708602e-07,4.320254928953192e-13,6.880049112622774e-13,3.843361142221591e-10,3.801824327577501e-11,6.054443203339985e-11,7.323762205672396e-13,0.0,4.613747437125444,2.2033300127535136e-11,3.5088250458249674e-11
guided-luma,173,200.0,8,False,5.0,0.0,49.39011119866146,18.972102197786842,37.77858903164826,49.80456681598697,14.551784602836667,17.907374845867583,3.92498455596441,7.053242289528267,47.92732269303946,16.022721076142407,15.40395786512914,1.6874484451797636,0.7968630880870837,2.9300596049435454,0.6032955683325673,0.6611674928002621,1.110802519223224,0.8188869361330428,0.7631500810336836,14.845967795570363,0.887220324129375,1.1535534205309466,1.086927746395397,2.1601274701023666e-13,3.440024565270483e-13,3.843361142221591e-10,3.801824327577501e-11,6.054443203339985e-11,7.323762205672396e-13,0.0,14.27738396044456,2.332937660059531e-11,3.71522651830774e-11
guided-luma,173,200.0,8,False,5.0,50.0,49.39011119866146,18.972102197786842,37.77858903164826,49.80456681598697,14.551784602836667,17.907374845867583,3.92498455596441,7.053242289528267,47.92732269303946,16.022721076142407,15.40395786512914,1.7984185660058807,0.7978012362424524,2.930771451437002,1.163659032675211,0.6607679397575241,1.1107464303615493,0.8187870806259253,1.0650418728269406,13.763299747362687,0.8867709926969077,1.1534912100931147,0.3671713565722294,2.5640274287770578e-28,4.083239282449635e-28,3.843361142221591e-10,3.801824327577501e-11,6.054443203339985e-11,7.323762205672396e-13,0.0,13.609055155700384,2.311336384008323e-11,3.6808262705048486e-11
guided-luma,173,200.0,8,False,5.0,100.0,49.39011119866146,18.972102197786842,37.77858903164826,49.80456681598697,14.551784602836667,17.907374845867583,3.92498455596441,7.053242289528267,47.92732269303946,16.022721076142407,15.40395786512914,4.618041778858391,0.8016119422490927,2.937248778732942,3.808830664891951,0.6610143527716108,1.1118936680570826,0.8190789230727178,1.9448130091767377,12.594758807346832,0.8876851197620756,1.1560124970352548,1.8157989757708602e-07,4.320254928953192e-13,6.880049112622774e-13,3.843361142221591e-10,3.801824327577501e-11,6.054443203339985e-11,7.323762205672396e-13,0.0,4.61374768682047,2.116924914286964e-11,3.3712240637516945e-11
guided-luma,173,200.0,8,True,1.0,0.0,49.39011119866146,18.972102197786842,37.77858903164826,49.80456681598697,14.551784602836667,17.907374845867583,3.92498455596441,7.053242289528267,47.92732726391216,16.022706721572796,15.403960725793683,1.688275217468783,10.347311248683969,29.581916693747115,0.5957548259480608,8.183267981161917,9.568747738714313,2.8502322331317984,0.7618221792882228,0.7528459094469613,27.98467583529716,11.192809945944093,1.086927746395397,2.1601274701023666e-13,3.440024565270483e-13,3.843361142221591e-10,3.801824327577501e-11,6.054443203339985e-11,7.323762205672396e-13,0.0,0.00021432887141653535,17.33661979705552,0.00010901148235162081
guided-luma,173,200.0,8,True,1.0,50.0,49.39011119866146,18.972102197786842,37.77858903164826,49.80456681598697,14.551784602836667,17.907374845867583,3.92498455596441,7.053242289528267,47.92732726391216,16.022706721572796,15.403960725793683,1.8055612127545564,10.35408187034742,29.59916835847564,1.1562572954843338,8.184080710240861,9.567863308522472,2.850204052480711,1.0646720834595154,1.066002737888013,27.987550448596423,11.193645889424767,0.3671713565722294,2.5640274287770578e-28,4.083239282449635e-28,3.843361142221591e-10,3.801824327577501e-11,6.054443203339985e-11,7.323762205672396e-13,0.0,0.00021432887141653535,17.33661979705552,0.00010901148235162081
guided-luma,173,200.0,8,True,1.0,100.0,49.39011119866146,18.972102197786842,37.77858903164826,49.80456681598697,14.551784602836667,17.907374845867583,3.92498455596441,7.053242289528267,47.92732726391216,16.022706721572796,15.403960725793683,4.651959752305062,10.379001020351623,29.67329147488596,3.806321334497353,8.196585178233732,9.57960802108729,2.8520366957426444,1.9457820634827387,3.043349172415829,27.989269947414567,11.20771579428454,1.8157989757708602e-07,4.320254928953192e-13,6.880049112622774e-13,3.843361142221591e-10,3.801824327577501e-11,6.054443203339985e-11,7.323762205672396e-13,0.0,0.00021432887141653535,17.33661979705552,0.00010901148235162081
guided-luma,173,200.0,8,True,5.0,0.0,49.39011119866146,18.972102197786842,37.77858903164826,49.80456681598697,14.551784602836667,17.907374845867583,3.92498455596441,7.053242289528267,47.92732726391216,16.022706721572796,15.403960725793683,1.6874484451797636,0.7968630880870837,2.9300596049435454,0.6032955683325673,0.6611674928002621,1.110802519223224,0.8188869361330428,0.7631500810336836,0.7627284824261754,21.683298955502295,1.15162025335961,1.086927746395397,2.1601274701023666e-13,3.440024565270483e-13,3.843361142221591e-10,3.801824327577501e-11,6.054443203339985e-11,7.323762205672396e-13,0.0,0.00021233809702855553,20.54328708467806,0.00010819058607360307
guided-luma,173,200.0,8,True,5.0,50.0,49.39011119866146,18.972102197786842,37.77858903164826,49.80456681598697,14.551784602836667,17.907374845867583,3.92498455596441,7.053242289528267,47.92732726391216,16.022706721572796,15.403960725793683,1.7984185660058807,0.7978012362424524,2.930771451437002,1.163659032675211,0.6607679397575241,1.1107464303615493,0.8187870806259253,1.0650418728269406,1.0759968438414116,21.68239477791289,1.1516817785352897,0.3671713565722294,2.5640274287770578e-28,4.083239282449635e-28,3.843361142221591e-10,3.801824327577501e-11,6.054443203339985e-11,7.323762205672396e-13,0.0,0.00021233809702855553,20.54328708467806,0.00010819058607360307
guided-luma,173,200.0,8,True,5.0,100.0,49.39011119866146,18.972102197786842,37.77858903164826,49.80456681598697,14.551784602836667,17.907374845867583,3.92498455596441,7.053242289528267,47.92732726391216,16.022706721572796,15.403960725793683,4.618041778858391,0.8016119422490927,2.937248778732942,3.808830664891951,0.6610143527716108,1.1118936680570826,0.8190789230727178,1.9448130091767377,3.049352055144419,21.68361516728949,1.1528022034544785,1.8157989757708602e-07,4.320254928953192e-13,6.880049112622774e-13,3.843361142221591e-10,3.801824327577501e-11,6.054443203339985e-11,7.323762205672396e-13,0.0,0.00021233809702855553,20.54328708467806,0.00010819058607360307
guided-luma,173,200.0,24,False,1.0,0.0,49.390119883178194,19.9254611176075,27.83684471973094,49.804566752505686,14.78315397567342,16.92610657078737,3.262604942833645,7.05324227914038,47.92731729155301,25.277461596158386,17.345431559033926,1.6913585389798274,19.76362633907374,26.382646443695194,0.5898706438767504,14.344221216781113,16.664450155281727,3.2093095207728495,0.7605336443965437,14.817483503851715,23.92256218473687,16.171026500379615,1.086927746395397,2.1601274701023666e-13,3.440024565270483e-13,3.843361142221591e-10,3.801824327577501e-11,6.054443203339985e-11,7.323762205672396e-13,0.0,14.277385418509077,2.462545307365551e-11,3.921627990790513e-11
guided-luma,173,200.0,24,False,1.0,50.0,49.390119883178194,19.9254611176075,27.83684471973094,49.804566752505686,14.78315397567342,16.92610657078737,3.262604942833645,7.05324227914038,47.92731729155301,25.277461596158386,17.345431559033926,1.853812964734912,19.76965814239401,26.39552307137916,1.1961736263896419,14.346015862827144,16.654234203116264,3.209081189674265,1.0854816507884721,13.733584925098441,23.925264130213847,16.176191125808906,0.3671713565722294,2.5640274287770578e-28,4.083239282449635e-28,3.843361142221591e-10,3.801824327577501e-11,6.054443203339985e-11,7.323762205672396e-13,0.0,13.609054745441785,2.484146581166452e-11,3.956028235009759e-11
guided-luma,173,200.0,24,False,1.0,100.0,49.390119883178194,19.9254611176075,27.83684471973094,49.804566752505686,14.78315397567342,16.92610657078737,3.262604942833645,7.05324227914038,47.92731729155301,25.277461596158386,17.345431559033926,4.827251052748151,19.79947284821255,26.429759977289997,3.9766433892465116,14.372437079152952,16.644523618009387,3.2104007887152473,1.990516874889623,12.70144874825874,23.96397914150986,16.216914686845953,1.8157989757708602e-07,4.320254928953192e-13,6.880049112622774e-13,3.843361142221591e-10,3.801824327577501e-11,6.054443203339985e-11,7.323762205672396e-13,0.0,4.613747437125444,2.2033300127535136e-11,3.5088250458249674e-11
guided-luma,173,200.0,24,False,5.0,0.0,49.390119883178194,19.9254611176075,27.83684471973094,49.804566752505686,14.78315397567342,16.92610657078737,3.262604942833645,7.05324227914038,47.92731729155301,25.277461596158386,17.345431559033926,1.6781118890238025,15.651862152690363,9.488667122669106,0.5982827277140106,7.215888440279128,6.4110170885752344,2.2160958548660923,0.7622179715359509,14.835633301109482,8.883628553238765,4.7707696488193445,1.086927746395397,2.1601274701023666e-13,3.440024565270483e-13,3.843361142221591e-10,3.801824327577501e-11,6.054443203339985e-11,7.323762205672396e-13,0.0,14.27738396044456,2.332937660059531e-11,3.71522651830774e-11
guided-luma,173,200.0,24,False,5.0,50.0,49.390119883178194,19.9254611176075,27.83684471973094,49.804566752505686,14.78315397567342,16.92610657078737,3.262604942833645,7.05324227914038,47.92731729155301,25.277461596158386,17.345431559033926,1.8374924279052116,15.656354477915636,9.491764854647231,1.2057627719875579,7.214834935800609,6.407092347235073,2.2157505467538745,1.0866023513251646,13.751213536521549,8.886385061120214,4.7712812451655005,0.3671713565722294,2.5640274287770578e-28,4.083239282449635e-28,3.843361142221591e-10,3.801824327577501e-11,6.054443203339985e-11,7.323762205672396e-13,0.0,13.609055155700384,2.311336384008323e-11,3.6808262705048486e-11
guided-luma,173,200.0,24,False,5.0,100.0,49.390119883178194,19.9254611176075,27.83684471973094,49.804566752505686,14.78315397567342,16.92610657078737,3.262604942833645,7.05324227914038,47.92731729155301,25.277461596158386,17.345431559033926,4.803536777047991,15.685017020814497,9.507757221803168,3.9854554733112333,7.223183170710473,6.404713324828169,2.2164332428768954,1.9910983965844127,12.706858597254145,8.90651896343775,4.7778109120117485,1.8157989757708602e-07,4.320254928953192e-13,6.880049112622774e-13,3.843361142221591e-10,3.801824327577501e-11,6.054443203339985e-11,7.323762205672396e-13,0.0,4.61374768682047,2.116924914286964e-11,3.3712240637516945e-11
guided-luma,173,200.0,24,True,1.0,0.0,49.390119883178194,19.9254611176075,27.83684471973094,49.804566752505686,14.78315397567342,16.92610657078737,3.262604942833645,7.05324227914038,47.92731961470529,25.277443979302404,17.3454290146255,1.6913585389798274,19.76362633907374,26.382646443695194,0.5898706438767504,14.344221216781113,16.664450155281727,3.2093095207728495,0.7605336443965437,0.745732727539669,40.69718793871267,16.19255404301794,1.086927746395397,2.1601274701023666e-13,3.440024565270483e-13,3.843361142221591e-10,3.801824327577501e-11,6.054443203339985e-11,7.323762205672396e-13,0.0,0.00021432887141653535,17.33661979705552,0.00010901148235162081
guided-luma,173,200.0,24,True,1.0,50.0,49.390119883178194,19.9254611176075,27.83684471973094,49.804566752505686,14.78315397567342,16.92610657078737,3.262604942833645,7.05324227914038,47.92731961470529,25.277443979302404,17.3454290146255,1.853812964734912,19.76965814239401,26.39552307137916,1.1961736263896419,14.346015862827144,16.654234203116264,3.209081189674265,1.0854816507884721,1.0846078036283935,40.70556599713335,16.1922283866041,0.3671713565722294,2.5640274287770578e-28,4.083239282449635e-28,3.843361142221591e-10,3.801824327577501e-11,6.054443203339985e-11,7.323762205672396e-13,0.0,0.00021432887141653535,17.33661979705552,0.00010901148235162081
guided-luma,173,200.0,24,True,1.0,100.0,49.390119883178194,19.9254611176075,27.83684471973094,49.804566752505686,14.78315397567342,16.92610657078737,3.262604942833645,7.05324227914038,47.92731961470529,25.277443979302404,17.3454290146255,4.827251052748151,19.79947284821255,26.429759977289997,3.9766433892465116,14.372437079152952,16.644523618009387,3.2104007887152473,1.990516874889623,3.1293947671284834,40.751896232504684,16.20590298177471,1.8157989757708602e-07,4.320254928953192e-13,6.880049112622774e-13,3.843361142221591e-10,3.801824327577501e-11,6.054443203339985e-11,7.323762205672396e-13,0.0,0.00021432887141653535,17.33661979705552,0.00010901148235162081
guided-luma,173,200.0,24,True,5.0,0.0,49.390119883178194,19.9254611176075,27.83684471973094,49.804566752505686,14.78315397567342,16.92610657078737,3.262604942833645,7.05324227914038,47.92731961470529,25.277443979302404,17.3454290146255,1.6781118890238025,15.651862152690363,9.488667122669106,0.5982827277140106,7.215888440279128,6.4110170885752344,2.2160958548660923,0.7622179715359509,0.7612470073403504,29.55257250742056,4.863680621145193,1.086927746395397,2.1601274701023666e-13,3.440024565270483e-13,3.843361142221591e-10,3.801824327577501e-11,6.054443203339985e-11,7.323762205672396e-13,0.0,0.00021233809702855553,20.54328708467806,0.00010819058607360307
guided-luma,173,200.0,24,True,5.0,50.0,49.390119883178194,19.9254611176075,27.83684471973094,49.804566752505686,14.78315397567342,16.92610657078737,3.262604942833645,7.05324227914038,47.92731961470529,25.277443979302404,17.3454290146255,1.8374924279052116,15.656354477915636,9.491764854647231,1.2057627719875579,7.214834935800609,6.407092347235073,2.2157505467538745,1.0866023513251646,1.0998542752752247,29.558770375483586,4.861783832965856,0.3671713565722294,2.5640274287770578e-28,4.083239282449635e-28,3.843361142221591e-10,3.801824327577501e-11,6.054443203339985e-11,7.323762205672396e-13,0.0,0.00021233809702855553,20.54328708467806,0.00010819058607360307
guided-luma,173,200.0,24,True,5.0,100.0,49.390119883178194,19.9254611176075,27.83684471973094,49.804566752505686,14.78315397567342,16.92610657078737,3.262604942833645,7.05324227914038,47.92731961470529,25.277443979302404,17.3454290146255,4.803536777047991,15.685017020814497,9.507757221803168,3.9854554733112333,7.223183170710473,6.404713324828169,2.2164332428768954,1.9910983965844127,3.1401808157656754,29.594617079722386,4.8630876332564785,1.8157989757708602e-07,4.320254928953192e-13,6.880049112622774e-13,3.843361142221591e-10,3.801824327577501e-11,6.054443203339985e-11,7.323762205672396e-13,0.0,0.00021233809702855553,20.54328708467806,0.00010819058607360307
guided-luma,619,30.0,8,False,1.0,0.0,48.63958139587995,36.27952397064297,18.881037336768014,46.11418262668779,23.152382194529654,29.351827529166513,4.692645834850585,6.7859643348495755,48.69222891552255,22.04362654096309,12.352590649448803,3.3461083898524473,24.62545904773059,11.636071889303327,1.5371876430215363,16.632355565361358,18.150949990498084,3.6947458115779725,0.7038882605409632,16.154653493058767,14.741549424915874,7.5153355608222405,1.1799460129237975,1.1340669188502135e-12,1.8060128920634732e-12,0.0,0.0,0.0,0.0,0.0,14.378940610071185,2.524648972770906e-12,4.020528698061142e-12
guided-luma,619,30.0,8,False,1.0,50.0,48.63958139587995,36.27952397064297,18.881037336768014,46.11418262668779,23.152382194529654,29.351827529166513,4.692645834850585,6.7859643348495755,48.69222891552255,22.04362654096309,12.352590649448803,3.0647342202097714,24.605891875925987,11.662631888576986,1.8759088924386176,16.65311607013775,18.195814624775174,3.6982441946197375,0.9494968718160439,15.063294941509708,14.83094182497957,7.56279747187683,0.4278901781811843,1.1340669188502135e-12,1.8060128920634732e-12,0.0,0.0,0.0,0.0,0.0,13.709223338173638,2.8182913000347247e-12,4.48815703628273e-12
guided-luma,619,30.0,8,False,1.0,100.0,48.63958139587995,36.27952397064297,18.881037336768014,46.11418262668779,23.152382194529654,29.351827529166513,4.692645834850585,6.7859643348495755,48.69222891552255,22.04362654096309,12.352590649448803,4.7694316592714525,24.606394300491353,11.837275599428285,4.317066361307887,16.720064897709598,18.29712857339217,3.7072676468323618,1.8490737318127137,12.845868901004208,15.44604356699461,7.908091467989185,2.3668829891499292e-07,1.188070105321486e-12,1.892013505747281e-12,0.0,0.0,0.0,0.0,0.0,4.690577889467763,2.227631445877963e-12,3.5475253207284063e-12
guided-luma,619,30.0,8,False,5.0,0.0,48.63958139587995,36.27952397064297,18.881037336768014,46.11418262668779,23.152382194529654,29.351827529166513,4.692645834850585,6.7859643348495755,48.69222891552255,22.04362654096309,12.352590649448803,3.8111505171948106,2.924987584567182,1.534405755166721,2.0569554296828563,5.62508306980638,1.0404805162900572,1.16546284326304,0.776261135208019,16.398576837012577,2.6129118017364448,0.8226556886800968,1.1799460129237975,1.1340669188502135e-12,1.8060128920634732e-12,0.0,0.0,0.0,0.0,0.0,14.378940586171892,2.551650565901057e-12,4.063529004735064e-12
guided-luma,619,30.0,8,False,5.0,50.0,48.63958139587995,36.27952397064297,18.881037336768014,46.11418262668779,23.152382194529654,29.351827529166513,4.692645834850585,6.7859643348495755,48.69222891552255,22.04362654096309,12.352590649448803,3.52624560657338,2.9250991927669547,1.5366799107645734,2.3805506658036806,5.638966495480636,1.0444474147296579,1.167271628444886,1.002374639158566,15.298775622083411,2.6367794543165943,0.8283198433929833,0.4278901781811843,1.1340669188502135e-12,1.8060128920634732e-12,0.0,0.0,0.0,0.0,0.0,13.709222823025135,3.098432830135728e-12,4.934285220215442e-12
guided-luma,619,30.0,8,False,5.0,100.0,48.63958139587995,36.27952397064297,18.881037336768014,46.11418262668779,23.152382194529654,29.351827529166513,4.692645834850585,6.7859643348495755,48.69222891552255,22.04362654096309,12.352590649448803,5.1635289475918675,2.9391016552745057,1.5448384586395678,4.7658292310955055,5.686637012555143,1.0558560673590487,1.174682630555606,1.8649840232790735,12.966081466667106,2.762199583537094,0.866239831609509,2.3668829891499292e-07,1.188070105321486e-12,1.892013505747281e-12,0.0,0.0,0.0,0.0,0.0,4.690577872937387,2.0251194962590865e-12,3.225023018854186e-12
guided-luma,619,30.0,8,True,1.0,0.0,48.63958139587995,36.27952397064297,18.881037336768014,46.11418262668779,23.152382194529654,29.351827529166513,4.692645834850585,6.7859643348495755,48.692227641744985,22.04362660879397,12.352591868625664,3.3461083898524473,24.62545904773059,11.636071889303327,1.5371876430215363,16.632355565361358,18.150949990498084,3.6947458115779725,0.7038882605409632,1.3652155143525422,31.025143571936006,7.9606820591914165,1.1799460129237975,1.1340669188502135e-12,1.8060128920634732e-12,0.0,0.0,0.0,0.0,0.0,0.0049426382548450965,17.552317737293205,0.0025079067501089167
guided-luma,619,30.0,8,True,1.0,50.0,48.63958139587995,36.27952397064297,18.881037336768014,46.11418262668779,23.152382194529654,29.351827529166513,4.692645834850585,6.7859643348495755,48.692227641744985,22.04362660879397,12.352591868625664,3.0647342202097714,24.605891875925987,11.662631888576986,1.8759088924386176,16.65311607013775,18.195814624775174,3.6982441946197375,0.9494968718160439,1.639912191126386,31.046481538671667,7.961000816819456,0.4278901781811843,1.1340669188502135e-12,1.8060128920634732e-12,0.0,0.0,0.0,0.0,0.0,0.0049426382548450965,17.552317737293205,0.0025079067501089167
guided-luma,619,30.0,8,True,1.0,100.0,48.63958139587995,36.27952397064297,18.881037336768014,46.11418262668779,23.152382194529654,29.351827529166513,4.692645834850585,6.7859643348495755,48.692227641744985,22.04362660879397,12.352591868625664,4.7694316592714525,24.606394300491353,11.837275599428285,4.317066361307887,16.720064897709598,18.29712857339217,3.7072676468323618,1.8490737318127137,3.121855612980097,31.21419608064474,8.014117242901369,2.3668829891499292e-07,1.188070105321486e-12,1.892013505747281e-12,0.0,0.0,0.0,0.0,0.0,0.0049426382548450965,17.552317737293205,0.0025079067501089167
guided-luma,619,30.0,8,True,5.0,0.0,48.63958139587995,36.27952397064297,18.881037336768014,46.11418262668779,23.152382194529654,29.351827529166513,4.692645834850585,6.7859643348495755,48.692227641744985,22.04362660879397,12.352591868625664,3.8111505171948106,2.924987584567182,1.534405755166721,2.0569554296828563,5.62508306980638,1.0404805162900572,1.16546284326304,0.776261135208019,1.5852859102850572,24.389632342563925,0.8731749873833022,1.1799460129237975,1.1340669188502135e-12,1.8060128920634732e-12,0.0,0.0,0.0,0.0,0.0,0.004903224502883028,20.687477935985424,0.0024914884208437874
guided-luma,619,30.0,8,True,5.0,50.0,48.63958139587995,36.27952397064297,18.881037336768014,46.11418262668779,23.152382194529654,29.351827529166513,4.692645834850585,6.7859643348495755,48.692227641744985,22.04362660879397,12.352591868625664,3.52624560657338,2.9250991927669547,1.5366799107645734,2.3805506658036806,5.638966495480636,1.0444474147296579,1.167271628444886,1.002374639158566,1.8555322691925167,24.39439963338232,0.8744154280663412,0.4278901781811843,1.1340669188502135e-12,1.8060128920634732e-12,0.0,0.0,0.0,0.0,0.0,0.004903224502883028,20.687477935985424,0.0024914884208437874
guided-luma,619,30.0,8,True,5.0,100.0,48.63958139587995,36.27952397064297,18.881037336768014,46.11418262668779,23.152382194529654,29.351827529166513,4.692645834850585,6.7859643348495755,48.692227641744985,22.04362660879397,12.352591868625664,5.1635289475918675,2.9391016552745057,1.5448384586395678,4.7658292310955055,5.686637012555143,1.0558560673590487,1.174682630555606,1.8649840232790735,3.2942521771324627,24.460503894307877,0.8788898577475521,2.3668829891499292e-07,1.188070105321486e-12,1.892013505747281e-12,0.0,0.0,0.0,0.0,0.0,0.004903224502883028,20.687477935985424,0.0024914884208437874
guided-luma,619,30.0,24,False,1.0,0.0,48.63958370298776,22.261675613039966,19.619518854013254,46.11418320308093,11.752368816998482,16.171882084073395,3.7272601863001196,6.785964374235135,48.692226190022076,24.730024978592958,19.505676229962685,3.1929550455167184,21.322471379087315,18.66402094997399,1.3894727180495248,10.774728908637528,15.066628046134968,3.583471712491143,0.7131052082817475,15.958425211231678,22.352172990788763,17.691944903404135,1.1799460129237975,1.1340669188502135e-12,1.8060128920634732e-12,0.0,0.0,0.0,0.0,0.0,14.378940610071185,2.524648972770906e-12,4.020528698061142e-12
guided-luma,619,30.0,24,False,1.0,50.0,48.63958370298776,22.261675613039966,19.619518854013254,46.11418320308093,11.752368816998482,16.171882084073395,3.7272601863001196,6.785964374235135,48.692226190022076,24.730024978592958,19.505676229962685,2.9456012452128992,21.317704401913847,18.665112403005516,1.7612086116011971,10.789896044614808,15.093049771795558,3.586416699895207,0.9718406936212463,14.857127193222892,22.388197032888645,17.74742849826928,0.4278901781811843,1.1340669188502135e-12,1.8060128920634732e-12,0.0,0.0,0.0,0.0,0.0,13.709223338173638,2.8182913000347247e-12,4.48815703628273e-12
guided-luma,619,30.0,24,False,1.0,100.0,48.63958370298776,22.261675613039966,19.619518854013254,46.11418320308093,11.752368816998482,16.171882084073395,3.7272601863001196,6.785964374235135,48.692226190022076,24.730024978592958,19.505676229962685,4.834794147169272,21.432107171265926,18.839296960919526,4.2974352580080675,10.84348899953586,15.170669965410205,3.5958261796173074,1.885342809350817,12.813595363278836,23.249726620064898,18.15622899881015,2.3668829891499292e-07,1.188070105321486e-12,1.892013505747281e-12,0.0,0.0,0.0,0.0,0.0,4.690577889467763,2.227631445877963e-12,3.5475253207284063e-12
guided-luma,619,30.0,24,False,5.0,0.0,48.63958370298776,22.261675613039966,19.619518854013254,46.11418320308093,11.752368816998482,16.171882084073395,3.7272601863001196,6.785964374235135,48.692226190022076,24.730024978592958,19.505676229962685,3.4882314814989543,11.900012526372196,10.151040726288471,1.676528030258006,3.336961679197537,5.566508707809936,1.9717242209622245,0.7546305915988839,16.340871203289737,8.28098658672447,5.778673445015457,1.1799460129237975,1.1340669188502135e-12,1.8060128920634732e-12,0.0,0.0,0.0,0.0,0.0,14.378940586171892,2.551650565901057e-12,4.063529004735064e-12
guided-luma,619,30.0,24,False,5.0,50.0,48.63958370298776,22.261675613039966,19.619518854013254,46.11418320308093,11.752368816998482,16.171882084073395,3.7272601863001196,6.785964374235135,48.692226190022076,24.730024978592958,19.505676229962685,3.2400555119153087,11.88389207127496,10.147717545617478,2.037742739681641,3.34450781630132,5.580922133382924,1.9739935332496858,1.0011309944096456,15.241178218824688,8.309390656385517,5.796398086137994,0.4278901781811843,1.1340669188502135e-12,1.8060128920634732e-12,0.0,0.0,0.0,0.0,0.0,13.709222823025135,3.098432830135728e-12,4.934285220215442e-12
guided-luma,619,30.0,24,False,5.0,100.0,48.63958370298776,22.261675613039966,19.619518854013254,46.11418320308093,11.752368816998482,16.171882084073395,3.7272601863001196,6.785964374235135,48.692226190022076,24.730024978592958,19.505676229962685,5.107582388437254,11.915264305134516,10.32595266802808,4.5244111061167045,3.3744811809084476,5.613093415852111,1.981091015098775,1.8896343276527374,13.116957886027738,8.60084561677827,5.931689366785033,2.3668829891499292e-07,1.188070105321486e-12,1.892013505747281e-12,0.0,0.0,0.0,0.0,0.0,4.690577872937387,2.0251194962590865e-12,3.225023018854186e-12
guided-luma,619,30.0,24,True,1.0,0.0,48.63958370298776,22.261675613039966,19.619518854013254,46.11418320308093,11.752368816998482,16.171882084073395,3.7272601863001196,6.785964374235135,48.692226538268756,24.730025416572474,19.50567211381149,3.1929550455167184,21.322471379087315,18.66402094997399,1.3894727180495248,10.774728908637528,15.066628046134968,3.583471712491143,0.7131052082817475,1.268150101303163,36.87260430805363,17.68495556016757,1.1799460129237975,1.1340669188502135e-12,1.8060128920634732e-12,0.0,0.0,0.0,0.0,0.0,0.0049426382548450965,17.552317737293205,0.0025079067501089167
guided-luma,619,30.0,24,True,1.0,50.0,48.63958370298776,22.261675613039966,19.619518854013254,46.11418320308093,11.752368816998482,16.171882084073395,3.7272601863001196,6.785964374235135,48.692226538268756,24.730025416572474,19.50567211381149,2.9456012452128992,21.317704401913847,18.665112403005516,1.7612086116011971,10.789896044614808,15.093049771795558,3.586416699895207,0.9718406936212463,1.5620646733761825,36.941804606912676,17.68525671655482,0.4278901781811843,1.1340669188502135e-12,1.8060128920634732e-12,0.0,0.0,0.0,0.0,0.0,0.0049426382548450965,17.552317737293205,0.0025079067501089167
guided-luma,619,30.0,24,True,1.0,100.0,48.63958370298776,22.261675613039966,19.619518854013254,46.11418320308093,11.752368816998482,16.171882084073395,3.7272601863001196,6.785964374235135,48.692226538268756,24.730025416572474,19.50567211381149,4.834794147169272,21.432107171265926,18.839296960919526,4.2974352580080675,10.84348899953586,15.170669965410205,3.5958261796173074,1.885342809350817,3.1140942587790437,37.125725856177674,17.776612932513245,2.3668829891499292e-07,1.188070105321486e-12,1.892013505747281e-12,0.0,0.0,0.0,0.0,0.0,0.0049426382548450965,17.552317737293205,0.0025079067501089167
guided-luma,619,30.0,24,True,5.0,0.0,48.63958370298776,22.261675613039966,19.619518854013254,46.11418320308093,11.752368816998482,16.171882084073395,3.7272601863001196,6.785964374235135,48.692226538268756,24.730025416572474,19.50567211381149,3.4882314814989543,11.900012526372196,10.151040726288471,1.676528030258006,3.336961679197537,5.566508707809936,1.9717242209622245,0.7546305915988839,1.552706013257601,28.302325711174948,5.757433583146891,1.1799460129237975,1.1340669188502135e-12,1.8060128920634732e-12,0.0,0.0,0.0,0.0,0.0,0.004903224502883028,20.687477935985424,0.0024914884208437874
guided-luma,619,30.0,24,True,5.0,50.0,48.63958370298776,22.261675613039966,19.619518854013254,46.11418320308093,11.752368816998482,16.171882084073395,3.7272601863001196,6.785964374235135,48.692226538268756,24.730025416572474,19.50567211381149,3.2400555119153087,11.88389207127496,10.147717545617478,2.037742739681641,3.34450781630132,5.580922133382924,1.9739935332496858,1.0011309944096456,1.8415290538906093,28.329134832952175,5.754333863193471,0.4278901781811843,1.1340669188502135e-12,1.8060128920634732e-12,0.0,0.0,0.0,0.0,0.0,0.004903224502883028,20.687477935985424,0.0024914884208437874
guided-luma,619,30.0,24,True,5.0,100.0,48.63958370298776,22.261675613039966,19.619518854013254,46.11418320308093,11.752368816998482,16.171882084073395,3.7272601863001196,6.785964374235135,48.692226538268756,24.730025416572474,19.50567211381149,5.107582388437254,11.915264305134516,10.32595266802808,4.5244111061167045,3.3744811809084476,5.613093415852111,1.981091015098775,1.8896343276527374,3.3538464294720676,28.39847247709936,5.775397151763938,2.3668829891499292e-07,1.188070105321486e-12,1.892013505747281e-12,0.0,0.0,0.0,0.0,0.0,0.004903224502883028,20.687477935985424,0.0024914884208437874
guided-luma,619,128.0,8,False,1.0,0.0,48.63957866687553,36.27952480368328,18.88103774660425,46.11421140871787,23.15239220055702,29.351834925194748,4.692646576621781,6.7859664795482475,48.69224478024911,22.043630757809233,12.352595488102905,2.291650983807628,24.646760338216627,11.941612617632153,0.7059427096823131,16.768948197386084,18.699543074398566,3.76045109186836,0.7067491638536374,14.946370902791799,15.189035370204472,7.947919923833473,1.0922279007245814,8.640509857906383e-13,1.3760098225245552e-12,2.3283064365386963e-10,0.0,0.0,0.0,0.0,14.283204672035515,5.832344142272682e-12,9.288066283226633e-12
guided-luma,619,128.0,8,False,1.0,50.0,48.63957866687553,36.27952480368328,18.88103774660425,46.11421140871787,23.15239220055702,29.351834925194748,4.692646576621781,6.7859664795482475,48.69224478024911,22.043630757809233,12.352595488102905,2.0557959980096605,24.643152598824113,11.942729368213827,1.0967436714222538,16.773799643757496,18.71034051834947,3.761227521032546,0.9581546683411098,13.997258409946472,15.205350472950908,7.953671880369363,0.37051010371206483,2.1601274588508256e-13,3.4400245473522914e-13,2.3283064365386963e-10,0.0,0.0,0.0,0.0,13.614708843263214,7.128420631647598e-12,1.1352081034035748e-11
guided-luma,619,128.0,8,False,1.0,100.0,48.63957866687553,36.27952480368328,18.88103774660425,46.11421140871787,23.15239220055702,29.351834925194748,4.692646576621781,6.7859664795482475,48.69224478024911,22.043630757809233,12.352595488102905,3.9648364292777285,24.63814598559206,11.954509376815242,3.5917117897965016,16.77351229694724,18.707510855564315,3.7606847326215114,1.8495113099817548,12.19497821041883,15.288196788406088,7.975654763068796,1.8304754948095507e-07,3.662896326824399e-31,5.833198974928008e-31,2.3283064365386963e-10,0.0,0.0,0.0,0.0,4.618032970563351,7.128420624334099e-12,1.1352081022388909e-11
guided-luma,619,128.0,8,False,5.0,0.0,48.63957866687553,36.27952480368328,18.88103774660425,46.11421140871787,23.15239220055702,29.351834925194748,4.692646576621781,6.7859664795482475,48.69224478024911,22.043630757809233,12.352595488102905,2.356779464686422,2.257309066331689,1.4391433950451895,0.7925086269398837,4.992964139230384,0.9600306710092389,1.1945905570294162,0.7256511371278285,14.968455153643907,2.245867865156153,1.0053406295390241,1.0922279007245814,8.640509857906383e-13,1.3760098225245552e-12,2.3283064365386963e-10,0.0,0.0,0.0,0.0,14.283204901332983,5.616331396950176e-12,8.944063829387315e-12
guided-luma,619,128.0,8,False,5.0,50.0,48.63957866687553,36.27952480368328,18.88103774660425,46.11421140871787,23.15239220055702,29.351834925194748,4.692646576621781,6.7859664795482475,48.69224478024911,22.043630757809233,12.352595488102905,2.1212633481631222,2.2572088975694276,1.4399249286076017,1.1800790187352463,4.996435460536963,0.9609617191872551,1.1950468524651447,0.972497533211981,14.017392641379354,2.249648283998329,1.0067600544224113,0.37051010371206483,2.1601274588508256e-13,3.4400245473522914e-13,2.3283064365386963e-10,0.0,0.0,0.0,0.0,13.614708512124716,6.69639513875228e-12,1.0664076122773474e-11
guided-luma,619,128.0,8,False,5.0,100.0,48.63957866687553,36.27952480368328,18.88103774660425,46.11421140871787,23.15239220055702,29.351834925194748,4.692646576621781,6.7859664795482475,48.69224478024911,22.043630757809233,12.352595488102905,4.023964822190012,2.258008407441617,1.4399771110317305,3.674836104439272,5.003780681496873,0.9616118477160844,1.1960333488760098,1.857236396196197,12.203223037733748,2.263654932895575,1.0116792797961618,1.8304754948095507e-07,3.662896326824399e-31,5.833198974928008e-31,2.3283064365386963e-10,0.0,0.0,0.0,0.0,4.618033139028951,6.912407878449018e-12,1.1008078567653682e-11
guided-luma,619,128.0,8,True,1.0,0.0,48.63957866687553,36.27952480368328,18.88103774660425,46.11421140871787,23.15239220055702,29.351834925194748,4.692646576621781,6.7859664795482475,48.692258194844825,22.04362992427788,12.35259700433235,2.291650983807628,24.646760338216627,11.941612617632153,0.7059427096823131,16.768948197386084,18.699543074398566,3.76045109186836,0.7067491638536374,0.6730093602257701,30.644871764239145,8.304946757577204,1.0922279007245814,8.640509857906383e-13,1.3760098225245552e-12,2.3283064365386963e-10,0.0,0.0,0.0,0.0,0.0004867609927731272,17.349060765118054,0.000246873901266475
guided-luma,619,128.0,8,True,1.0,50.0,48.63957866687553,36.27952480368328,18.88103774660425,46.11421140871787,23.15239220055702,29.351834925194748,4.692646576621781,6.7859664795482475,48.692258194844825,22.04362992427788,12.35259700433235,2.0557959980096605,24.643152598824113,11.942729368213827,1.0967436714222538,16.773799643757496,18.71034051834947,3.761227521032546,0.9581546683411098,0.9526385633711979,30.64972836148973,8.303215422409586,0.37051010371206483,2.1601274588508256e-13,3.4400245473522914e-13,2.3283064365386963e-10,0.0,0.0,0.0,0.0,0.0004867609927731272,17.349060765118054,0.000246873901266475
guided-luma,619,128.0,8,True,1.0,100.0,48.63957866687553,36.27952480368328,18.88103774660425,46.11421140871787,23.15239220055702,29.351834925194748,4.692646576621781,6.7859664795482475,48.692258194844825,22.04362992427788,12.35259700433235,3.9648364292777285,24.63814598559206,11.954509376815242,3.5917117897965016,16.77351229694724,18.707510855564315,3.7606847326215114,1.8495113099817548,2.500245837532579,30.688424670032354,8.308775293910688,1.8304754948095507e-07,3.662896326824399e-31,5.833198974928008e-31,2.3283064365386963e-10,0.0,0.0,0.0,0.0,0.0004867609927731272,17.349060765118054,0.000246873901266475
guided-luma,619,128.0,8,True,5.0,0.0,48.63957866687553,36.27952480368328,18.88103774660425,46.11421140871787,23.15239220055702,29.351834925194748,4.692646576621781,6.7859664795482475,48.692258194844825,22.04362992427788,12.35259700433235,2.356779464686422,2.257309066331689,1.4391433950451895,0.7925086269398837,4.992964139230384,0.9600306710092389,1.1945905570294162,0.7256511371278285,0.6925603255575933,23.20309947769456,1.0385445609507054,1.0922279007245814,8.640509857906383e-13,1.3760098225245552e-12,2.3283064365386963e-10,0.0,0.0,0.0,0.0,0.0004823211164026844,20.551554425312077,0.0002450893721478999
guided-luma,619,128.0,8,True,5.0,50.0,48.63957866687553,36.27952480368328,18.88103774660425,46.11421140871787,23.15239220055702,29.351834925194748,4.692646576621781,6.7859664795482475,48.692258194844825,22.04362992427788,12.35259700433235,2.1212633481631222,2.2572088975694276,1.4399249286076017,1.1800790187352463,4.996435460536963,0.9609617191872551,1.1950468524651447,0.972497533211981,0.9719832382788602,23.20483534571447,1.0388687812421638,0.37051010371206483,2.1601274588508256e-13,3.4400245473522914e-13,2.3283064365386963e-10,0.0,0.0,0.0,0.0,0.0004823211164026844,20.551554425312077,0.0002450893721478999
guided-luma,619,128.0,8,True,5.0,100.0,48.63957866687553,36.27952480368328,18.88103774660425,46.11421140871787,23.15239220055702,29.351834925194748,4.692646576621781,6.7859664795482475,48.692258194844825,22.04362992427788,12.35259700433235,4.023964822190012,2.258008407441617,1.4399771110317305,3.674836104439272,5.003780681496873,0.9616118477160844,1.1960333488760098,1.857236396196197,2.51304172570508,23.22291700258805,1.0393828599518957,1.8304754948095507e-07,3.662896326824399e-31,5.833198974928008e-31,2.3283064365386963e-10,0.0,0.0,0.0,0.0,0.0004823211164026844,20.551554425312077,0.0002450893721478999
guided-luma,619,128.0,24,False,1.0,0.0,48.63957809089443,22.261678844623507,19.619523050040563,46.11421285145345,11.752371896819712,16.17188728566376,3.7272607256015626,6.7859665906145406,48.692237465763306,24.730030070987606,19.505683643425726,2.2706129774600874,21.636775865890115,19.07784666273092,0.686343540062893,11.089276726304888,15.5887841209772,3.6420364476631346,0.7093522227285717,14.930053829835373,23.318026533097168,18.295382091442615,1.0922279007245814,8.640509857906383e-13,1.3760098225245552e-12,2.3283064365386963e-10,0.0,0.0,0.0,0.0,14.283204672035515,5.832344142272682e-12,9.288066283226633e-12
guided-luma,619,128.0,24,False,1.0,50.0,48.63957809089443,22.261678844623507,19.619523050040563,46.11421285145345,11.752371896819712,16.17188728566376,3.7272607256015626,6.7859665906145406,48.692237465763306,24.730030070987606,19.505683643425726,2.0792248058520597,21.624239097204608,19.063263246408923,1.1043240056304966,11.090102584527862,15.590647913182943,3.642226851165628,0.9736073488958977,13.96399397673409,23.300456346861267,18.299265927260947,0.37051010371206483,2.1601274588508256e-13,3.4400245473522914e-13,2.3283064365386963e-10,0.0,0.0,0.0,0.0,13.614708843263214,7.128420631647598e-12,1.1352081034035748e-11
guided-luma,619,128.0,24,False,1.0,100.0,48.63957809089443,22.261678844623507,19.619523050040563,46.11421285145345,11.752371896819712,16.17188728566376,3.7272607256015626,6.7859665906145406,48.692237465763306,24.730030070987606,19.505683643425726,4.150009830343071,21.63353206951829,19.049845023620627,3.678634374941892,11.074626030465549,15.566314783633153,3.6395188234917586,1.8786883204259586,12.305012518326102,23.32928902078233,18.328838842348635,1.8304754948095507e-07,3.662896326824399e-31,5.833198974928008e-31,2.3283064365386963e-10,0.0,0.0,0.0,0.0,4.618032970563351,7.128420624334099e-12,1.1352081022388909e-11
guided-luma,619,128.0,24,False,5.0,0.0,48.63957809089443,22.261678844623507,19.619523050040563,46.11421285145345,11.752371896819712,16.17188728566376,3.7272607256015626,6.7859665906145406,48.692237465763306,24.730030070987606,19.505683643425726,2.3449631956978862,11.932297039435602,9.782304059846666,0.7356378505688724,3.3715427958807016,5.810457297789528,2.0322349779331943,0.7203333535501848,14.974459429610489,9.240293423966474,5.842609869330402,1.0922279007245814,8.640509857906383e-13,1.3760098225245552e-12,2.3283064365386963e-10,0.0,0.0,0.0,0.0,14.283204901332983,5.616331396950176e-12,8.944063829387315e-12
guided-luma,619,128.0,24,False,5.0,50.0,48.63957809089443,22.261678844623507,19.619523050040563,46.11421285145345,11.752371896819712,16.17188728566376,3.7272607256015626,6.7859665906145406,48.692237465763306,24.730030070987606,19.505683643425726,2.15510096183513,11.923869328833606,9.770739849700732,1.1532451547382363,3.37319828777819,5.814170079506627,2.0327370670836222,0.9826913138086911,14.009681876202391,9.238336529767782,5.84348449618121,0.37051010371206483,2.1601274588508256e-13,3.4400245473522914e-13,2.3283064365386963e-10,0.0,0.0,0.0,0.0,13.614708512124716,6.69639513875228e-12,1.0664076122773474e-11
guided-luma,619,128.0,24,False,5.0,100.0,48.63957809089443,22.261678844623507,19.619523050040563,46.11421285145345,11.752371896819712,16.17188728566376,3.7272607256015626,6.7859665906145406,48.692237465763306,24.730030070987606,19.505683643425726,4.226441130847138,11.922960072792396,9.770323507521134,3.7319860989971474,3.3743338074310456,5.814262805318433,2.0326497914687307,1.8847951483468752,12.343035726564631,9.246255251669735,5.849870370859505,1.8304754948095507e-07,3.662896326824399e-31,5.833198974928008e-31,2.3283064365386963e-10,0.0,0.0,0.0,0.0,4.618033139028951,6.912407878449018e-12,1.1008078567653682e-11
guided-luma,619,128.0,24,True,1.0,0.0,48.63957809089443,22.261678844623507,19.619523050040563,46.11421285145345,11.752371896819712,16.17188728566376,3.7272607256015626,6.7859665906145406,48.69225547181065,24.730034556147796,19.50567880402096,2.2706129774600874,21.636775865890115,19.07784666273092,0.686343540062893,11.089276726304888,15.5887841209772,3.6420364476631346,0.7093522227285717,0.6637149854769502,39.13423780769151,18.269382267221687,1.0922279007245814,8.640509857906383e-13,1.3760098225245552e-12,2.3283064365386963e-10,0.0,0.0,0.0,0.0,0.0004867609927731272,17.349060765118054,0.000246873901266475
guided-luma,619,128.0,24,True,1.0,50.0,48.63957809089443,22.261678844623507,19.619523050040563,46.11421285145345,11.752371896819712,16.17188728566376,3.7272607256015626,6.7859665906145406,48.69225547181065,24.730034556147796,19.50567880402096,2.0792248058520597,21.624239097204608,19.063263246408923,1.1043240056304966,11.090102584527862,15.590647913182943,3.642226851165628,0.9736073488958977,0.95866204930583,39.14738888013698,18.266914429162274,0.37051010371206483,2.1601274588508256e-13,3.4400245473522914e-13,2.3283064365386963e-10,0.0,0.0,0.0,0.0,0.0004867609927731272,17.349060765118054,0.000246873901266475
guided-luma,619,128.0,24,True,1.0,100.0,48.63957809089443,22.261678844623507,19.619523050040563,46.11421285145345,11.752371896819712,16.17188728566376,3.7272607256015626,6.7859665906145406,48.69225547181065,24.730034556147796,19.50567880402096,4.150009830343071,21.63353206951829,19.049845023620627,3.678634374941892,11.074626030465549,15.566314783633153,3.6395188234917586,1.8786883204259586,2.5569156994317424,39.15694292205827,18.280005056835297,1.8304754948095507e-07,3.662896326824399e-31,5.833198974928008e-31,2.3283064365386963e-10,0.0,0.0,0.0,0.0,0.0004867609927731272,17.349060765118054,0.000246873901266475
guided-luma,619,128.0,24,True,5.0,0.0,48.63957809089443,22.261678844623507,19.619523050040563,46.11421285145345,11.752371896819712,16.17188728566376,3.7272607256015626,6.7859665906145406,48.69225547181065,24.730034556147796,19.50567880402096,2.3449631956978862,11.932297039435602,9.782304059846666,0.7356378505688724,3.3715427958807016,5.810457297789528,2.0322349779331943,0.7203333535501848,0.6950470550579049,29.761598377275718,5.8838707152432645,1.0922279007245814,8.640509857906383e-13,1.3760098225245552e-12,2.3283064365386963e-10,0.0,0.0,0.0,0.0,0.0004823211164026844,20.551554425312077,0.0002450893721478999
guided-luma,619,128.0,24,True,5.0,50.0,48.63957809089443,22.261678844623507,19.619523050040563,46.11421285145345,11.752371896819712,16.17188728566376,3.7272607256015626,6.7859665906145406,48.69225547181065,24.730034556147796,19.50567880402096,2.15510096183513,11.923869328833606,9.770739849700732,1.1532451547382363,3.37319828777819,5.814170079506627,2.0327370670836222,0.9826913138086911,0.9898807190586554,29.769101125596464,5.882356496101982,0.37051010371206483,2.1601274588508256e-13,3.4400245473522914e-13,2.3283064365386963e-10,0.0,0.0,0.0,0.0,0.0004823211164026844,20.551554425312077,0.0002450893721478999
guided-luma,619,128.0,24,True,5.0,100.0,48.63957809089443,22.261678844623507,19.619523050040563,46.11421285145345,11.752371896819712,16.17188728566376,3.7272607256015626,6.7859665906145406,48.69225547181065,24.730034556147796,19.50567880402096,4.226441130847138,11.922960072792396,9.770323507521134,3.7319860989971474,3.3743338074310456,5.814262805318433,2.0326497914687307,1.8847951483468752,2.585194995320909,29.77880777681534,5.8844477514093585,1.8304754948095507e-07,3.662896326824399e-31,5.833198974928008e-31,2.3283064365386963e-10,0.0,0.0,0.0,0.0,0.0004823211164026844,20.551554425312077,0.0002450893721478999
guided-luma,619,200.0,8,False,1.0,0.0,48.639583831112596,36.279524390517125,18.88104136799179,46.11418779800966,23.152421956829112,29.35183515828411,4.6926460767714095,6.785965092377486,48.692234200925895,22.043626265824326,12.352590898159281,2.202108582447617,24.699667667847503,11.971230665326113,0.6343255853359826,16.746481604081605,18.72425441361648,3.7648948327895537,0.7066450975791747,14.871154226520908,15.201158068480408,7.984061520944544,1.086927746395397,2.1601274701023666e-13,3.440024565270483e-13,3.843361142221591e-10,3.801824327577501e-11,6.054443203339985e-11,7.323762205672396e-13,0.0,14.277385418509077,2.462545307365551e-11,3.921627990790513e-11
guided-luma,619,200.0,8,False,1.0,50.0,48.639583831112596,36.279524390517125,18.88104136799179,46.11418779800966,23.152421956829112,29.35183515828411,4.6926460767714095,6.785965092377486,48.692234200925895,22.043626265824326,12.352590898159281,1.969242745661781,24.697125525508074,11.971312726712098,1.0319569200144547,16.749448089785627,18.731065757111036,3.7653736198177454,0.9586529049318192,13.937643019443112,15.210437143014275,7.986913606160914,0.3671713565722294,2.5640274287770578e-28,4.083239282449635e-28,3.843361142221591e-10,3.801824327577501e-11,6.054443203339985e-11,7.323762205672396e-13,0.0,13.609054745441785,2.484146581166452e-11,3.956028235009759e-11
guided-luma,619,200.0,8,False,1.0,100.0,48.639583831112596,36.279524390517125,18.88104136799179,46.11418779800966,23.152421956829112,29.35183515828411,4.6926460767714095,6.785965092377486,48.692234200925895,22.043626265824326,12.352590898159281,3.8944802587295295,24.69047437754355,11.975685358469962,3.5282234132456356,16.746369164124857,18.725867965266158,3.764652877203266,1.8488770089278477,12.164830184633004,15.25395228792039,7.994166020598892,1.8157989757708602e-07,4.320254928953192e-13,6.880049112622774e-13,3.843361142221591e-10,3.801824327577501e-11,6.054443203339985e-11,7.323762205672396e-13,0.0,4.613747437125444,2.2033300127535136e-11,3.5088250458249674e-11
guided-luma,619,200.0,8,False,5.0,0.0,48.639583831112596,36.279524390517125,18.88104136799179,46.11418779800966,23.152421956829112,29.35183515828411,4.6926460767714095,6.785965092377486,48.692234200925895,22.043626265824326,12.352590898159281,2.2376690246629183,2.154767327412784,1.4293671033943605,0.6832312165947375,4.8758833830594295,0.9502498575058752,1.1969417722975317,0.7187067297464348,14.879732358292864,2.1853371335785288,1.0364848289217452,1.086927746395397,2.1601274701023666e-13,3.440024565270483e-13,3.843361142221591e-10,3.801824327577501e-11,6.054443203339985e-11,7.323762205672396e-13,0.0,14.27738396044456,2.332937660059531e-11,3.71522651830774e-11
guided-luma,619,200.0,8,False,5.0,50.0,48.639583831112596,36.279524390517125,18.88104136799179,46.11418779800966,23.152421956829112,29.35183515828411,4.6926460767714095,6.785965092377486,48.692234200925895,22.043626265824326,12.352590898159281,2.0052533140809636,2.1547046398426515,1.4298926040815907,1.0789314534581511,4.878069415430573,0.9508387597865374,1.197229533377343,0.9678978302848193,13.945132825974472,2.1874222845421,1.0373389830982649,0.3671713565722294,2.5640274287770578e-28,4.083239282449635e-28,3.843361142221591e-10,3.801824327577501e-11,6.054443203339985e-11,7.323762205672396e-13,0.0,13.609055155700384,2.311336384008323e-11,3.6808262705048486e-11
guided-luma,619,200.0,8,False,5.0,100.0,48.639583831112596,36.279524390517125,18.88104136799179,46.11418779800966,23.152421956829112,29.35183515828411,4.6926460767714095,6.785965092377486,48.692234200925895,22.043626265824326,12.352590898159281,3.9281505722182777,2.1549561591279827,1.429682993925125,3.57689149512952,4.882065451649659,0.9510268371128398,1.1977288626432732,1.85425040929817,12.166943415329026,2.194234547569852,1.039675175980502,1.8157989757708602e-07,4.320254928953192e-13,6.880049112622774e-13,3.843361142221591e-10,3.801824327577501e-11,6.054443203339985e-11,7.323762205672396e-13,0.0,4.61374768682047,2.116924914286964e-11,3.3712240637516945e-11
guided-luma,619,200.0,8,True,1.0,0.0,48.639583831112596,36.279524390517125,18.88104136799179,46.11418779800966,23.152421956829112,29.35183515828411,4.6926460767714095,6.785965092377486,48.692232734807405,22.043636743981626,12.352586827766105,2.202108582447617,24.699667667847503,11.971230665326113,0.6343255853359826,16.746481604081605,18.72425441361648,3.7648948327895537,0.7066450975791747,0.6310132847091723,30.54328131037841,8.330319817510706,1.086927746395397,2.1601274701023666e-13,3.440024565270483e-13,3.843361142221591e-10,3.801824327577501e-11,6.054443203339985e-11,7.323762205672396e-13,0.0,0.00021432887141653535,17.33661979705552,0.00010901148235162081
guided-luma,619,200.0,8,True,1.0,50.0,48.639583831112596,36.279524390517125,18.88104136799179,46.11418779800966,23.152421956829112,29.35183515828411,4.6926460767714095,6.785965092377486,48.692232734807405,22.043636743981626,12.352586827766105,1.969242745661781,24.697125525508074,11.971312726712098,1.0319569200144547,16.749448089785627,18.731065757111036,3.7653736198177454,0.9586529049318192,0.910592630626242,30.54630296183798,8.329001466059308,0.3671713565722294,2.5640274287770578e-28,4.083239282449635e-28,3.843361142221591e-10,3.801824327577501e-11,6.054443203339985e-11,7.323762205672396e-13,0.0,0.00021432887141653535,17.33661979705552,0.00010901148235162081
guided-luma,619,200.0,8,True,1.0,100.0,48.639583831112596,36.279524390517125,18.88104136799179,46.11418779800966,23.152421956829112,29.35183515828411,4.6926460767714095,6.785965092377486,48.692232734807405,22.043636743981626,12.352586827766105,3.8944802587295295,24.69047437754355,11.975685358469962,3.5282234132456356,16.746369164124857,18.725867965266158,3.764652877203266,1.8488770089278477,2.4613318399520168,30.570468908245548,8.331647754953375,1.8157989757708602e-07,4.320254928953192e-13,6.880049112622774e-13,3.843361142221591e-10,3.801824327577501e-11,6.054443203339985e-11,7.323762205672396e-13,0.0,0.00021432887141653535,17.33661979705552,0.00010901148235162081
guided-luma,619,200.0,8,True,5.0,0.0,48.639583831112596,36.279524390517125,18.88104136799179,46.11418779800966,23.152421956829112,29.35183515828411,4.6926460767714095,6.785965092377486,48.692232734807405,22.043636743981626,12.352586827766105,2.2376690246629183,2.154767327412784,1.4293671033943605,0.6832312165947375,4.8758833830594295,0.9502498575058752,1.1969417722975317,0.7187067297464348,0.6385228464015008,23.034822941436698,1.064514638270299,1.086927746395397,2.1601274701023666e-13,3.440024565270483e-13,3.843361142221591e-10,3.801824327577501e-11,6.054443203339985e-11,7.323762205672396e-13,0.0,0.00021233809702855553,20.54328708467806,0.00010819058607360307
guided-luma,619,200.0,8,True,5.0,50.0,48.639583831112596,36.279524390517125,18.88104136799179,46.11418779800966,23.152421956829112,29.35183515828411,4.6926460767714095,6.785965092377486,48.692232734807405,22.043636743981626,12.352586827766105,2.0052533140809636,2.1547046398426515,1.4298926040815907,1.0789314534581511,4.878069415430573,0.9508387597865374,1.197229533377343,0.9678978302848193,0.9181031926255822,23.035983437185813,1.06472055833817,0.3671713565722294,2.5640274287770578e-28,4.083239282449635e-28,3.843361142221591e-10,3.801824327577501e-11,6.054443203339985e-11,7.323762205672396e-13,0.0,0.00021233809702855553,20.54328708467806,0.00010819058607360307
guided-luma,619,200.0,8,True,5.0,100.0,48.639583831112596,36.279524390517125,18.88104136799179,46.11418779800966,23.152421956829112,29.35183515828411,4.6926460767714095,6.785965092377486,48.692232734807405,22.043636743981626,12.352586827766105,3.9281505722182777,2.1549561591279827,1.429682993925125,3.57689149512952,4.882065451649659,0.9510268371128398,1.1977288626432732,1.85425040929817,2.4653266748030633,23.047638811111494,1.064951853090727,1.8157989757708602e-07,4.320254928953192e-13,6.880049112622774e-13,3.843361142221591e-10,3.801824327577501e-11,6.054443203339985e-11,7.323762205672396e-13,0.0,0.00021233809702855553,20.54328708467806,0.00010819058607360307
guided-luma,619,200.0,24,False,1.0,0.0,48.63958220270526,22.261677928721095,19.619522226493896,46.11419313028868,11.752373532423908,16.171883372065036,3.727260321530399,6.785965464767024,48.692234778285716,24.730030939903816,19.50567356250656,2.191315268691408,21.67331119195966,19.10066433543736,0.624069927423549,11.10698035286177,15.624711754149407,3.645813177925133,0.7083165068045506,14.865788261545543,23.396166479950377,18.330830790364136,1.086927746395397,2.1601274701023666e-13,3.440024565270483e-13,3.843361142221591e-10,3.801824327577501e-11,6.054443203339985e-11,7.323762205672396e-13,0.0,14.277385418509077,2.462545307365551e-11,3.921627990790513e-11
guided-luma,619,200.0,24,False,1.0,50.0,48.63958220270526,22.261677928721095,19.619522226493896,46.11419313028868,11.752373532423908,16.171883372065036,3.727260321530399,6.785965464767024,48.692234778285716,24.730030939903816,19.50567356250656,2.003645692242179,21.663709332758746,19.08898315387563,1.0483204334165437,11.107251250963705,15.625453100437829,3.645885985081292,0.9733327168621776,13.914823549121616,23.382666600361432,18.331694673142973,0.3671713565722294,2.5640274287770578e-28,4.083239282449635e-28,3.843361142221591e-10,3.801824327577501e-11,6.054443203339985e-11,7.323762205672396e-13,0.0,13.609054745441785,2.484146581166452e-11,3.956028235009759e-11
guided-luma,619,200.0,24,False,1.0,100.0,48.63958220270526,22.261677928721095,19.619522226493896,46.11419313028868,11.752373532423908,16.171883372065036,3.727260321530399,6.785965464767024,48.692234778285716,24.730030939903816,19.50567356250656,4.087837232291165,21.66631782723216,19.072280292907486,3.6238772764723772,11.0946690058969,15.605618806775716,3.6436769679728367,1.8776809934450656,12.28267739810115,23.386086404635062,18.34009533285826,1.8157989757708602e-07,4.320254928953192e-13,6.880049112622774e-13,3.843361142221591e-10,3.801824327577501e-11,6.054443203339985e-11,7.323762205672396e-13,0.0,4.613747437125444,2.2033300127535136e-11,3.5088250458249674e-11
guided-luma,619,200.0,24,False,5.0,0.0,48.63958220270526,22.261677928721095,19.619522226493896,46.11419313028868,11.752373532423908,16.171883372065036,3.727260321530399,6.785965464767024,48.692234778285716,24.730030939903816,19.50567356250656,2.237467283272913,11.911245882163682,9.7314751128023,0.652229925351069,3.3702406340812234,5.832352158994987,2.0381358796060245,0.7153308484731711,14.88703631410803,9.350933920969371,5.828330675601256,1.086927746395397,2.1601274701023666e-13,3.440024565270483e-13,3.843361142221591e-10,3.801824327577501e-11,6.054443203339985e-11,7.323762205672396e-13,0.0,14.27738396044456,2.332937660059531e-11,3.71522651830774e-11
guided-luma,619,200.0,24,False,5.0,50.0,48.63958220270526,22.261677928721095,19.619522226493896,46.11419313028868,11.752373532423908,16.171883372065036,3.727260321530399,6.785965464767024,48.692234778285716,24.730030939903816,19.50567356250656,2.051042069936537,11.905209026929159,9.722461010960021,1.0765354610382294,3.3712517435975498,5.834709942905687,2.038444416116815,0.9793001050870278,13.937110155108407,9.348536982683825,5.828349712685742,0.3671713565722294,2.5640274287770578e-28,4.083239282449635e-28,3.843361142221591e-10,3.801824327577501e-11,6.054443203339985e-11,7.323762205672396e-13,0.0,13.609055155700384,2.311336384008323e-11,3.6808262705048486e-11
guided-luma,619,200.0,24,False,5.0,100.0,48.63958220270526,22.261677928721095,19.619522226493896,46.11419313028868,11.752373532423908,16.171883372065036,3.727260321530399,6.785965464767024,48.692234778285716,24.730030939903816,19.50567356250656,4.136826773140505,11.903109855228923,9.716474727729446,3.6568780636181812,3.3711229767054545,5.833750316525446,2.0381559773248195,1.882120935150196,12.301974985147199,9.346567067322903,5.828613482005215,1.8157989757708602e-07,4.320254928953192e-13,6.880049112622774e-13,3.843361142221591e-10,3.801824327577501e-11,6.054443203339985e-11,7.323762205672396e-13,0.0,4.61374768682047,2.116924914286964e-11,3.3712240637516945e-11
guided-luma,619,200.0,24,True,1.0,0.0,48.63958220270526,22.261677928721095,19.619522226493896,46.11419313028868,11.752373532423908,16.171883372065036,3.727260321530399,6.785965464767024,48.692229927240255,24.73000825763148,19.50570191110263,2.191315268691408,21.67331119195966,19.10066433543736,0.624069927423549,11.10698035286177,15.624711754149407,3.645813177925133,0.7083165068045506,0.6270110447592269,39.45141397196803,18.316577311738886,1.086927746395397,2.1601274701023666e-13,3.440024565270483e-13,3.843361142221591e-10,3.801824327577501e-11,6.054443203339985e-11,7.323762205672396e-13,0.0,0.00021432887141653535,17.33661979705552,0.00010901148235162081
guided-luma,619,200.0,24,True,1.0,50.0,48.63958220270526,22.261677928721095,19.619522226493896,46.11419313028868,11.752373532423908,16.171883372065036,3.727260321530399,6.785965464767024,48.692229927240255,24.73000825763148,19.50570191110263,2.003645692242179,21.663709332758746,19.08898315387563,1.0483204334165437,11.107251250963705,15.625453100437829,3.645885985081292,0.9733327168621776,0.921588309593206,39.45945021814011,18.314621713392633,0.3671713565722294,2.5640274287770578e-28,4.083239282449635e-28,3.843361142221591e-10,3.801824327577501e-11,6.054443203339985e-11,7.323762205672396e-13,0.0,0.00021432887141653535,17.33661979705552,0.00010901148235162081
guided-luma,619,200.0,24,True,1.0,100.0,48.63958220270526,22.261677928721095,19.619522226493896,46.11419313028868,11.752373532423908,16.171883372065036,3.727260321530399,6.785965464767024,48.692229927240255,24.73000825763148,19.50570191110263,4.087837232291165,21.66631782723216,19.072280292907486,3.6238772764723772,11.0946690058969,15.605618806775716,3.6436769679728367,1.8776809934450656,2.521540425079463,39.46257983727891,18.321447574164175,1.8157989757708602e-07,4.320254928953192e-13,6.880049112622774e-13,3.843361142221591e-10,3.801824327577501e-11,6.054443203339985e-11,7.323762205672396e-13,0.0,0.00021432887141653535,17.33661979705552,0.00010901148235162081
guided-luma,619,200.0,24,True,5.0,0.0,48.63958220270526,22.261677928721095,19.619522226493896,46.11419313028868,11.752373532423908,16.171883372065036,3.727260321530399,6.785965464767024,48.692229927240255,24.73000825763148,19.50570191110263,2.237467283272913,11.911245882163682,9.7314751128023,0.652229925351069,3.3702406340812234,5.832352158994987,2.0381358796060245,0.7153308484731711,0.6414134254039673,29.983736729915204,5.883909368344059,1.086927746395397,2.1601274701023666e-13,3.440024565270483e-13,3.843361142221591e-10,3.801824327577501e-11,6.054443203339985e-11,7.323762205672396e-13,0.0,0.00021233809702855553,20.54328708467806,0.00010819058607360307
guided-luma,619,200.0,24,True,5.0,50.0,48.63958220270526,22.261677928721095,19.619522226493896,46.11419313028868,11.752373532423908,16.171883372065036,3.727260321530399,6.785965464767024,48.692229927240255,24.73000825763148,19.50570191110263,2.051042069936537,11.905209026929159,9.722461010960021,1.0765354610382294,3.3712517435975498,5.834709942905687,2.038444416116815,0.9793001050870278,0.9360879229499268,29.988536757190275,5.882845534586817,0.3671713565722294,2.5640274287770578e-28,4.083239282449635e-28,3.843361142221591e-10,3.801824327577501e-11,6.054443203339985e-11,7.323762205672396e-13,0.0,0.00021233809702855553,20.54328708467806,0.00010819058607360307
guided-luma,619,200.0,24,True,5.0,100.0,48.63958220270526,22.261677928721095,19.619522226493896,46.11419313028868,11.752373532423908,16.171883372065036,3.727260321530399,6.785965464767024,48.692229927240255,24.73000825763148,19.50570191110263,4.136826773140505,11.903109855228923,9.716474727729446,3.6568780636181812,3.3711229767054545,5.833750316525446,2.0381559773248195,1.882120935150196,2.5350957308261353,29.993591645208262,5.88370447592986,1.8157989757708602e-07,4.320254928953192e-13,6.880049112622774e-13,3.843361142221591e-10,3.801824327577501e-11,6.054443203339985e-11,7.323762205672396e-13,0.0,0.00021233809702855553,20.54328708467806,0.00010819058607360307
wide-chroma,173,30.0,8,False,1.0,0.0,49.390110827800086,18.97209966631668,37.77858488733249,49.80455231643809,14.551774906525191,17.907389421659204,3.9249841124293963,7.053241590940244,47.92731360543451,16.02271467458747,15.40395789393823,2.364352133560142,7.166682853833932,24.55392252432681,1.3071825889218636,5.334829841881703,5.4315325108514765,2.1542734747204237,0.7696822499644883,16.52819186649276,9.001340783140504,7.744219301411595,1.3900915852184714,1.1340669188502135e-12,1.8060128920634732e-12,0.0,0.0,0.0,0.0,0.0,14.64759947325748,2.2546330401684283e-12,3.590525629250144e-12
wide-chroma,173,30.0,8,False,1.0,50.0,49.390110827800086,18.97209966631668,37.77858488733249,49.80455231643809,14.551774906525191,17.907389421659204,3.9249841124293963,7.053241590940244,47.92731360543451,16.02271467458747,15.40395789393823,2.331876848891411,7.168014026677782,24.55940409835514,1.3066399617576467,5.335681747023192,5.43235872969765,2.1544432735174093,0.7721652021512223,16.417675205289964,9.00619576915807,7.747830182062938,1.372356620134009,1.1340669188502135e-12,1.8060128920634732e-12,0.0,0.0,0.0,0.0,0.0,14.620743519240614,2.659656940039076e-12,4.2355302340065e-12
wide-chroma,173,30.0,8,False,1.0,100.0,49.390110827800086,18.97209966631668,37.77858488733249,49.80455231643809,14.551774906525191,17.907389421659204,3.9249841124293963,7.053241590940244,47.92731360543451,16.02271467458747,15.40395789393823,2.21830941690628,7.205628837284152,24.689392256061755,1.4709858525769455,5.358063503899126,5.454865554185561,2.1589956090218116,0.928134497503053,14.287006054581623,9.128691008655327,7.840121580380157,1.0134873311486619,1.1475677154328707e-12,1.8275130454284303e-12,0.0,0.0,0.0,0.0,0.0,13.960038935653191,2.5651513622024276e-12,4.085029157652076e-12
wide-chroma,173,30.0,8,False,5.0,0.0,49.390110827800086,18.97209966631668,37.77858488733249,49.80455231643809,14.551774906525191,17.907389421659204,3.9249841124293963,7.053241590940244,47.92731360543451,16.02271467458747,15.40395789393823,2.9204841589493227,0.3935519897906034,1.3373343684208518,1.4052538337481075,0.5730315114897443,0.3677040889465894,0.5770328082897614,0.7665849457751301,16.811040906393014,0.34700372104856875,0.7594253171612233,1.3900915852184714,1.1340669188502135e-12,1.8060128920634732e-12,0.0,0.0,0.0,0.0,0.0,14.647599988176658,1.9711163107723235e-12,3.139022406738224e-12
wide-chroma,173,30.0,8,False,5.0,50.0,49.390110827800086,18.97209966631668,37.77858488733249,49.80455231643809,14.551774906525191,17.907389421659204,3.9249841124293963,7.053241590940244,47.92731360543451,16.02271467458747,15.40395789393823,2.886832809459485,0.39368755437313213,1.3375135764770605,1.4044286984603602,0.5730959381825608,0.36776280709199516,0.577074851699839,0.7690773786880712,16.70003952831463,0.3471374835106128,0.7597142807027145,1.372356620134009,1.1340669188502135e-12,1.8060128920634732e-12,0.0,0.0,0.0,0.0,0.0,14.620744269656893,2.5516505664987985e-12,4.063529005686978e-12
wide-chroma,173,30.0,8,False,5.0,100.0,49.390110827800086,18.97209966631668,37.77858488733249,49.80455231643809,14.551774906525191,17.907389421659204,3.9249841124293963,7.053241590940244,47.92731360543451,16.02271467458747,15.40395789393823,2.7367360944304338,0.39657199437669755,1.3415422491888025,1.5605024384498238,0.5748694551611093,0.36933895018269747,0.5782260030014695,0.9247309885133992,14.553418094040909,0.35060926199736175,0.7668570891289791,1.0134873311486619,1.1475677154328707e-12,1.8275130454284303e-12,0.0,0.0,0.0,0.0,0.0,13.960038584098589,2.6056537523020086e-12,4.14952961830689e-12
wide-chroma,173,30.0,8,True,1.0,0.0,49.390110827800086,18.97209966631668,37.77858488733249,49.80455231643809,14.551774906525191,17.907389421659204,3.9249841124293963,7.053241590940244,47.92731224800945,16.022715562959565,15.403956099206546,2.364352133560142,7.166682853833932,24.55392252432681,1.3071825889218636,5.334829841881703,5.4315325108514765,2.1542734747204237,0.7696822499644883,1.552809307509478,27.99112679606294,8.098691270676985,1.3900915852184714,1.1340669188502135e-12,1.8060128920634732e-12,0.0,0.0,0.0,0.0,0.0,0.004796397594315359,22.970283813335865,0.002431821058057599
wide-chroma,173,30.0,8,True,1.0,50.0,49.390110827800086,18.97209966631668,37.77858488733249,49.80455231643809,14.551774906525191,17.907389421659204,3.9249841124293963,7.053241590940244,47.92731224800945,16.022715562959565,15.403956099206546,2.331876848891411,7.168014026677782,24.55940409835514,1.3066399617576467,5.335681747023192,5.43235872969765,2.1544432735174093,0.7721652021512223,1.553403039023893,27.99277861488622,8.099870547594067,1.372356620134009,1.1340669188502135e-12,1.8060128920634732e-12,0.0,0.0,0.0,0.0,0.0,0.0047962760187129,22.970284885202258,0.0024317687752514585
wide-chroma,173,30.0,8,True,1.0,100.0,49.390110827800086,18.97209966631668,37.77858488733249,49.80455231643809,14.551774906525191,17.907389421659204,3.9249841124293963,7.053241590940244,47.92731224800945,16.022715562959565,15.403956099206546,2.21830941690628,7.205628837284152,24.689392256061755,1.4709858525769455,5.358063503899126,5.454865554185561,2.1589956090218116,0.928134497503053,1.7300345354395712,28.03860442728524,8.132051614737707,1.0134873311486619,1.1475677154328707e-12,1.8275130454284303e-12,0.0,0.0,0.0,0.0,0.0,0.004796842187413582,22.97028172299652,0.0024318007327952013
wide-chroma,173,30.0,8,True,5.0,0.0,49.390110827800086,18.97209966631668,37.77858488733249,49.80455231643809,14.551774906525191,17.907389421659204,3.9249841124293963,7.053241590940244,47.92731224800945,16.022715562959565,15.403956099206546,2.9204841589493227,0.3935519897906034,1.3373343684208518,1.4052538337481075,0.5730315114897443,0.3677040889465894,0.5770328082897614,0.7665849457751301,1.732074777223908,18.21959303683965,0.7606519698350154,1.3900915852184714,1.1340669188502135e-12,1.8060128920634732e-12,0.0,0.0,0.0,0.0,0.0,0.004940219005568312,17.357822921194376,0.0025096466395731695
wide-chroma,173,30.0,8,True,5.0,50.0,49.390110827800086,18.97209966631668,37.77858488733249,49.80455231643809,14.551774906525191,17.907389421659204,3.9249841124293963,7.053241590940244,47.92731224800945,16.022715562959565,15.403956099206546,2.886832809459485,0.39368755437313213,1.3375135764770605,1.4044286984603602,0.5730959381825608,0.36776280709199516,0.577074851699839,0.7690773786880712,1.7322460031339975,18.21955897195268,0.7607286352178373,1.372356620134009,1.1340669188502135e-12,1.8060128920634732e-12,0.0,0.0,0.0,0.0,0.0,0.004940135036761284,17.357820846980946,0.002509619862216455
wide-chroma,173,30.0,8,True,5.0,100.0,49.390110827800086,18.97209966631668,37.77858488733249,49.80455231643809,14.551774906525191,17.907389421659204,3.9249841124293963,7.053241590940244,47.92731224800945,16.022715562959565,15.403956099206546,2.7367360944304338,0.39657199437669755,1.3415422491888025,1.5605024384498238,0.5748694551611093,0.36933895018269747,0.5782260030014695,0.9247309885133992,1.8962380769697569,18.2189613691414,0.7628896473119049,1.0134873311486619,1.1475677154328707e-12,1.8275130454284303e-12,0.0,0.0,0.0,0.0,0.0,0.004940751957487737,17.35782013670113,0.0025096558665611765
wide-chroma,173,30.0,24,False,1.0,0.0,49.390111268192214,19.92545689015087,27.83683735335038,49.80455293196358,14.78315318129888,16.92605459713195,3.262604848866492,7.053241631411566,47.92731275563998,25.277454307175706,17.345431039739946,2.228846993245001,19.14102505559683,24.648362845743904,1.1130275978584792,13.349587039364481,15.738971314272614,3.0904118490343997,0.7589609924206862,16.270194880245306,21.268375258228133,14.105919274506505,1.3900915852184714,1.1340669188502135e-12,1.8060128920634732e-12,0.0,0.0,0.0,0.0,0.0,14.64759947325748,2.2546330401684283e-12,3.590525629250144e-12
wide-chroma,173,30.0,24,False,1.0,50.0,49.390111268192214,19.92545689015087,27.83683735335038,49.80455293196358,14.78315318129888,16.92605459713195,3.262604848866492,7.053241631411566,47.92731275563998,25.277454307175706,17.345431039739946,2.197033586202968,19.14417487938876,24.651847791921405,1.1129402387597769,13.352685139565498,15.741142304412376,3.0907149460100998,0.7614523200101049,16.159696786101495,21.279332594213546,14.112109725009903,1.372356620134009,1.1340669188502135e-12,1.8060128920634732e-12,0.0,0.0,0.0,0.0,0.0,14.620743519240614,2.659656940039076e-12,4.2355302340065e-12
wide-chroma,173,30.0,24,False,1.0,100.0,49.390111268192214,19.92545689015087,27.83683735335038,49.80455293196358,14.78315318129888,16.92605459713195,3.262604848866492,7.053241631411566,47.92731275563998,25.277454307175706,17.345431039739946,2.1014387781294532,19.224414117098963,24.768875420210478,1.291871060981354,13.437144632125538,15.799186679591154,3.099077814740974,0.9206426967048446,14.039707497499776,21.562189568580916,14.280913287879365,1.0134873311486619,1.1475677154328707e-12,1.8275130454284303e-12,0.0,0.0,0.0,0.0,0.0,13.960038935653191,2.5651513622024276e-12,4.085029157652076e-12
wide-chroma,173,30.0,24,False,5.0,0.0,49.390111268192214,19.92545689015087,27.83683735335038,49.80455293196358,14.78315318129888,16.92605459713195,3.262604848866492,7.053241631411566,47.92731275563998,25.277454307175706,17.345431039739946,2.487874288532181,11.292795624703743,4.264345090397599,1.3759217041486516,4.205499023072949,2.722558093964002,1.6165596998346823,0.771290478253464,16.744538811289356,4.952273735411986,2.2930576875605073,1.3900915852184714,1.1340669188502135e-12,1.8060128920634732e-12,0.0,0.0,0.0,0.0,0.0,14.647599988176658,1.9711163107723235e-12,3.139022406738224e-12
wide-chroma,173,30.0,24,False,5.0,50.0,49.390111268192214,19.92545689015087,27.83683735335038,49.80455293196358,14.78315318129888,16.92605459713195,3.262604848866492,7.053241631411566,47.92731275563998,25.277454307175706,17.345431039739946,2.4551353035821193,11.294913640976272,4.26495646331725,1.3750648643910668,4.206212219340616,2.7229627312194338,1.6166965482824678,0.7737237481421109,16.63352864778809,4.9542658265727715,2.293816572340821,1.372356620134009,1.1340669188502135e-12,1.8060128920634732e-12,0.0,0.0,0.0,0.0,0.0,14.620744269656893,2.5516505664987985e-12,4.063529005686978e-12
wide-chroma,173,30.0,24,False,5.0,100.0,49.390111268192214,19.92545689015087,27.83683735335038,49.80455293196358,14.78315318129888,16.92605459713195,3.262604848866492,7.053241631411566,47.92731275563998,25.277454307175706,17.345431039739946,2.3272304295418764,11.345761196112147,4.284240679511506,1.5311723618920414,4.225402643744891,2.7337859599521157,1.6204112784822702,0.9280618106910643,14.489196372654543,5.005099223370027,2.312730417095248,1.0134873311486619,1.1475677154328707e-12,1.8275130454284303e-12,0.0,0.0,0.0,0.0,0.0,13.960038584098589,2.6056537523020086e-12,4.14952961830689e-12
wide-chroma,173,30.0,24,True,1.0,0.0,49.390111268192214,19.92545689015087,27.83683735335038,49.80455293196358,14.78315318129888,16.92605459713195,3.262604848866492,7.053241631411566,47.927311759065276,25.277455476186333,17.34543147411593,2.228846993245001,19.14102505559683,24.648362845743904,1.1130275978584792,13.349587039364481,15.738971314272614,3.0904118490343997,0.7589609924206862,1.4175473050080096,42.37593272535427,14.325293182006767,1.3900915852184714,1.1340669188502135e-12,1.8060128920634732e-12,0.0,0.0,0.0,0.0,0.0,0.004796397594315359,22.970283813335865,0.002431821058057599
wide-chroma,173,30.0,24,True,1.0,50.0,49.390111268192214,19.92545689015087,27.83683735335038,49.80455293196358,14.78315318129888,16.92605459713195,3.262604848866492,7.053241631411566,47.927311759065276,25.277455476186333,17.34543147411593,2.197033586202968,19.14417487938876,24.651847791921405,1.1129402387597769,13.352685139565498,15.741142304412376,3.0907149460100998,0.7614523200101049,1.4187641473277748,42.38228111218108,14.327140993300125,1.372356620134009,1.1340669188502135e-12,1.8060128920634732e-12,0.0,0.0,0.0,0.0,0.0,0.0047962760187129,22.970284885202258,0.0024317687752514585
wide-chroma,173,30.0,24,True,1.0,100.0,49.390111268192214,19.92545689015087,27.83683735335038,49.80455293196358,14.78315318129888,16.92605459713195,3.262604848866492,7.053241631411566,47.927311759065276,25.277455476186333,17.34543147411593,2.1014387781294532,19.224414117098963,24.768875420210478,1.291871060981354,13.437144632125538,15.799186679591154,3.099077814740974,0.9206426967048446,1.61507144643547,42.54994329703243,14.379082216343761,1.0134873311486619,1.1475677154328707e-12,1.8275130454284303e-12,0.0,0.0,0.0,0.0,0.0,0.004796842187413582,22.97028172299652,0.0024318007327952013
wide-chroma,173,30.0,24,True,5.0,0.0,49.390111268192214,19.92545689015087,27.83683735335038,49.80455293196358,14.78315318129888,16.92605459713195,3.262604848866492,7.053241631411566,47.927311759065276,25.277455476186333,17.34543147411593,2.487874288532181,11.292795624703743,4.264345090397599,1.3759217041486516,4.205499023072949,2.722558093964002,1.6165596998346823,0.771290478253464,1.7288882689100602,22.915851306046218,2.3885730700052705,1.3900915852184714,1.1340669188502135e-12,1.8060128920634732e-12,0.0,0.0,0.0,0.0,0.0,0.004940219005568312,17.357822921194376,0.0025096466395731695
wide-chroma,173,30.0,24,True,5.0,50.0,49.390111268192214,19.92545689015087,27.83683735335038,49.80455293196358,14.78315318129888,16.92605459713195,3.262604848866492,7.053241631411566,47.927311759065276,25.277455476186333,17.34543147411593,2.4551353035821193,11.294913640976272,4.26495646331725,1.3750648643910668,4.206212219340616,2.7229627312194338,1.6166965482824678,0.7737237481421109,1.729297393891238,22.917508976912774,2.3887410567657597,1.372356620134009,1.1340669188502135e-12,1.8060128920634732e-12,0.0,0.0,0.0,0.0,0.0,0.004940135036761284,17.357820846980946,0.002509619862216455
wide-chroma,173,30.0,24,True,5.0,100.0,49.390111268192214,19.92545689015087,27.83683735335038,49.80455293196358,14.78315318129888,16.92605459713195,3.262604848866492,7.053241631411566,47.927311759065276,25.277455476186333,17.34543147411593,2.3272304295418764,11.345761196112147,4.284240679511506,1.5311723618920414,4.225402643744891,2.7337859599521157,1.6204112784822702,0.9280618106910643,1.9013610924160462,22.95970723622458,2.3937512926737985,1.0134873311486619,1.1475677154328707e-12,1.8275130454284303e-12,0.0,0.0,0.0,0.0,0.0,0.004940751957487737,17.35782013670113,0.0025096558665611765
wide-chroma,173,128.0,8,False,1.0,0.0,49.390107479649394,18.97210197026172,37.77859274030057,49.80458659637223,14.551779275187306,17.907394461650107,3.9249847148472536,7.053243983128126,47.927331737332594,16.02271770501789,15.403960004329777,1.6673950636662973,7.451823638908917,25.113532417642976,0.7058563407955645,5.470769557347592,5.7617207950306275,2.212545915108595,0.8126625041266734,14.236367049873794,9.496083742207293,8.151113499912746,1.1191786919200488,4.3202549289531917e-13,6.880049112622774e-13,2.3283064365386963e-10,0.0,0.0,0.0,0.0,14.232103343179034,6.264369638543462e-12,9.976071199864364e-12
wide-chroma,173,128.0,8,False,1.0,50.0,49.390107479649394,18.97210197026172,37.77859274030057,49.80458659637223,14.551779275187306,17.907394461650107,3.9249847148472536,7.053243983128126,47.927331737332594,16.02271770501789,15.403960004329777,3.5969871024270055,7.467010169169183,25.182650957151747,3.115125345388416,5.487478569509735,5.772711646752143,2.2150634302502734,1.7596429655868864,14.150825719196718,9.52517653573688,8.166586127064596,0.4051993126773926,0.0,0.0,2.3283064365386963e-10,0.0,0.0,0.0,0.0,13.141524281476471,4.7522804122846954e-12,7.568054008654591e-12
wide-chroma,173,128.0,8,False,1.0,100.0,49.390107479649394,18.97210197026172,37.77859274030057,49.80458659637223,14.551779275187306,17.907394461650107,3.9249847148472536,7.053243983128126,47.927331737332594,16.02271770501789,15.403960004329777,30.41493513466384,7.570658549365436,25.514497128205218,31.221420908396727,5.5586663344874925,5.835869139403354,2.228583774372593,5.586291036647944,34.38406121672349,9.67070730686105,8.292330250462033,1.4400113166451913e-06,2.1601274588508256e-13,3.4400245473522914e-13,2.3283064365386963e-10,0.0,0.0,0.0,0.0,3.7426846433916006,6.4803823838659674e-12,1.0320073653703679e-11
wide-chroma,173,128.0,8,False,5.0,0.0,49.390107479649394,18.97210197026172,37.77859274030057,49.80458659637223,14.551779275187306,17.907394461650107,3.9249847148472536,7.053243983128126,47.927331737332594,16.02271770501789,15.403960004329777,1.6872147912482753,0.5484770311637008,1.19523069256542,0.7135541595436521,0.3759383489151526,0.3946302485051854,0.579104727161829,0.8119834238742133,14.271788094224606,0.36444472344819134,0.8175405134741962,1.1191786919200488,4.3202549289531917e-13,6.880049112622774e-13,2.3283064365386963e-10,0.0,0.0,0.0,0.0,14.232103343179034,6.264369638543462e-12,9.976071199864364e-12
wide-chroma,173,128.0,8,False,5.0,50.0,49.390107479649394,18.97210197026172,37.77859274030057,49.80458659637223,14.551779275187306,17.907394461650107,3.9249847148472536,7.053243983128126,47.927331737332594,16.02271770501789,15.403960004329777,3.5912607129150893,0.5500048102014637,1.1969194952280162,3.1177039326953047,0.37648133606162726,0.39556195560479135,0.5797173514786075,1.758722722952909,14.179169748065876,0.36533771479612503,0.8185828309709341,0.4051993126773926,0.0,0.0,2.3283064365386963e-10,0.0,0.0,0.0,0.0,13.141524281476471,4.7522804122846954e-12,7.568054008654591e-12
wide-chroma,173,128.0,8,False,5.0,100.0,49.390107479649394,18.97210197026172,37.77859274030057,49.80458659637223,14.551779275187306,17.907394461650107,3.9249847148472536,7.053243983128126,47.927331737332594,16.02271770501789,15.403960004329777,30.246981347684446,0.5583375385385851,1.208853096793707,31.187100468170108,0.3803815109995842,0.4000346991004199,0.5830927989028818,5.583620653259404,34.34904465476966,0.37074162741383254,0.8293241035008397,1.4400113166451913e-06,2.1601274588508256e-13,3.4400245473522914e-13,2.3283064365386963e-10,0.0,0.0,0.0,0.0,3.7426847907149767,6.264369637418308e-12,9.976071198072543e-12
wide-chroma,173,128.0,8,True,1.0,0.0,49.390107479649394,18.97210197026172,37.77859274030057,49.80458659637223,14.551779275187306,17.907394461650107,3.9249847148472536,7.053243983128126,47.92733838917744,16.022720678106005,15.40396031091164,1.6673950636662973,7.451823638908917,25.113532417642976,0.7058563407955645,5.470769557347592,5.7617207950306275,2.212545915108595,0.8126625041266734,0.8778383903777974,28.930889392810666,8.48907628232037,1.1191786919200488,4.3202549289531917e-13,6.880049112622774e-13,2.3283064365386963e-10,0.0,0.0,0.0,0.0,0.0004712197400034162,22.882310598882732,0.00023894544690838675
wide-chroma,173,128.0,8,True,1.0,50.0,49.390107479649394,18.97210197026172,37.77859274030057,49.80458659637223,14.551779275187306,17.907394461650107,3.9249847148472536,7.053243983128126,47.92733838917744,16.022720678106005,15.40396031091164,3.5969871024270055,7.467010169169183,25.182650957151747,3.115125345388416,5.487478569509735,5.772711646752143,2.2150634302502734,1.7596429655868864,3.3090484517026457,28.944152454706963,8.500333979937068,0.4051993126773926,0.0,0.0,2.3283064365386963e-10,0.0,0.0,0.0,0.0,0.0004712054133185226,22.882307255261523,0.00023895596716066604
wide-chroma,173,128.0,8,True,1.0,100.0,49.390107479649394,18.97210197026172,37.77859274030057,49.80458659637223,14.551779275187306,17.907394461650107,3.9249847148472536,7.053243983128126,47.92733838917744,16.022720678106005,15.40396031091164,30.41493513466384,7.570658549365436,25.514497128205218,31.221420908396727,5.5586663344874925,5.835869139403354,2.228583774372593,5.586291036647944,29.89701172802993,29.060077311980614,8.579875910075025,1.4400113166451913e-06,2.1601274588508256e-13,3.4400245473522914e-13,2.3283064365386963e-10,0.0,0.0,0.0,0.0,0.0004707875493596133,22.882306610794394,0.0002389418042538632
wide-chroma,173,128.0,8,True,5.0,0.0,49.390107479649394,18.97210197026172,37.77859274030057,49.80458659637223,14.551779275187306,17.907394461650107,3.9249847148472536,7.053243983128126,47.92733838917744,16.022720678106005,15.40396031091164,1.6872147912482753,0.5484770311637008,1.19523069256542,0.7135541595436521,0.3759383489151526,0.3946302485051854,0.579104727161829,0.8119834238742133,0.8950799911181146,17.910499829567993,0.8201101656035104,1.1191786919200488,4.3202549289531917e-13,6.880049112622774e-13,2.3283064365386963e-10,0.0,0.0,0.0,0.0,0.00048614804028986774,17.151516287420897,0.0002468569069309886
wide-chroma,173,128.0,8,True,5.0,50.0,49.390107479649394,18.97210197026172,37.77859274030057,49.80458659637223,14.551779275187306,17.907394461650107,3.9249847148472536,7.053243983128126,47.92733838917744,16.022720678106005,15.40396031091164,3.5912607129150893,0.5500048102014637,1.1969194952280162,3.1177039326953047,0.37648133606162726,0.39556195560479135,0.5797173514786075,1.758722722952909,3.3206462131780725,17.906876072609712,0.8210771770182683,0.4051993126773926,0.0,0.0,2.3283064365386963e-10,0.0,0.0,0.0,0.0,0.0004861911045574187,17.151520485650547,0.00024684770903452745
wide-chroma,173,128.0,8,True,5.0,100.0,49.390107479649394,18.97210197026172,37.77859274030057,49.80458659637223,14.551779275187306,17.907394461650107,3.9249847148472536,7.053243983128126,47.92733838917744,16.022720678106005,15.40396031091164,30.246981347684446,0.5583375385385851,1.208853096793707,31.187100468170108,0.3803815109995842,0.4000346991004199,0.5830927989028818,5.583620653259404,29.855806692053825,17.899835524184986,0.8274881264621917,1.4400113166451913e-06,2.1601274588508256e-13,3.4400245473522914e-13,2.3283064365386963e-10,0.0,0.0,0.0,0.0,0.0004857223513599013,17.1515118170186,0.00024685251788142984
wide-chroma,173,128.0,24,False,1.0,0.0,49.390107120597186,19.925460028557584,27.836840329587826,49.8045883685691,14.783156926440721,16.92606190764426,3.2626053572845444,7.053244118044325,47.92733045707531,25.277460647846667,17.34543715960024,1.667266648423883,19.595413125440118,24.926572979319815,0.6850863326278173,13.806856229447812,16.179780656995014,3.1421983136385108,0.8086730047172841,14.206538900773975,22.289308236349406,14.794538119472238,1.1191786919200488,4.3202549289531917e-13,6.880049112622774e-13,2.3283064365386963e-10,0.0,0.0,0.0,0.0,14.232103343179034,6.264369638543462e-12,9.976071199864364e-12
wide-chroma,173,128.0,24,False,1.0,50.0,49.390107120597186,19.925460028557584,27.836840329587826,49.8045883685691,14.783156926440721,16.92606190764426,3.2626053572845444,7.053244118044325,47.92733045707531,25.277460647846667,17.34543715960024,3.605557448209702,19.650888700700797,24.97744309732534,3.1003447919552864,13.845208193135537,16.194690075680718,3.1452828434433004,1.7579284993913753,14.132732662728037,22.34658713953229,14.815027141608889,0.4051993126773926,0.0,0.0,2.3283064365386963e-10,0.0,0.0,0.0,0.0,13.141524281476471,4.7522804122846954e-12,7.568054008654591e-12
wide-chroma,173,128.0,24,False,1.0,100.0,49.390107120597186,19.925460028557584,27.836840329587826,49.8045883685691,14.783156926440721,16.92606190764426,3.2626053572845444,7.053244118044325,47.92733045707531,25.277460647846667,17.34543715960024,30.47304875517891,19.870205058737806,25.28448922665462,31.272759740725235,14.084764423786066,16.368359559648272,3.1704845061096574,5.589883094782908,34.45002814728643,22.657775483228992,15.034040053531136,1.4400113166451913e-06,2.1601274588508256e-13,3.4400245473522914e-13,2.3283064365386963e-10,0.0,0.0,0.0,0.0,3.7426846433916006,6.4803823838659674e-12,1.0320073653703679e-11
wide-chroma,173,128.0,24,False,5.0,0.0,49.390107120597186,19.925460028557584,27.836840329587826,49.8045883685691,14.783156926440721,16.92606190764426,3.2626053572845444,7.053244118044325,47.92733045707531,25.277460647846667,17.34543715960024,1.6560461220054192,11.092578940485208,4.36825663791542,0.7085957572678435,4.407710555556774,2.6057613924456002,1.6755572664366452,0.8109191683597529,14.254047801271646,5.305729054644236,2.378432782112099,1.1191786919200488,4.3202549289531917e-13,6.880049112622774e-13,2.3283064365386963e-10,0.0,0.0,0.0,0.0,14.232103343179034,6.264369638543462e-12,9.976071199864364e-12
wide-chroma,173,128.0,24,False,5.0,50.0,49.390107120597186,19.925460028557584,27.836840329587826,49.8045883685691,14.783156926440721,16.92606190764426,3.2626053572845444,7.053244118044325,47.92733045707531,25.277460647846667,17.34543715960024,3.577053162902343,11.124433442007838,4.378906130792494,3.1148307878803765,4.418591872238735,2.608989668734605,1.677443048231796,1.7585323801566939,14.169988782773626,5.319178077748094,2.3800036042329715,0.4051993126773926,0.0,0.0,2.3283064365386963e-10,0.0,0.0,0.0,0.0,13.141524281476471,4.7522804122846954e-12,7.568054008654591e-12
wide-chroma,173,128.0,24,False,5.0,100.0,49.390107120597186,19.925460028557584,27.836840329587826,49.8045883685691,14.783156926440721,16.92606190764426,3.2626053572845444,7.053244118044325,47.92733045707531,25.277460647846667,17.34543715960024,30.318414015363757,11.269996414278971,4.432884390984222,31.18739835070692,4.484337498381686,2.6382054270807425,1.6897340298594747,5.583470614200107,34.37407199042279,5.383723267782076,2.409091083920155,1.4400113166451913e-06,2.1601274588508256e-13,3.4400245473522914e-13,2.3283064365386963e-10,0.0,0.0,0.0,0.0,3.7426847907149767,6.264369637418308e-12,9.976071198072543e-12
wide-chroma,173,128.0,24,True,1.0,0.0,49.390107120597186,19.925460028557584,27.836840329587826,49.8045883685691,14.783156926440721,16.92606190764426,3.2626053572845444,7.053244118044325,47.927338236740184,25.277460927248185,17.345438321471672,1.667266648423883,19.595413125440118,24.926572979319815,0.6850863326278173,13.806856229447812,16.179780656995014,3.1421983136385108,0.8086730047172841,0.864087052083603,44.291909351369874,14.837501408258698,1.1191786919200488,4.3202549289531917e-13,6.880049112622774e-13,2.3283064365386963e-10,0.0,0.0,0.0,0.0,0.0004712197400034162,22.882310598882732,0.00023894544690838675
wide-chroma,173,128.0,24,True,1.0,50.0,49.390107120597186,19.925460028557584,27.836840329587826,49.8045883685691,14.783156926440721,16.92606190764426,3.2626053572845444,7.053244118044325,47.927338236740184,25.277460927248185,17.345438321471672,3.605557448209702,19.650888700700797,24.97744309732534,3.1003447919552864,13.845208193135537,16.194690075680718,3.1452828434433004,1.7579284993913753,3.3126132125699503,44.3815996935924,14.835529787225095,0.4051993126773926,0.0,0.0,2.3283064365386963e-10,0.0,0.0,0.0,0.0,0.0004712054133185226,22.882307255261523,0.00023895596716066604
wide-chroma,173,128.0,24,True,1.0,100.0,49.390107120597186,19.925460028557584,27.836840329587826,49.8045883685691,14.783156926440721,16.92606190764426,3.2626053572845444,7.053244118044325,47.927338236740184,25.277460927248185,17.345438321471672,30.47304875517891,19.870205058737806,25.28448922665462,31.272759740725235,14.084764423786066,16.368359559648272,3.1704845061096574,5.589883094782908,29.99152271923738,44.77607690274565,14.982745785737025,1.4400113166451913e-06,2.1601274588508256e-13,3.4400245473522914e-13,2.3283064365386963e-10,0.0,0.0,0.0,0.0,0.0004707875493596133,22.882306610794394,0.0002389418042538632
wide-chroma,173,128.0,24,True,5.0,0.0,49.390107120597186,19.925460028557584,27.836840329587826,49.8045883685691,14.783156926440721,16.92606190764426,3.2626053572845444,7.053244118044325,47.927338236740184,25.277460927248185,17.345438321471672,1.6560461220054192,11.092578940485208,4.36825663791542,0.7085957572678435,4.407710555556774,2.6057613924456002,1.6755572664366452,0.8109191683597529,0.8977537511723814,22.992291591454457,2.4703765588458353,1.1191786919200488,4.3202549289531917e-13,6.880049112622774e-13,2.3283064365386963e-10,0.0,0.0,0.0,0.0,0.00048614804028986774,17.151516287420897,0.0002468569069309886
wide-chroma,173,128.0,24,True,5.0,50.0,49.390107120597186,19.925460028557584,27.836840329587826,49.8045883685691,14.783156926440721,16.92606190764426,3.2626053572845444,7.053244118044325,47.927338236740184,25.277460927248185,17.345438321471672,3.577053162902343,11.124433442007838,4.378906130792494,3.1148307878803765,4.418591872238735,2.608989668734605,1.677443048231796,1.7585323801566939,3.337639130485727,23.021016946155076,2.4692804325800477,0.4051993126773926,0.0,0.0,2.3283064365386963e-10,0.0,0.0,0.0,0.0,0.0004861911045574187,17.151520485650547,0.00024684770903452745
wide-chroma,173,128.0,24,True,5.0,100.0,49.390107120597186,19.925460028557584,27.836840329587826,49.8045883685691,14.783156926440721,16.92606190764426,3.2626053572845444,7.053244118044325,47.927338236740184,25.277460927248185,17.345438321471672,30.318414015363757,11.269996414278971,4.432884390984222,31.18739835070692,4.484337498381686,2.6382054270807425,1.6897340298594747,5.583470614200107,29.91566094182238,23.13925916391537,2.485533884318106,1.4400113166451913e-06,2.1601274588508256e-13,3.4400245473522914e-13,2.3283064365386963e-10,0.0,0.0,0.0,0.0,0.0004857223513599013,17.1515118170186,0.00024685251788142984
wide-chroma,173,200.0,8,False,1.0,0.0,49.39011119866146,18.972102197786842,37.77858903164826,49.80456681598697,14.551784602836667,17.907374845867583,3.92498455596441,7.053242289528267,47.92732269303946,16.022721076142407,15.40395786512914,1.8338724152105284,7.500556441466402,25.199440247916407,1.098499493645503,5.478785999897841,5.793351566470172,2.2178935874675703,1.0436744946219283,12.692064846434333,9.541666993960263,8.187801305349796,0.7836375396529363,2.534724258162461e-28,4.0365736906502088e-28,3.843361142221591e-10,3.801824327577501e-11,6.054443203339985e-11,7.323762205672396e-13,0.0,13.530733691886395,1.4904879477322227e-11,2.373616939464893e-11
wide-chroma,173,200.0,8,False,1.0,50.0,49.39011119866146,18.972102197786842,37.77858903164826,49.80456681598697,14.551784602836667,17.907374845867583,3.92498455596441,7.053242289528267,47.92732269303946,16.022721076142407,15.40395786512914,12.66118003128152,7.52490597548179,25.29421232768571,12.570906628657962,5.5058719085091115,5.810723355966599,2.222021685863306,3.5449190062346325,19.630239913060446,9.580263597106704,8.208277708067168,0.10899142269213907,2.1601274701023666e-13,3.440024565270483e-13,3.843361142221591e-10,3.801824327577501e-11,6.054443203339985e-11,7.323762205672396e-13,0.0,9.553372132683657,1.9657159907046976e-11,3.130422343107667e-11
wide-chroma,173,200.0,8,False,1.0,100.0,49.39011119866146,18.972102197786842,37.77858903164826,49.80456681598697,14.551784602836667,17.907374845867583,3.92498455596441,7.053242289528267,47.92732269303946,16.022721076142407,15.40395786512914,45.07447898911023,7.575392552137587,25.449041581397534,45.58716504461556,5.539751216351074,5.839045639806309,2.2284223979869484,6.748726660704876,44.99424947027194,9.644245108121348,8.2676963644712,9.211550466737717e-10,4.3202549177016507e-13,6.880049094704584e-13,3.843361142221591e-10,3.801824327577501e-11,6.054443203339985e-11,7.323762205672396e-13,0.0,0.6180851523673643,1.792905792646443e-11,2.8552203771692978e-11
wide-chroma,173,200.0,8,False,5.0,0.0,49.39011119866146,18.972102197786842,37.77858903164826,49.80456681598697,14.551784602836667,17.907374845867583,3.92498455596441,7.053242289528267,47.92732269303946,16.022721076142407,15.40395786512914,1.8292707439963254,0.5828865631365703,1.1740941263655136,1.1004174637416761,0.35263962485063427,0.40218950119770136,0.5783394333858346,1.043296579225239,12.70794959286824,0.38069233485892245,0.8307460302336358,0.7836375396529363,2.534724258162461e-28,4.0365736906502088e-28,3.843361142221591e-10,3.801824327577501e-11,6.054443203339985e-11,7.323762205672396e-13,0.0,13.530734442133422,1.6200955954883055e-11,2.580018412664393e-11
wide-chroma,173,200.0,8,False,5.0,50.0,49.39011119866146,18.972102197786842,37.77858903164826,49.80456681598697,14.551784602836667,17.907374845867583,3.92498455596441,7.053242289528267,47.92732269303946,16.022721076142407,15.40395786512914,12.616701728057956,0.5851787931130711,1.1765369821867415,12.563521805833808,0.3536114212033555,0.40356136892535643,0.5793083576658897,3.5441019237940643,19.634057353039196,0.3817781674262468,0.8322970192178138,0.10899142269213907,2.1601274701023666e-13,3.440024565270483e-13,3.843361142221591e-10,3.801824327577501e-11,6.054443203339985e-11,7.323762205672396e-13,0.0,9.553372999206427,2.0737223639847882e-11,3.3024235710128276e-11
wide-chroma,173,200.0,8,False,5.0,100.0,49.39011119866146,18.972102197786842,37.77858903164826,49.80456681598697,14.551784602836667,17.907374845867583,3.92498455596441,7.053242289528267,47.92732269303946,16.022721076142407,15.40395786512914,44.94973507075866,0.5893353785217822,1.1825329158685138,45.56154668181626,0.3553561438411861,0.40545972767435673,0.5807948352168621,6.747220081461095,44.9663018274082,0.38429366393552955,0.8373998329043358,9.211550466737717e-10,4.3202549177016507e-13,6.880049094704584e-13,3.843361142221591e-10,3.801824327577501e-11,6.054443203339985e-11,7.323762205672396e-13,0.0,0.6180851331106876,1.836108342048492e-11,2.9240208684747075e-11
wide-chroma,173,200.0,8,True,1.0,0.0,49.39011119866146,18.972102197786842,37.77858903164826,49.80456681598697,14.551784602836667,17.907374845867583,3.92498455596441,7.053242289528267,47.92732726391216,16.022706721572796,15.403960725793683,1.8338724152105284,7.500556441466402,25.199440247916407,1.098499493645503,5.478785999897841,5.793351566470172,2.2178935874675703,1.0436744946219283,1.2547544432597604,29.065283420690335,8.522493788393803,0.7836375396529363,2.534724258162461e-28,4.0365736906502088e-28,3.843361142221591e-10,3.801824327577501e-11,6.054443203339985e-11,7.323762205672396e-13,0.0,0.0002073784942448846,22.876995371050977,0.00010542662643639062
wide-chroma,173,200.0,8,True,1.0,50.0,49.39011119866146,18.972102197786842,37.77858903164826,49.80456681598697,14.551784602836667,17.907374845867583,3.92498455596441,7.053242289528267,47.92732726391216,16.022706721572796,15.403960725793683,12.66118003128152,7.52490597548179,25.29421232768571,12.570906628657962,5.5058719085091115,5.810723355966599,2.222021685863306,3.5449190062346325,12.430847498139627,29.090096965668504,8.54435621256977,0.10899142269213907,2.1601274701023666e-13,3.440024565270483e-13,3.843361142221591e-10,3.801824327577501e-11,6.054443203339985e-11,7.323762205672396e-13,0.0,0.0002072588351084471,22.876987398323784,0.00010542962832676648
wide-chroma,173,200.0,8,True,1.0,100.0,49.39011119866146,18.972102197786842,37.77858903164826,49.80456681598697,14.551784602836667,17.907374845867583,3.92498455596441,7.053242289528267,47.92732726391216,16.022706721572796,15.403960725793683,45.07447898911023,7.575392552137587,25.449041581397534,45.58716504461556,5.539751216351074,5.839045639806309,2.2284223979869484,6.748726660704876,44.13860484893922,29.146325406623635,8.57447158207222,9.211550466737717e-10,4.3202549177016507e-13,6.880049094704584e-13,3.843361142221591e-10,3.801824327577501e-11,6.054443203339985e-11,7.323762205672396e-13,0.0,0.0002081577786191629,22.87698335525007,0.00010541844378356746
wide-chroma,173,200.0,8,True,5.0,0.0,49.39011119866146,18.972102197786842,37.77858903164826,49.80456681598697,14.551784602836667,17.907374845867583,3.92498455596441,7.053242289528267,47.92732726391216,16.022706721572796,15.403960725793683,1.8292707439963254,0.5828865631365703,1.1740941263655136,1.1004174637416761,0.35263962485063427,0.40218950119770136,0.5783394333858346,1.043296579225239,1.2611815049574333,17.92166744649804,0.8317859285275007,0.7836375396529363,2.534724258162461e-28,4.0365736906502088e-28,3.843361142221591e-10,3.801824327577501e-11,6.054443203339985e-11,7.323762205672396e-13,0.0,0.00021405396540783147,17.13887779923218,0.00010899367310320104
wide-chroma,173,200.0,8,True,5.0,50.0,49.39011119866146,18.972102197786842,37.77858903164826,49.80456681598697,14.551784602836667,17.907374845867583,3.92498455596441,7.053242289528267,47.92732726391216,16.022706721572796,15.403960725793683,12.616701728057956,0.5851787931130711,1.1765369821867415,12.563521805833808,0.3536114212033555,0.40356136892535643,0.5793083576658897,3.5441019237940643,12.425834106453648,17.91697671739839,0.8335031157581494,0.10899142269213907,2.1601274701023666e-13,3.440024565270483e-13,3.843361142221591e-10,3.801824327577501e-11,6.054443203339985e-11,7.323762205672396e-13,0.0,0.00021392685100059565,17.138877535975848,0.00010900581192165096
wide-chroma,173,200.0,8,True,5.0,100.0,49.39011119866146,18.972102197786842,37.77858903164826,49.80456681598697,14.551784602836667,17.907374845867583,3.92498455596441,7.053242289528267,47.92732726391216,16.022706721572796,15.403960725793683,44.94973507075866,0.5893353785217822,1.1825329158685138,45.56154668181626,0.3553561438411861,0.40545972767435673,0.5807948352168621,6.747220081461095,44.10877888866208,17.91338505890694,0.8360441439904421,9.211550466737717e-10,4.3202549177016507e-13,6.880049094704584e-13,3.843361142221591e-10,3.801824327577501e-11,6.054443203339985e-11,7.323762205672396e-13,0.0,0.00021496323620825408,17.138861142694516,0.00010900957946985414
wide-chroma,173,200.0,24,False,1.0,0.0,49.390119883178194,19.9254611176075,27.83684471973094,49.804566752505686,14.78315397567342,16.92610657078737,3.262604942833645,7.05324227914038,47.92731729155301,25.277461596158386,17.345431559033926,1.8396000289762497,19.63093469376562,24.991033814620508,1.089823792701836,13.836569371046428,16.209589593903683,3.145768058454499,1.0414917519974947,12.678461461062247,22.37346017305512,14.846752117878236,0.7836375396529363,2.534724258162461e-28,4.0365736906502088e-28,3.843361142221591e-10,3.801824327577501e-11,6.054443203339985e-11,7.323762205672396e-13,0.0,13.530733691886395,1.4904879477322227e-11,2.373616939464893e-11
wide-chroma,173,200.0,24,False,1.0,50.0,49.390119883178194,19.9254611176075,27.83684471973094,49.804566752505686,14.78315397567342,16.92610657078737,3.262604942833645,7.05324227914038,47.92731729155301,25.277461596158386,17.345431559033926,12.677872110999022,19.705148393449452,25.070722163643364,12.57231832626786,13.909742249711375,16.24227378277794,3.1522146283437413,3.5445514159197096,19.63638394968503,22.434830255431642,14.880119120850823,0.10899142269213907,2.1601274701023666e-13,3.440024565270483e-13,3.843361142221591e-10,3.801824327577501e-11,6.054443203339985e-11,7.323762205672396e-13,0.0,9.553372132683657,1.9657159907046976e-11,3.130422343107667e-11
wide-chroma,173,200.0,24,False,1.0,100.0,49.390119883178194,19.9254611176075,27.83684471973094,49.804566752505686,14.78315397567342,16.92610657078737,3.262604942833645,7.05324227914038,47.92731729155301,25.277461596158386,17.345431559033926,45.112871504529075,19.80330237798313,25.198105288817825,45.622579430846635,14.018902091498967,16.324781142215713,3.164062111576219,6.750488040217918,45.033968868374366,22.558410132914407,14.969072199412444,9.211550466737717e-10,4.3202549177016507e-13,6.880049094704584e-13,3.843361142221591e-10,3.801824327577501e-11,6.054443203339985e-11,7.323762205672396e-13,0.0,0.6180851523673643,1.792905792646443e-11,2.8552203771692978e-11
wide-chroma,173,200.0,24,False,5.0,0.0,49.390119883178194,19.9254611176075,27.83684471973094,49.804566752505686,14.78315397567342,16.92610657078737,3.262604942833645,7.05324227914038,47.92731729155301,25.277461596158386,17.345431559033926,1.8209668110740687,11.026841927758785,4.378319141967581,1.09760709886558,4.427472584679747,2.578454501820964,1.6806383045036963,1.042447314398681,12.697053809788125,5.342991288442045,2.384132977545697,0.7836375396529363,2.534724258162461e-28,4.0365736906502088e-28,3.843361142221591e-10,3.801824327577501e-11,6.054443203339985e-11,7.323762205672396e-13,0.0,13.530734442133422,1.6200955954883055e-11,2.580018412664393e-11
wide-chroma,173,200.0,24,False,5.0,50.0,49.390119883178194,19.9254611176075,27.83684471973094,49.804566752505686,14.78315397567342,16.92610657078737,3.262604942833645,7.05324227914038,47.92731729155301,25.277461596158386,17.345431559033926,12.630453394369292,11.071390296470058,4.394224191741727,12.560141935002932,4.447928918378991,2.584547840303272,1.6841736855424188,3.543537744035433,19.635932958107993,5.355969354296224,2.387556956684393,0.10899142269213907,2.1601274701023666e-13,3.440024565270483e-13,3.843361142221591e-10,3.801824327577501e-11,6.054443203339985e-11,7.323762205672396e-13,0.0,9.553372999206427,2.0737223639847882e-11,3.3024235710128276e-11
wide-chroma,173,200.0,24,False,5.0,100.0,49.390119883178194,19.9254611176075,27.83684471973094,49.804566752505686,14.78315397567342,16.92610657078737,3.262604942833645,7.05324227914038,47.92731729155301,25.277461596158386,17.345431559033926,45.005394383885346,11.139476409123573,4.41571559993675,45.56155060138186,4.478237602029481,2.5978030786612925,1.6898370273959473,6.747026943461028,44.983176874746356,5.382236494938141,2.4007151410872867,9.211550466737717e-10,4.3202549177016507e-13,6.880049094704584e-13,3.843361142221591e-10,3.801824327577501e-11,6.054443203339985e-11,7.323762205672396e-13,0.0,0.6180851331106876,1.836108342048492e-11,2.9240208684747075e-11
wide-chroma,173,200.0,24,True,1.0,0.0,49.390119883178194,19.9254611176075,27.83684471973094,49.804566752505686,14.78315397567342,16.92610657078737,3.262604942833645,7.05324227914038,47.92731961470529,25.277443979302404,17.3454290146255,1.8396000289762497,19.63093469376562,24.991033814620508,1.089823792701836,13.836569371046428,16.209589593903683,3.145768058454499,1.0414917519974947,1.2507190108525443,44.52073085683889,14.871726197651318,0.7836375396529363,2.534724258162461e-28,4.0365736906502088e-28,3.843361142221591e-10,3.801824327577501e-11,6.054443203339985e-11,7.323762205672396e-13,0.0,0.0002073784942448846,22.876995371050977,0.00010542662643639062
wide-chroma,173,200.0,24,True,1.0,50.0,49.390119883178194,19.9254611176075,27.83684471973094,49.804566752505686,14.78315397567342,16.92610657078737,3.262604942833645,7.05324227914038,47.92731961470529,25.277443979302404,17.3454290146255,12.677872110999022,19.705148393449452,25.070722163643364,12.57231832626786,13.909742249711375,16.24227378277794,3.1522146283437413,3.5445514159197096,12.45293192773584,44.653948350839414,14.894685946883413,0.10899142269213907,2.1601274701023666e-13,3.440024565270483e-13,3.843361142221591e-10,3.801824327577501e-11,6.054443203339985e-11,7.323762205672396e-13,0.0,0.0002072588351084471,22.876987398323784,0.00010542962832676648
wide-chroma,173,200.0,24,True,1.0,100.0,49.390119883178194,19.9254611176075,27.83684471973094,49.804566752505686,14.78315397567342,16.92610657078737,3.262604942833645,7.05324227914038,47.92731961470529,25.277443979302404,17.3454290146255,45.112871504529075,19.80330237798313,25.198105288817825,45.622579430846635,14.018902091498967,16.324781142215713,3.164062111576219,6.750488040217918,44.20515716311269,44.83730132675681,14.960606218295123,9.211550466737717e-10,4.3202549177016507e-13,6.880049094704584e-13,3.843361142221591e-10,3.801824327577501e-11,6.054443203339985e-11,7.323762205672396e-13,0.0,0.0002081577786191629,22.87698335525007,0.00010541844378356746
wide-chroma,173,200.0,24,True,5.0,0.0,49.390119883178194,19.9254611176075,27.83684471973094,49.804566752505686,14.78315397567342,16.92610657078737,3.262604942833645,7.05324227914038,47.92731961470529,25.277443979302404,17.3454290146255,1.8209668110740687,11.026841927758785,4.378319141967581,1.09760709886558,4.427472584679747,2.578454501820964,1.6806383045036963,1.042447314398681,1.2644752615670245,23.028562120530847,2.4760405975496083,0.7836375396529363,2.534724258162461e-28,4.0365736906502088e-28,3.843361142221591e-10,3.801824327577501e-11,6.054443203339985e-11,7.323762205672396e-13,0.0,0.00021405396540783147,17.13887779923218,0.00010899367310320104
wide-chroma,173,200.0,24,True,5.0,50.0,49.390119883178194,19.9254611176075,27.83684471973094,49.804566752505686,14.78315397567342,16.92610657078737,3.262604942833645,7.05324227914038,47.92731961470529,25.277443979302404,17.3454290146255,12.630453394369292,11.071390296470058,4.394224191741727,12.560141935002932,4.447928918378991,2.584547840303272,1.6841736855424188,3.543537744035433,12.445240181083413,23.073169582501475,2.4771927815261274,0.10899142269213907,2.1601274701023666e-13,3.440024565270483e-13,3.843361142221591e-10,3.801824327577501e-11,6.054443203339985e-11,7.323762205672396e-13,0.0,0.00021392685100059565,17.138877535975848,0.00010900581192165096
wide-chroma,173,200.0,24,True,5.0,100.0,49.390119883178194,19.9254611176075,27.83684471973094,49.804566752505686,14.78315397567342,16.92610657078737,3.262604942833645,7.05324227914038,47.92731961470529,25.277443979302404,17.3454290146255,45.005394383885346,11.139476409123573,4.41571559993675,45.56155060138186,4.478237602029481,2.5978030786612925,1.6898370273959473,6.747026943461028,44.15060966646844,23.133409833482936,2.4844477164516072,9.211550466737717e-10,4.3202549177016507e-13,6.880049094704584e-13,3.843361142221591e-10,3.801824327577501e-11,6.054443203339985e-11,7.323762205672396e-13,0.0,0.00021496323620825408,17.138861142694516,0.00010900957946985414
wide-chroma,619,30.0,8,False,1.0,0.0,48.63958139587995,36.27952397064297,18.881037336768014,46.11418262668779,23.152382194529654,29.351827529166513,4.692645834850585,6.7859643348495755,48.69222891552255,22.04362654096309,12.352590649448803,3.607107810027498,19.42712195738394,9.179512151745032,1.6758729211953878,13.714363492485797,12.75873197113026,3.145781611504537,0.7191224910272553,16.52832999646843,11.277725210330901,5.121733207725273,1.3900915852184714,1.1340669188502135e-12,1.8060128920634732e-12,0.0,0.0,0.0,0.0,0.0,14.64759947325748,2.2546330401684283e-12,3.590525629250144e-12
wide-chroma,619,30.0,8,False,1.0,50.0,48.63958139587995,36.27952397064297,18.881037336768014,46.11418262668779,23.152382194529654,29.351827529166513,4.692645834850585,6.7859643348495755,48.69222891552255,22.04362654096309,12.352590649448803,3.573740807989972,19.430008648240676,9.180778442319276,1.6763378899306676,13.71529311701463,12.759201704245038,3.1458579088571215,0.7215702955353315,16.42986302854811,11.282075253706498,5.123465513524484,1.372356620134009,1.1340669188502135e-12,1.8060128920634732e-12,0.0,0.0,0.0,0.0,0.0,14.620743519240614,2.659656940039076e-12,4.2355302340065e-12
wide-chroma,619,30.0,8,False,1.0,100.0,48.63958139587995,36.27952397064297,18.881037336768014,46.11418262668779,23.152382194529654,29.351827529166513,4.692645834850585,6.7859643348495755,48.69222891552255,22.04362654096309,12.352590649448803,3.4135120517654993,19.50653953440481,9.217098334430153,1.8379479786271633,13.740859143876957,12.777209941351957,3.1483762785038927,0.8698615416284199,14.51240659317772,11.397884732652662,5.170445964560454,1.0134873311486619,1.1475677154328707e-12,1.8275130454284303e-12,0.0,0.0,0.0,0.0,0.0,13.960038935653191,2.5651513622024276e-12,4.085029157652076e-12
wide-chroma,619,30.0,8,False,5.0,0.0,48.63958139587995,36.27952397064297,18.881037336768014,46.11418262668779,23.152382194529654,29.351827529166513,4.692645834850585,6.7859643348495755,48.69222891552255,22.04362654096309,12.352590649448803,3.975984757147023,1.2652667557418646,1.07127125781499,2.071938842794361,4.434327605873289,0.3660760752050514,0.8435414834965549,0.7709829622465997,16.74833879152646,1.0481141760307457,0.26110484227626507,1.3900915852184714,1.1340669188502135e-12,1.8060128920634732e-12,0.0,0.0,0.0,0.0,0.0,14.647599988176658,1.9711163107723235e-12,3.139022406738224e-12
wide-chroma,619,30.0,8,False,5.0,50.0,48.63958139587995,36.27952397064297,18.881037336768014,46.11418262668779,23.152382194529654,29.351827529166513,4.692645834850585,6.7859643348495755,48.69222891552255,22.04362654096309,12.352590649448803,3.942043754574252,1.2653947375058832,1.0713871677596176,2.0722556336414852,4.434829628972943,0.3660851429152758,0.8435938871581294,0.7734173208471544,16.649574574496203,1.0484589678371457,0.26119844998989766,1.372356620134009,1.1340669188502135e-12,1.8060128920634732e-12,0.0,0.0,0.0,0.0,0.0,14.620744269656893,2.5516505664987985e-12,4.063529005686978e-12
wide-chroma,619,30.0,8,False,5.0,100.0,48.63958139587995,36.27952397064297,18.881037336768014,46.11418262668779,23.152382194529654,29.351827529166513,4.692645834850585,6.7859643348495755,48.69222891552255,22.04362654096309,12.352590649448803,3.7629062491396112,1.2694173931596167,1.0751203573591204,2.2267841707497125,4.448409439642328,0.3664777925770219,0.8451042289706419,0.914488875714365,14.719799124566524,1.0581907712400112,0.26369215534794654,1.0134873311486619,1.1475677154328707e-12,1.8275130454284303e-12,0.0,0.0,0.0,0.0,0.0,13.960038584098589,2.6056537523020086e-12,4.14952961830689e-12
wide-chroma,619,30.0,8,True,1.0,0.0,48.63958139587995,36.27952397064297,18.881037336768014,46.11418262668779,23.152382194529654,29.351827529166513,4.692645834850585,6.7859643348495755,48.692227641744985,22.04362660879397,12.352591868625664,3.607107810027498,19.42712195738394,9.179512151745032,1.6758729211953878,13.714363492485797,12.75873197113026,3.145781611504537,0.7191224910272553,1.422225328673543,30.742977791287192,5.6097083421323095,1.3900915852184714,1.1340669188502135e-12,1.8060128920634732e-12,0.0,0.0,0.0,0.0,0.0,0.004796397594315359,22.970283813335865,0.002431821058057599
wide-chroma,619,30.0,8,True,1.0,50.0,48.63958139587995,36.27952397064297,18.881037336768014,46.11418262668779,23.152382194529654,29.351827529166513,4.692645834850585,6.7859643348495755,48.692227641744985,22.04362660879397,12.352591868625664,3.573740807989972,19.430008648240676,9.180778442319276,1.6763378899306676,13.71529311701463,12.759201704245038,3.1458579088571215,0.7215702955353315,1.42249616332526,30.74595525395994,5.610384612394784,1.372356620134009,1.1340669188502135e-12,1.8060128920634732e-12,0.0,0.0,0.0,0.0,0.0,0.0047962760187129,22.970284885202258,0.0024317687752514585
wide-chroma,619,30.0,8,True,1.0,100.0,48.63958139587995,36.27952397064297,18.881037336768014,46.11418262668779,23.152382194529654,29.351827529166513,4.692645834850585,6.7859643348495755,48.692227641744985,22.04362660879397,12.352591868625664,3.4135120517654993,19.50653953440481,9.217098334430153,1.8379479786271633,13.740859143876957,12.777209941351957,3.1483762785038927,0.8698615416284199,1.5922153245981019,30.82229489666836,5.629305676802937,1.0134873311486619,1.1475677154328707e-12,1.8275130454284303e-12,0.0,0.0,0.0,0.0,0.0,0.004796842187413582,22.97028172299652,0.0024318007327952013
wide-chroma,619,30.0,8,True,5.0,0.0,48.63958139587995,36.27952397064297,18.881037336768014,46.11418262668779,23.152382194529654,29.351827529166513,4.692645834850585,6.7859643348495755,48.692227641744985,22.04362660879397,12.352591868625664,3.975984757147023,1.2652667557418646,1.07127125781499,2.071938842794361,4.434327605873289,0.3660760752050514,0.8435414834965549,0.7709829622465997,1.598780210953099,19.32230452487236,0.2905501414089767,1.3900915852184714,1.1340669188502135e-12,1.8060128920634732e-12,0.0,0.0,0.0,0.0,0.0,0.004940219005568312,17.357822921194376,0.0025096466395731695
wide-chroma,619,30.0,8,True,5.0,50.0,48.63958139587995,36.27952397064297,18.881037336768014,46.11418262668779,23.152382194529654,29.351827529166513,4.692645834850585,6.7859643348495755,48.692227641744985,22.04362660879397,12.352591868625664,3.942043754574252,1.2653947375058832,1.0713871677596176,2.0722556336414852,4.434829628972943,0.3660851429152758,0.8435938871581294,0.7734173208471544,1.5985916502988318,19.322627949028345,0.2905973539266129,1.372356620134009,1.1340669188502135e-12,1.8060128920634732e-12,0.0,0.0,0.0,0.0,0.0,0.004940135036761284,17.357820846980946,0.002509619862216455
wide-chroma,619,30.0,8,True,5.0,100.0,48.63958139587995,36.27952397064297,18.881037336768014,46.11418262668779,23.152382194529654,29.351827529166513,4.692645834850585,6.7859643348495755,48.692227641744985,22.04362660879397,12.352591868625664,3.7629062491396112,1.2694173931596167,1.0751203573591204,2.2267841707497125,4.448409439642328,0.3664777925770219,0.8451042289706419,0.914488875714365,1.7549342075460184,19.331087181344753,0.2918466840305033,1.0134873311486619,1.1475677154328707e-12,1.8275130454284303e-12,0.0,0.0,0.0,0.0,0.0,0.004940751957487737,17.35782013670113,0.0025096558665611765
wide-chroma,619,30.0,24,False,1.0,0.0,48.63958370298776,22.261675613039966,19.619518854013254,46.11418320308093,11.752368816998482,16.171882084073395,3.7272601863001196,6.785964374235135,48.692226190022076,24.730024978592958,19.505676229962685,3.3585032873627694,20.744524772752676,18.161363228217617,1.4099714398162124,10.02958037159026,14.183728392220905,3.466466537786679,0.7149602705543521,16.273121423539646,20.674320489107917,16.402992304643007,1.3900915852184714,1.1340669188502135e-12,1.8060128920634732e-12,0.0,0.0,0.0,0.0,0.0,14.64759947325748,2.2546330401684283e-12,3.590525629250144e-12
wide-chroma,619,30.0,24,False,1.0,50.0,48.63958370298776,22.261675613039966,19.619518854013254,46.11418320308093,11.752368816998482,16.171882084073395,3.7272601863001196,6.785964374235135,48.692226190022076,24.730024978592958,19.505676229962685,3.324741218535319,20.74774560251389,18.163482664476124,1.410607549334928,10.02991854621749,14.183526014286185,3.4664756470847733,0.7173748667005121,16.175038267446535,20.684596212686195,16.40800387421368,1.372356620134009,1.1340669188502135e-12,1.8060128920634732e-12,0.0,0.0,0.0,0.0,0.0,14.620743519240614,2.659656940039076e-12,4.2355302340065e-12
wide-chroma,619,30.0,24,False,1.0,100.0,48.63958370298776,22.261675613039966,19.619518854013254,46.11418320308093,11.752368816998482,16.171882084073395,3.7272601863001196,6.785964374235135,48.692226190022076,24.730024978592958,19.505676229962685,3.1704250170755928,20.831981664272362,18.22867595303897,1.5764234170371416,10.042416654254565,14.185545223725475,3.4675132097042045,0.8651176183532966,14.271070100846128,20.9605370997685,16.536478031643735,1.0134873311486619,1.1475677154328707e-12,1.8275130454284303e-12,0.0,0.0,0.0,0.0,0.0,13.960038935653191,2.5651513622024276e-12,4.085029157652076e-12
wide-chroma,619,30.0,24,False,5.0,0.0,48.63958370298776,22.261675613039966,19.619518854013254,46.11418320308093,11.752368816998482,16.171882084073395,3.7272601863001196,6.785964374235135,48.692226190022076,24.730024978592958,19.505676229962685,3.7524825005768396,9.92002373614565,6.693236363443298,1.7143000894084814,1.8380242564346596,3.829645925427117,1.3592845783904928,0.7500100297143578,16.76184986764798,5.09950188078263,3.1006493638927974,1.3900915852184714,1.1340669188502135e-12,1.8060128920634732e-12,0.0,0.0,0.0,0.0,0.0,14.647599988176658,1.9711163107723235e-12,3.139022406738224e-12
wide-chroma,619,30.0,24,False,5.0,50.0,48.63958370298776,22.261675613039966,19.619518854013254,46.11418320308093,11.752368816998482,16.171882084073395,3.7272601863001196,6.785964374235135,48.692226190022076,24.730024978592958,19.505676229962685,3.718556294885697,9.921139837078158,6.694429791100813,1.714915321603575,1.838229178661985,3.8300742114034687,1.359355026497748,0.7525504588841608,16.66323016661632,5.100988066047691,3.1014407365541317,1.372356620134009,1.1340669188502135e-12,1.8060128920634732e-12,0.0,0.0,0.0,0.0,0.0,14.620744269656893,2.5516505664987985e-12,4.063529005686978e-12
wide-chroma,619,30.0,24,False,5.0,100.0,48.63958370298776,22.261675613039966,19.619518854013254,46.11418320308093,11.752368816998482,16.171882084073395,3.7272601863001196,6.785964374235135,48.692226190022076,24.730024978592958,19.505676229962685,3.5486278328867713,9.95437180246305,6.726696046382359,1.8772809889344537,1.8439689990655919,3.84164931281576,1.3613435158993954,0.8976660661454452,14.738505947569994,5.140664512799299,3.122097636472438,1.0134873311486619,1.1475677154328707e-12,1.8275130454284303e-12,0.0,0.0,0.0,0.0,0.0,13.960038584098589,2.6056537523020086e-12,4.14952961830689e-12
wide-chroma,619,30.0,24,True,1.0,0.0,48.63958370298776,22.261675613039966,19.619518854013254,46.11418320308093,11.752368816998482,16.171882084073395,3.7272601863001196,6.785964374235135,48.692226538268756,24.730025416572474,19.50567211381149,3.3585032873627694,20.744524772752676,18.161363228217617,1.4099714398162124,10.02958037159026,14.183728392220905,3.466466537786679,0.7149602705543521,1.296204272953741,40.26256942981043,16.411052881264037,1.3900915852184714,1.1340669188502135e-12,1.8060128920634732e-12,0.0,0.0,0.0,0.0,0.0,0.004796397594315359,22.970283813335865,0.002431821058057599
wide-chroma,619,30.0,24,True,1.0,50.0,48.63958370298776,22.261675613039966,19.619518854013254,46.11418320308093,11.752368816998482,16.171882084073395,3.7272601863001196,6.785964374235135,48.692226538268756,24.730025416572474,19.50567211381149,3.324741218535319,20.74774560251389,18.163482664476124,1.410607549334928,10.02991854621749,14.183526014286185,3.4664756470847733,0.7173748667005121,1.2970590828036983,40.267516902264134,16.412894580778968,1.372356620134009,1.1340669188502135e-12,1.8060128920634732e-12,0.0,0.0,0.0,0.0,0.0,0.0047962760187129,22.970284885202258,0.0024317687752514585
wide-chroma,619,30.0,24,True,1.0,100.0,48.63958370298776,22.261675613039966,19.619518854013254,46.11418320308093,11.752368816998482,16.171882084073395,3.7272601863001196,6.785964374235135,48.692226538268756,24.730025416572474,19.50567211381149,3.1704250170755928,20.831981664272362,18.22867595303897,1.5764234170371416,10.042416654254565,14.185545223725475,3.4675132097042045,0.8651176183532966,1.4830074943198344,40.40530357255461,16.461824531763636,1.0134873311486619,1.1475677154328707e-12,1.8275130454284303e-12,0.0,0.0,0.0,0.0,0.0,0.004796842187413582,22.97028172299652,0.0024318007327952013
wide-chroma,619,30.0,24,True,5.0,0.0,48.63958370298776,22.261675613039966,19.619518854013254,46.11418320308093,11.752368816998482,16.171882084073395,3.7272601863001196,6.785964374235135,48.692226538268756,24.730025416572474,19.50567211381149,3.7524825005768396,9.92002373614565,6.693236363443298,1.7143000894084814,1.8380242564346596,3.829645925427117,1.3592845783904928,0.7500100297143578,1.6172015569585434,22.50905418244302,3.0982855016924384,1.3900915852184714,1.1340669188502135e-12,1.8060128920634732e-12,0.0,0.0,0.0,0.0,0.0,0.004940219005568312,17.357822921194376,0.0025096466395731695
wide-chroma,619,30.0,24,True,5.0,50.0,48.63958370298776,22.261675613039966,19.619518854013254,46.11418320308093,11.752368816998482,16.171882084073395,3.7272601863001196,6.785964374235135,48.692226538268756,24.730025416572474,19.50567211381149,3.718556294885697,9.921139837078158,6.694429791100813,1.714915321603575,1.838229178661985,3.8300742114034687,1.359355026497748,0.7525504588841608,1.6174293178837116,22.50987331261327,3.0985779428324847,1.372356620134009,1.1340669188502135e-12,1.8060128920634732e-12,0.0,0.0,0.0,0.0,0.0,0.004940135036761284,17.357820846980946,0.002509619862216455
wide-chroma,619,30.0,24,True,5.0,100.0,48.63958370298776,22.261675613039966,19.619518854013254,46.11418320308093,11.752368816998482,16.171882084073395,3.7272601863001196,6.785964374235135,48.692226538268756,24.730025416572474,19.50567211381149,3.5486278328867713,9.95437180246305,6.726696046382359,1.8772809889344537,1.8439689990655919,3.84164931281576,1.3613435158993954,0.8976660661454452,1.7844286808691638,22.531646301174238,3.106505492871358,1.0134873311486619,1.1475677154328707e-12,1.8275130454284303e-12,0.0,0.0,0.0,0.0,0.0,0.004940751957487737,17.35782013670113,0.0025096558665611765
wide-chroma,619,128.0,8,False,1.0,0.0,48.63957866687553,36.27952480368328,18.88103774660425,46.11421140871787,23.15239220055702,29.351834925194748,4.692646576621781,6.7859664795482475,48.69224478024911,22.043630757809233,12.352595488102905,2.3181642828524875,19.469432320198948,9.4079094108365,0.7914501060746673,13.665813604882159,13.182045760611095,3.214471340231172,0.7547755717109143,14.33756120337187,11.43752832446392,5.534568590993329,1.1191786919200488,4.3202549289531917e-13,6.880049112622774e-13,2.3283064365386963e-10,0.0,0.0,0.0,0.0,14.232103343179034,6.264369638543462e-12,9.976071199864364e-12
wide-chroma,619,128.0,8,False,1.0,50.0,48.63957866687553,36.27952480368328,18.88103774660425,46.11421140871787,23.15239220055702,29.351834925194748,4.692646576621781,6.7859664795482475,48.69224478024911,22.043630757809233,12.352595488102905,3.814325284868482,19.500879156175678,9.408561303282507,3.0210938666900073,13.666230856660489,13.176885187760488,3.2141749925701055,1.6732809447847974,14.187186161652992,11.469746528548086,5.537637657572787,0.4051993126773926,0.0,0.0,2.3283064365386963e-10,0.0,0.0,0.0,0.0,13.141524281476471,4.7522804122846954e-12,7.568054008654591e-12
wide-chroma,619,128.0,8,False,1.0,100.0,48.63957866687553,36.27952480368328,18.88103774660425,46.11421140871787,23.15239220055702,29.351834925194748,4.692646576621781,6.7859664795482475,48.69224478024911,22.043630757809233,12.352595488102905,29.16873860638032,19.717721471366325,9.495250020988642,28.132144729671033,13.757314938850891,13.262650414456171,3.225252825646319,5.291502931611484,34.474755000392584,11.658181184413174,5.616354720477888,1.4400113166451913e-06,2.1601274588508256e-13,3.4400245473522914e-13,2.3283064365386963e-10,0.0,0.0,0.0,0.0,3.7426846433916006,6.4803823838659674e-12,1.0320073653703679e-11
wide-chroma,619,128.0,8,False,5.0,0.0,48.63957866687553,36.27952480368328,18.88103774660425,46.11421140871787,23.15239220055702,29.351834925194748,4.692646576621781,6.7859664795482475,48.69224478024911,22.043630757809233,12.352595488102905,2.3692225881254534,0.8477455605126462,0.9360865618458779,0.8565933466676917,3.731766068343325,0.32257325836512907,0.8712782181509086,0.767723033701195,14.357782416979152,0.7042013454013741,0.35528078631471566,1.1191786919200488,4.3202549289531917e-13,6.880049112622774e-13,2.3283064365386963e-10,0.0,0.0,0.0,0.0,14.232103343179034,6.264369638543462e-12,9.976071199864364e-12
wide-chroma,619,128.0,8,False,5.0,50.0,48.63957866687553,36.27952480368328,18.88103774660425,46.11421140871787,23.15239220055702,29.351834925194748,4.692646576621781,6.7859664795482475,48.69224478024911,22.043630757809233,12.352595488102905,3.85864653779861,0.8479686973255137,0.9363921491687008,3.0853475939641712,3.7337436783115554,0.3222864513987291,0.8715023946664795,1.6789163163120724,14.202676849111791,0.7047612423604092,0.35576122522858117,0.4051993126773926,0.0,0.0,2.3283064365386963e-10,0.0,0.0,0.0,0.0,13.141524281476471,4.7522804122846954e-12,7.568054008654591e-12
wide-chroma,619,128.0,8,False,5.0,100.0,48.63957866687553,36.27952480368328,18.88103774660425,46.11421140871787,23.15239220055702,29.351834925194748,4.692646576621781,6.7859664795482475,48.69224478024911,22.043630757809233,12.352595488102905,29.134880200879103,0.8555199872545101,0.9452641002909506,28.13651885480237,3.7678175950695167,0.3247860190479402,0.877129573579228,5.288519751335557,34.43245638002064,0.714782419199739,0.36099987077808726,1.4400113166451913e-06,2.1601274588508256e-13,3.4400245473522914e-13,2.3283064365386963e-10,0.0,0.0,0.0,0.0,3.7426847907149767,6.264369637418308e-12,9.976071198072543e-12
wide-chroma,619,128.0,8,True,1.0,0.0,48.63957866687553,36.27952480368328,18.88103774660425,46.11421140871787,23.15239220055702,29.351834925194748,4.692646576621781,6.7859664795482475,48.692258194844825,22.04362992427788,12.35259700433235,2.3181642828524875,19.469432320198948,9.4079094108365,0.7914501060746673,13.665813604882159,13.182045760611095,3.214471340231172,0.7547755717109143,0.7492964113856617,30.201615510610697,5.959945435111294,1.1191786919200488,4.3202549289531917e-13,6.880049112622774e-13,2.3283064365386963e-10,0.0,0.0,0.0,0.0,0.0004712197400034162,22.882310598882732,0.00023894544690838675
wide-chroma,619,128.0,8,True,1.0,50.0,48.63957866687553,36.27952480368328,18.88103774660425,46.11421140871787,23.15239220055702,29.351834925194748,4.692646576621781,6.7859664795482475,48.692258194844825,22.04362992427788,12.35259700433235,3.814325284868482,19.500879156175678,9.408561303282507,3.0210938666900073,13.666230856660489,13.176885187760488,3.2141749925701055,1.6732809447847974,3.1302140906221902,30.238713359941453,5.956890476712808,0.4051993126773926,0.0,0.0,2.3283064365386963e-10,0.0,0.0,0.0,0.0,0.0004712054133185226,22.882307255261523,0.00023895596716066604
wide-chroma,619,128.0,8,True,1.0,100.0,48.63957866687553,36.27952480368328,18.88103774660425,46.11421140871787,23.15239220055702,29.351834925194748,4.692646576621781,6.7859664795482475,48.692258194844825,22.04362992427788,12.35259700433235,29.16873860638032,19.717721471366325,9.495250020988642,28.132144729671033,13.757314938850891,13.262650414456171,3.225252825646319,5.291502931611484,29.550370488787184,30.449717539108242,6.0160673986679996,1.4400113166451913e-06,2.1601274588508256e-13,3.4400245473522914e-13,2.3283064365386963e-10,0.0,0.0,0.0,0.0,0.0004707875493596133,22.882306610794394,0.0002389418042538632
wide-chroma,619,128.0,8,True,5.0,0.0,48.63957866687553,36.27952480368328,18.88103774660425,46.11421140871787,23.15239220055702,29.351834925194748,4.692646576621781,6.7859664795482475,48.692258194844825,22.04362992427788,12.35259700433235,2.3692225881254534,0.8477455605126462,0.9360865618458779,0.8565933466676917,3.731766068343325,0.32257325836512907,0.8712782181509086,0.767723033701195,0.763629511546084,18.21932887889781,0.3786827915256645,1.1191786919200488,4.3202549289531917e-13,6.880049112622774e-13,2.3283064365386963e-10,0.0,0.0,0.0,0.0,0.00048614804028986774,17.151516287420897,0.0002468569069309886
wide-chroma,619,128.0,8,True,5.0,50.0,48.63957866687553,36.27952480368328,18.88103774660425,46.11421140871787,23.15239220055702,29.351834925194748,4.692646576621781,6.7859664795482475,48.692258194844825,22.04362992427788,12.35259700433235,3.85864653779861,0.8479686973255137,0.9363921491687008,3.0853475939641712,3.7337436783115554,0.3222864513987291,0.8715023946664795,1.6789163163120724,3.1412129625813745,18.2231173954826,0.3786311315247317,0.4051993126773926,0.0,0.0,2.3283064365386963e-10,0.0,0.0,0.0,0.0,0.0004861911045574187,17.151520485650547,0.00024684770903452745
wide-chroma,619,128.0,8,True,5.0,100.0,48.63957866687553,36.27952480368328,18.88103774660425,46.11421140871787,23.15239220055702,29.351834925194748,4.692646576621781,6.7859664795482475,48.692258194844825,22.04362992427788,12.35259700433235,29.134880200879103,0.8555199872545101,0.9452641002909506,28.13651885480237,3.7678175950695167,0.3247860190479402,0.877129573579228,5.288519751335557,29.50253430370372,18.237586078360987,0.38295892630051076,1.4400113166451913e-06,2.1601274588508256e-13,3.4400245473522914e-13,2.3283064365386963e-10,0.0,0.0,0.0,0.0,0.0004857223513599013,17.1515118170186,0.00024685251788142984
wide-chroma,619,128.0,24,False,1.0,0.0,48.63957809089443,22.261678844623507,19.619523050040563,46.11421285145345,11.752371896819712,16.17188728566376,3.7272607256015626,6.7859665906145406,48.692237465763306,24.730030070987606,19.505683643425726,2.2875753964942818,21.04821604714182,18.521243958810572,0.7508987804272644,10.356921071726935,14.820966054833573,3.5371815483320237,0.7530373929599969,14.316282427833041,21.71191816221298,16.90520264313746,1.1191786919200488,4.3202549289531917e-13,6.880049112622774e-13,2.3283064365386963e-10,0.0,0.0,0.0,0.0,14.232103343179034,6.264369638543462e-12,9.976071199864364e-12
wide-chroma,619,128.0,24,False,1.0,50.0,48.63957809089443,22.261678844623507,19.619523050040563,46.11421285145345,11.752371896819712,16.17188728566376,3.7272607256015626,6.7859665906145406,48.692237465763306,24.730030070987606,19.505683643425726,3.7883034308363546,21.07198720343642,18.528512897647964,2.9753385210826018,10.35218500472274,14.80825560615431,3.535979489419793,1.671304139872081,14.171534322861968,21.730540167929732,16.90985684274432,0.4051993126773926,0.0,0.0,2.3283064365386963e-10,0.0,0.0,0.0,0.0,13.141524281476471,4.7522804122846954e-12,7.568054008654591e-12
wide-chroma,619,128.0,24,False,1.0,100.0,48.63957809089443,22.261678844623507,19.619523050040563,46.11421285145345,11.752371896819712,16.17188728566376,3.7272607256015626,6.7859665906145406,48.692237465763306,24.730030070987606,19.505683643425726,29.19148756105116,21.303783090548915,18.636702360081113,28.10110076185965,10.404261111982807,14.869472467486633,3.543954051538694,5.29162852685103,34.51627901394027,22.030705616414224,17.099220227269463,1.4400113166451913e-06,2.1601274588508256e-13,3.4400245473522914e-13,2.3283064365386963e-10,0.0,0.0,0.0,0.0,3.7426846433916006,6.4803823838659674e-12,1.0320073653703679e-11
wide-chroma,619,128.0,24,False,5.0,0.0,48.63957809089443,22.261678844623507,19.619523050040563,46.11421285145345,11.752371896819712,16.17188728566376,3.7272607256015626,6.7859665906145406,48.692237465763306,24.730030070987606,19.505683643425726,2.3780874925643234,9.854373433515798,6.1171643436675085,0.8036554163436417,1.9979323575542776,3.816349492218117,1.3996759308889104,0.762882773266156,14.370489532222802,5.68729691288301,3.0207878125146,1.1191786919200488,4.3202549289531917e-13,6.880049112622774e-13,2.3283064365386963e-10,0.0,0.0,0.0,0.0,14.232103343179034,6.264369638543462e-12,9.976071199864364e-12
wide-chroma,619,128.0,24,False,5.0,50.0,48.63957809089443,22.261678844623507,19.619523050040563,46.11421285145345,11.752371896819712,16.17188728566376,3.7272607256015626,6.7859665906145406,48.692237465763306,24.730030070987606,19.505683643425726,3.872594718428149,9.858248730106036,6.120674504798828,3.029584082570831,1.9990569892961083,3.8192113550595956,1.400120920265101,1.6762726234509568,14.223029722440153,5.689760661097566,3.0216770788341987,0.4051993126773926,0.0,0.0,2.3283064365386963e-10,0.0,0.0,0.0,0.0,13.141524281476471,4.7522804122846954e-12,7.568054008654591e-12
wide-chroma,619,128.0,24,False,5.0,100.0,48.63957809089443,22.261678844623507,19.619523050040563,46.11421285145345,11.752371896819712,16.17188728566376,3.7272607256015626,6.7859665906145406,48.692237465763306,24.730030070987606,19.505683643425726,29.21001310564756,9.956076279328684,6.169126404251237,28.112604048467684,2.0154803292343395,3.854877875355055,1.4070599789818974,5.2900220077952245,34.47268773188875,5.7553923626290455,3.048902870158766,1.4400113166451913e-06,2.1601274588508256e-13,3.4400245473522914e-13,2.3283064365386963e-10,0.0,0.0,0.0,0.0,3.7426847907149767,6.264369637418308e-12,9.976071198072543e-12
wide-chroma,619,128.0,24,True,1.0,0.0,48.63957809089443,22.261678844623507,19.619523050040563,46.11421285145345,11.752371896819712,16.17188728566376,3.7272607256015626,6.7859665906145406,48.69225547181065,24.730034556147796,19.50567880402096,2.2875753964942818,21.04821604714182,18.521243958810572,0.7508987804272644,10.356921071726935,14.820966054833573,3.5371815483320237,0.7530373929599969,0.7385408995856735,42.77758837377304,16.918559147224805,1.1191786919200488,4.3202549289531917e-13,6.880049112622774e-13,2.3283064365386963e-10,0.0,0.0,0.0,0.0,0.0004712197400034162,22.882310598882732,0.00023894544690838675
wide-chroma,619,128.0,24,True,1.0,50.0,48.63957809089443,22.261678844623507,19.619523050040563,46.11421285145345,11.752371896819712,16.17188728566376,3.7272607256015626,6.7859665906145406,48.69225547181065,24.730034556147796,19.50567880402096,3.7883034308363546,21.07198720343642,18.528512897647964,2.9753385210826018,10.35218500472274,14.80825560615431,3.535979489419793,1.671304139872081,3.1234495560478313,42.81802046869081,16.908063981039266,0.4051993126773926,0.0,0.0,2.3283064365386963e-10,0.0,0.0,0.0,0.0,0.0004712054133185226,22.882307255261523,0.00023895596716066604
wide-chroma,619,128.0,24,True,1.0,100.0,48.63957809089443,22.261678844623507,19.619523050040563,46.11421285145345,11.752371896819712,16.17188728566376,3.7272607256015626,6.7859665906145406,48.69225547181065,24.730034556147796,19.50567880402096,29.19148756105116,21.303783090548915,18.636702360081113,28.10110076185965,10.404261111982807,14.869472467486633,3.543954051538694,5.29162852685103,29.607300232784567,43.169229050506054,17.050480848648764,1.4400113166451913e-06,2.1601274588508256e-13,3.4400245473522914e-13,2.3283064365386963e-10,0.0,0.0,0.0,0.0,0.0004707875493596133,22.882306610794394,0.0002389418042538632
wide-chroma,619,128.0,24,True,5.0,0.0,48.63957809089443,22.261678844623507,19.619523050040563,46.11421285145345,11.752371896819712,16.17188728566376,3.7272607256015626,6.7859665906145406,48.69225547181065,24.730034556147796,19.50567880402096,2.3780874925643234,9.854373433515798,6.1171643436675085,0.8036554163436417,1.9979323575542776,3.816349492218117,1.3996759308889104,0.762882773266156,0.7747810578183855,23.139896013792775,3.07681608218562,1.1191786919200488,4.3202549289531917e-13,6.880049112622774e-13,2.3283064365386963e-10,0.0,0.0,0.0,0.0,0.00048614804028986774,17.151516287420897,0.0002468569069309886
wide-chroma,619,128.0,24,True,5.0,50.0,48.63957809089443,22.261678844623507,19.619523050040563,46.11421285145345,11.752371896819712,16.17188728566376,3.7272607256015626,6.7859665906145406,48.69225547181065,24.730034556147796,19.50567880402096,3.872594718428149,9.858248730106036,6.120674504798828,3.029584082570831,1.9990569892961083,3.8192113550595956,1.400120920265101,1.6762726234509568,3.158336185794654,23.143835845737758,3.076459573392752,0.4051993126773926,0.0,0.0,2.3283064365386963e-10,0.0,0.0,0.0,0.0,0.0004861911045574187,17.151520485650547,0.00024684770903452745
wide-chroma,619,128.0,24,True,5.0,100.0,48.63957809089443,22.261678844623507,19.619523050040563,46.11421285145345,11.752371896819712,16.17188728566376,3.7272607256015626,6.7859665906145406,48.69225547181065,24.730034556147796,19.50567880402096,29.21001310564756,9.956076279328684,6.169126404251237,28.112604048467684,2.0154803292343395,3.854877875355055,1.4070599789818974,5.2900220077952245,29.554014545752192,23.219261638286177,3.0974150364349904,1.4400113166451913e-06,2.1601274588508256e-13,3.4400245473522914e-13,2.3283064365386963e-10,0.0,0.0,0.0,0.0,0.0004857223513599013,17.1515118170186,0.00024685251788142984
wide-chroma,619,200.0,8,False,1.0,0.0,48.639583831112596,36.279524390517125,18.88104136799179,46.11418779800966,23.152421956829112,29.35183515828411,4.6926460767714095,6.785965092377486,48.692234200925895,22.043626265824326,12.352590898159281,2.327999046552358,19.493811645569792,9.424301977339105,1.0886532267880098,13.617520703619181,13.198456691522884,3.219407773828292,0.970862867286982,12.877299638710415,11.420515079360591,5.576597696225645,0.7836375396529363,2.534724258162461e-28,4.0365736906502088e-28,3.843361142221591e-10,3.801824327577501e-11,6.054443203339985e-11,7.323762205672396e-13,0.0,13.530733691886395,1.4904879477322227e-11,2.373616939464893e-11
wide-chroma,619,200.0,8,False,1.0,50.0,48.639583831112596,36.279524390517125,18.88104136799179,46.11418779800966,23.152421956829112,29.35183515828411,4.6926460767714095,6.785965092377486,48.692234200925895,22.043626265824326,12.352590898159281,11.999346492637809,19.549757869199453,9.430312618159876,11.389859983690183,13.630181143551544,13.201570220514752,3.2203059238738407,3.3569259072664535,19.279056831429173,11.47420250689061,5.589639127478599,0.10899142269213907,2.1601274701023666e-13,3.440024565270483e-13,3.843361142221591e-10,3.801824327577501e-11,6.054443203339985e-11,7.323762205672396e-13,0.0,9.553372132683657,1.9657159907046976e-11,3.130422343107667e-11
wide-chroma,619,200.0,8,False,1.0,100.0,48.639583831112596,36.279524390517125,18.88104136799179,46.11418779800966,23.152421956829112,29.35183515828411,4.6926460767714095,6.785965092377486,48.692234200925895,22.043626265824326,12.352590898159281,43.88861338349645,19.65813875560068,9.483298031344328,42.02476346230185,13.682046458700333,13.246443282442632,3.226264184045974,6.476524247617941,45.67861568207707,11.552434839240753,5.623245630828975,9.211550466737717e-10,4.3202549177016507e-13,6.880049094704584e-13,3.843361142221591e-10,3.801824327577501e-11,6.054443203339985e-11,7.323762205672396e-13,0.0,0.6180851523673643,1.792905792646443e-11,2.8552203771692978e-11
wide-chroma,619,200.0,8,False,5.0,0.0,48.639583831112596,36.279524390517125,18.88104136799179,46.11418779800966,23.152421956829112,29.35183515828411,4.6926460767714095,6.785965092377486,48.692234200925895,22.043626265824326,12.352590898159281,2.354616199057471,0.7915337720439515,0.9243171991625413,1.126226614324335,3.6090692409228335,0.32090852044121954,0.8738052735024333,0.9776459628035749,12.884549528538496,0.6576169965921076,0.37548811922452646,0.7836375396529363,2.534724258162461e-28,4.0365736906502088e-28,3.843361142221591e-10,3.801824327577501e-11,6.054443203339985e-11,7.323762205672396e-13,0.0,13.530734442133422,1.6200955954883055e-11,2.580018412664393e-11
wide-chroma,619,200.0,8,False,5.0,50.0,48.639583831112596,36.279524390517125,18.88104136799179,46.11418779800966,23.152421956829112,29.35183515828411,4.6926460767714095,6.785965092377486,48.692234200925895,22.043626265824326,12.352590898159281,12.012007629553645,0.7925530016612985,0.9256480579721726,11.420727858513786,3.6152439607593654,0.32104842965869357,0.8746610829386751,3.3582077404636546,19.27439912688504,0.659270935562078,0.3765533320671052,0.10899142269213907,2.1601274701023666e-13,3.440024565270483e-13,3.843361142221591e-10,3.801824327577501e-11,6.054443203339985e-11,7.323762205672396e-13,0.0,9.553372999206427,2.0737223639847882e-11,3.3024235710128276e-11
wide-chroma,619,200.0,8,False,5.0,100.0,48.639583831112596,36.279524390517125,18.88104136799179,46.11418779800966,23.152421956829112,29.35183515828411,4.6926460767714095,6.785965092377486,48.692234200925895,22.043626265824326,12.352590898159281,43.857569484306126,0.7963115131571981,0.9303003572340756,42.02287985502134,3.63181937243353,0.32248466765565126,0.8775476736580664,6.474963696597957,45.647528584703686,0.6630997709465878,0.37889929443480036,9.211550466737717e-10,4.3202549177016507e-13,6.880049094704584e-13,3.843361142221591e-10,3.801824327577501e-11,6.054443203339985e-11,7.323762205672396e-13,0.0,0.6180851331106876,1.836108342048492e-11,2.9240208684747075e-11
wide-chroma,619,200.0,8,True,1.0,0.0,48.639583831112596,36.279524390517125,18.88104136799179,46.11418779800966,23.152421956829112,29.35183515828411,4.6926460767714095,6.785965092377486,48.692232734807405,22.043636743981626,12.352586827766105,2.327999046552358,19.493811645569792,9.424301977339105,1.0886532267880098,13.617520703619181,13.198456691522884,3.219407773828292,0.970862867286982,1.1106810551389552,30.080891508666227,5.992783818632216,0.7836375396529363,2.534724258162461e-28,4.0365736906502088e-28,3.843361142221591e-10,3.801824327577501e-11,6.054443203339985e-11,7.323762205672396e-13,0.0,0.0002073784942448846,22.876995371050977,0.00010542662643639062
wide-chroma,619,200.0,8,True,1.0,50.0,48.639583831112596,36.279524390517125,18.88104136799179,46.11418779800966,23.152421956829112,29.35183515828411,4.6926460767714095,6.785965092377486,48.692232734807405,22.043636743981626,12.352586827766105,11.999346492637809,19.549757869199453,9.430312618159876,11.389859983690183,13.630181143551544,13.201570220514752,3.2203059238738407,3.3569259072664535,12.08967492014748,30.143271552885267,5.997101576505953,0.10899142269213907,2.1601274701023666e-13,3.440024565270483e-13,3.843361142221591e-10,3.801824327577501e-11,6.054443203339985e-11,7.323762205672396e-13,0.0,0.0002072588351084471,22.876987398323784,0.00010542962832676648
wide-chroma,619,200.0,8,True,1.0,100.0,48.639583831112596,36.279524390517125,18.88104136799179,46.11418779800966,23.152421956829112,29.35183515828411,4.6926460767714095,6.785965092377486,48.692232734807405,22.043636743981626,12.352586827766105,43.88861338349645,19.65813875560068,9.483298031344328,42.02476346230185,13.682046458700333,13.246443282442632,3.226264184045974,6.476524247617941,44.38410705796606,30.247240138514986,6.027865426133346,9.211550466737717e-10,4.3202549177016507e-13,6.880049094704584e-13,3.843361142221591e-10,3.801824327577501e-11,6.054443203339985e-11,7.323762205672396e-13,0.0,0.0002081577786191629,22.87698335525007,0.00010541844378356746
wide-chroma,619,200.0,8,True,5.0,0.0,48.639583831112596,36.279524390517125,18.88104136799179,46.11418779800966,23.152421956829112,29.35183515828411,4.6926460767714095,6.785965092377486,48.692232734807405,22.043636743981626,12.352586827766105,2.354616199057471,0.7915337720439515,0.9243171991625413,1.126226614324335,3.6090692409228335,0.32090852044121954,0.8738052735024333,0.9776459628035749,1.1147513718702662,18.093245484932968,0.39548159142679723,0.7836375396529363,2.534724258162461e-28,4.0365736906502088e-28,3.843361142221591e-10,3.801824327577501e-11,6.054443203339985e-11,7.323762205672396e-13,0.0,0.00021405396540783147,17.13887779923218,0.00010899367310320104
wide-chroma,619,200.0,8,True,5.0,50.0,48.639583831112596,36.279524390517125,18.88104136799179,46.11418779800966,23.152421956829112,29.35183515828411,4.6926460767714095,6.785965092377486,48.692232734807405,22.043636743981626,12.352586827766105,12.012007629553645,0.7925530016612985,0.9256480579721726,11.420727858513786,3.6152439607593654,0.32104842965869357,0.8746610829386751,3.3582077404636546,12.0834340788441,18.097821847736093,0.39597826312495477,0.10899142269213907,2.1601274701023666e-13,3.440024565270483e-13,3.843361142221591e-10,3.801824327577501e-11,6.054443203339985e-11,7.323762205672396e-13,0.0,0.00021392685100059565,17.138877535975848,0.00010900581192165096
wide-chroma,619,200.0,8,True,5.0,100.0,48.639583831112596,36.279524390517125,18.88104136799179,46.11418779800966,23.152421956829112,29.35183515828411,4.6926460767714095,6.785965092377486,48.692232734807405,22.043636743981626,12.352586827766105,43.857569484306126,0.7963115131571981,0.9303003572340756,42.02287985502134,3.63181937243353,0.32248466765565126,0.8775476736580664,6.474963696597957,44.34706292015806,18.10445519266939,0.39836856484595473,9.211550466737717e-10,4.3202549177016507e-13,6.880049094704584e-13,3.843361142221591e-10,3.801824327577501e-11,6.054443203339985e-11,7.323762205672396e-13,0.0,0.00021496323620825408,17.138861142694516,0.00010900957946985414
wide-chroma,619,200.0,24,False,1.0,0.0,48.63958220270526,22.261677928721095,19.619522226493896,46.11419313028868,11.752373532423908,16.171883372065036,3.727260321530399,6.785965464767024,48.692234778285716,24.730030939903816,19.50567356250656,2.3131468957626113,21.087262694570885,18.53884337104751,1.0650546087643817,10.373770035137307,14.868569125160157,3.5419950258323323,0.9695076600205724,12.869728728269935,21.806159850325407,16.9274009174019,0.7836375396529363,2.534724258162461e-28,4.0365736906502088e-28,3.843361142221591e-10,3.801824327577501e-11,6.054443203339985e-11,7.323762205672396e-13,0.0,13.530733691886395,1.4904879477322227e-11,2.373616939464893e-11
wide-chroma,619,200.0,24,False,1.0,50.0,48.63958220270526,22.261677928721095,19.619522226493896,46.11419313028868,11.752373532423908,16.171883372065036,3.727260321530399,6.785965464767024,48.692234778285716,24.730030939903816,19.50567356250656,11.99851177903387,21.130653084798993,18.55610440633149,11.365021027373356,10.369242771930583,14.861151662991142,3.5411844048882766,3.3562560632860836,19.280145558358917,21.84963769742917,16.951097654787812,0.10899142269213907,2.1601274701023666e-13,3.440024565270483e-13,3.843361142221591e-10,3.801824327577501e-11,6.054443203339985e-11,7.323762205672396e-13,0.0,9.553372132683657,1.9657159907046976e-11,3.130422343107667e-11
wide-chroma,619,200.0,24,False,1.0,100.0,48.63958220270526,22.261677928721095,19.619522226493896,46.11419313028868,11.752373532423908,16.171883372065036,3.727260321530399,6.785965464767024,48.692234778285716,24.730030939903816,19.50567356250656,43.908885958921566,21.261874375189976,18.603179279101532,42.01419306915593,10.395181012184596,14.89620868816745,3.545457399087745,6.477045831064651,45.70635195527227,21.978879011363162,17.041501844525904,9.211550466737717e-10,4.3202549177016507e-13,6.880049094704584e-13,3.843361142221591e-10,3.801824327577501e-11,6.054443203339985e-11,7.323762205672396e-13,0.0,0.6180851523673643,1.792905792646443e-11,2.8552203771692978e-11
wide-chroma,619,200.0,24,False,5.0,0.0,48.63958220270526,22.261677928721095,19.619522226493896,46.11419313028868,11.752373532423908,16.171883372065036,3.727260321530399,6.785965464767024,48.692234778285716,24.730030939903816,19.50567356250656,2.3686564048203893,9.825197410656356,6.042111132287878,1.0973058864688472,2.0248144360054035,3.805355469832571,1.403725786167451,0.9754674178531795,12.894365117047215,5.756883673949142,2.9951798967237795,0.7836375396529363,2.534724258162461e-28,4.0365736906502088e-28,3.843361142221591e-10,3.801824327577501e-11,6.054443203339985e-11,7.323762205672396e-13,0.0,13.530734442133422,1.6200955954883055e-11,2.580018412664393e-11
wide-chroma,619,200.0,24,False,5.0,50.0,48.63958220270526,22.261677928721095,19.619522226493896,46.11419313028868,11.752373532423908,16.171883372065036,3.727260321530399,6.785965464767024,48.692234778285716,24.730030939903816,19.50567356250656,12.041328591842856,9.838023378088632,6.0492605664211005,11.395793166846737,2.0269297113100344,3.812155226573322,1.4048125332745198,3.358070738660579,19.291003100091018,5.764385589961935,2.9974252730769355,0.10899142269213907,2.1601274701023666e-13,3.440024565270483e-13,3.843361142221591e-10,3.801824327577501e-11,6.054443203339985e-11,7.323762205672396e-13,0.0,9.553372999206427,2.0737223639847882e-11,3.3024235710128276e-11
wide-chroma,619,200.0,24,False,5.0,100.0,48.63958220270526,22.261677928721095,19.619522226493896,46.11419313028868,11.752373532423908,16.171883372065036,3.727260321530399,6.785965464767024,48.692234778285716,24.730030939903816,19.50567356250656,43.919001629546415,9.895046254029602,6.073292746528976,42.022001531918285,2.035077909154418,3.830948981730674,1.4085439578634984,6.476503870467911,45.669048233465766,5.794539537130924,3.009540099660323,9.211550466737717e-10,4.3202549177016507e-13,6.880049094704584e-13,3.843361142221591e-10,3.801824327577501e-11,6.054443203339985e-11,7.323762205672396e-13,0.0,0.6180851331106876,1.836108342048492e-11,2.9240208684747075e-11
wide-chroma,619,200.0,24,True,1.0,0.0,48.63958220270526,22.261677928721095,19.619522226493896,46.11419313028868,11.752373532423908,16.171883372065036,3.727260321530399,6.785965464767024,48.692229927240255,24.73000825763148,19.50570191110263,2.3131468957626113,21.087262694570885,18.53884337104751,1.0650546087643817,10.373770035137307,14.868569125160157,3.5419950258323323,0.9695076600205724,1.1073168543126544,43.128941301298,16.95486059516461,0.7836375396529363,2.534724258162461e-28,4.0365736906502088e-28,3.843361142221591e-10,3.801824327577501e-11,6.054443203339985e-11,7.323762205672396e-13,0.0,0.0002073784942448846,22.876995371050977,0.00010542662643639062
wide-chroma,619,200.0,24,True,1.0,50.0,48.63958220270526,22.261677928721095,19.619522226493896,46.11419313028868,11.752373532423908,16.171883372065036,3.727260321530399,6.785965464767024,48.692229927240255,24.73000825763148,19.50570191110263,11.99851177903387,21.130653084798993,18.55610440633149,11.365021027373356,10.369242771930583,14.861151662991142,3.5411844048882766,3.3562560632860836,12.098793312097188,43.20618542717409,16.964298922200037,0.10899142269213907,2.1601274701023666e-13,3.440024565270483e-13,3.843361142221591e-10,3.801824327577501e-11,6.054443203339985e-11,7.323762205672396e-13,0.0,0.0002072588351084471,22.876987398323784,0.00010542962832676648
wide-chroma,619,200.0,24,True,1.0,100.0,48.63958220270526,22.261677928721095,19.619522226493896,46.11419313028868,11.752373532423908,16.171883372065036,3.727260321530399,6.785965464767024,48.692229927240255,24.73000825763148,19.50570191110263,43.908885958921566,21.261874375189976,18.603179279101532,42.01419306915593,10.395181012184596,14.89620868816745,3.545457399087745,6.477045831064651,44.42493055010973,43.38191462387741,17.04276480219322,9.211550466737717e-10,4.3202549177016507e-13,6.880049094704584e-13,3.843361142221591e-10,3.801824327577501e-11,6.054443203339985e-11,7.323762205672396e-13,0.0,0.0002081577786191629,22.87698335525007,0.00010541844378356746
wide-chroma,619,200.0,24,True,5.0,0.0,48.63958220270526,22.261677928721095,19.619522226493896,46.11419313028868,11.752373532423908,16.171883372065036,3.727260321530399,6.785965464767024,48.692229927240255,24.73000825763148,19.50570191110263,2.3686564048203893,9.825197410656356,6.042111132287878,1.0973058864688472,2.0248144360054035,3.805355469832571,1.403725786167451,0.9754674178531795,1.1234182985507668,23.260335372741316,3.0631698427824,0.7836375396529363,2.534724258162461e-28,4.0365736906502088e-28,3.843361142221591e-10,3.801824327577501e-11,6.054443203339985e-11,7.323762205672396e-13,0.0,0.00021405396540783147,17.13887779923218,0.00010899367310320104
wide-chroma,619,200.0,24,True,5.0,50.0,48.63958220270526,22.261677928721095,19.619522226493896,46.11419313028868,11.752373532423908,16.171883372065036,3.727260321530399,6.785965464767024,48.692229927240255,24.73000825763148,19.50570191110263,12.041328591842856,9.838023378088632,6.0492605664211005,11.395793166846737,2.0269297113100344,3.812155226573322,1.4048125332745198,3.358070738660579,12.103200321349808,23.273719467239577,3.0650326394099565,0.10899142269213907,2.1601274701023666e-13,3.440024565270483e-13,3.843361142221591e-10,3.801824327577501e-11,6.054443203339985e-11,7.323762205672396e-13,0.0,0.00021392685100059565,17.138877535975848,0.00010900581192165096
wide-chroma,619,200.0,24,True,5.0,100.0,48.63958220270526,22.261677928721095,19.619522226493896,46.11419313028868,11.752373532423908,16.171883372065036,3.727260321530399,6.785965464767024,48.692229927240255,24.73000825763148,19.50570191110263,43.919001629546415,9.895046254029602,6.073292746528976,42.022001531918285,2.035077909154418,3.830948981730674,1.4085439578634984,6.476503870467911,44.380856116703676,23.31458994616448,3.0754808196962222,9.211550466737717e-10,4.3202549177016507e-13,6.880049094704584e-13,3.843361142221591e-10,3.801824327577501e-11,6.054443203339985e-11,7.323762205672396e-13,0.0,0.00021496323620825408,17.138861142694516,0.00010900957946985414
combined,173,30.0,8,False,1.0,0.0,49.390110827800086,18.97209966631668,37.77858488733249,49.80455231643809,14.551774906525191,17.907389421659204,3.9249841124293963,7.053241590940244,47.92731360543451,16.02271467458747,15.40395789393823,2.263001095726677,7.170889819573212,24.563809034747646,1.314328946530904,5.335296730922165,5.432842573691796,2.1544336190509603,0.7737432968323371,16.182394020256393,9.00155488969324,7.751605144182721,1.1799460129237975,1.1340669188502135e-12,1.8060128920634732e-12,0.0,0.0,0.0,0.0,0.0,14.378940642881314,2.5921529557896707e-12,4.128029465053915e-12
combined,173,30.0,8,False,1.0,50.0,49.390110827800086,18.97209966631668,37.77858488733249,49.80455231643809,14.551774906525191,17.907389421659204,3.9249841124293963,7.053241590940244,47.92731360543451,16.02271467458747,15.40395789393823,2.325238801622289,7.216919494714092,24.702140309264404,1.895452660523421,5.3467588090073415,5.432526459119467,2.1554069899808757,1.0676540777583625,15.063548142247164,9.021936603167168,7.8075673293684895,0.4278901781811843,1.1340669188502135e-12,1.8060128920634732e-12,0.0,0.0,0.0,0.0,0.0,13.709223116334666,2.89929607974163e-12,4.617157956808444e-12
combined,173,30.0,8,False,1.0,100.0,49.390110827800086,18.97209966631668,37.77858488733249,49.80455231643809,14.551774906525191,17.907389421659204,3.9249841124293963,7.053241590940244,47.92731360543451,16.02271467458747,15.40395789393823,4.9033342182138915,7.474973399359333,25.33211525220414,4.392951274590117,5.41560712530877,5.523192970130373,2.171389204386792,1.927285555073103,13.414448390669742,9.371327211487232,8.262912311082786,2.3668829891499292e-07,1.188070105321486e-12,1.892013505747281e-12,0.0,0.0,0.0,0.0,0.0,4.69057775542286,2.1061242761066384e-12,3.3540239396038734e-12
combined,173,30.0,8,False,5.0,0.0,49.390110827800086,18.97209966631668,37.77858488733249,49.80455231643809,14.551774906525191,17.907389421659204,3.9249841124293963,7.053241590940244,47.92731360543451,16.02271467458747,15.40395789393823,2.8169757963696744,0.3938028559830167,1.3376739026825264,1.4120480046563626,0.5729792634350678,0.36767800598211425,0.5770007991776901,0.7703749006091971,16.465843132802835,0.3471646508378472,0.7596689406781878,1.1799460129237975,1.1340669188502135e-12,1.8060128920634732e-12,0.0,0.0,0.0,0.0,0.0,14.378939648215534,2.916172075355674e-12,4.644033148332649e-12
combined,173,30.0,8,False,5.0,50.0,49.390110827800086,18.97209966631668,37.77858488733249,49.80455231643809,14.551774906525191,17.907389421659204,3.9249841124293963,7.053241590940244,47.92731360543451,16.02271467458747,15.40395789393823,2.8153459617106993,0.39643351074044064,1.340799703892035,1.9891570307404567,0.5723256793130925,0.36747310651221576,0.5768410063192779,1.061957211670257,15.339533333060611,0.3482326336030025,0.7620068901649473,0.4278901781811843,1.1340669188502135e-12,1.8060128920634732e-12,0.0,0.0,0.0,0.0,0.0,13.709223062980742,3.1558112159372593e-12,5.025660872534461e-12
combined,173,30.0,8,False,5.0,100.0,49.390110827800086,18.97209966631668,37.77858488733249,49.80455231643809,14.551774906525191,17.907389421659204,3.9249841124293963,7.053241590940244,47.92731360543451,16.02271467458747,15.40395789393823,5.088480165269535,0.41482556270250065,1.375598501884314,4.44867695873579,0.5754026399305353,0.37024236686208384,0.5788472780447689,1.915004936830157,13.570056987066692,0.3664050756355074,0.7920910189765806,2.3668829891499292e-07,1.188070105321486e-12,1.892013505747281e-12,0.0,0.0,0.0,0.0,0.0,4.690577883368344,2.3626394121967815e-12,3.762526855161904e-12
combined,173,30.0,8,True,1.0,0.0,49.390110827800086,18.97209966631668,37.77858488733249,49.80455231643809,14.551774906525191,17.907389421659204,3.9249841124293963,7.053241590940244,47.92731224800945,16.022715562959565,15.403956099206546,2.263001095726677,7.170889819573212,24.563809034747646,1.314328946530904,5.335296730922165,5.432842573691796,2.1544336190509603,0.7737432968323371,1.5595302111555414,27.990644237780103,8.100612300960039,1.1799460129237975,1.1340669188502135e-12,1.8060128920634732e-12,0.0,0.0,0.0,0.0,0.0,0.004796600663704733,22.97028186121504,0.0024318049644806786
combined,173,30.0,8,True,1.0,50.0,49.390110827800086,18.97209966631668,37.77858488733249,49.80455231643809,14.551774906525191,17.907389421659204,3.9249841124293963,7.053241590940244,47.92731224800945,16.022715562959565,15.403956099206546,2.325238801622289,7.216919494714092,24.702140309264404,1.895452660523421,5.3467588090073415,5.432526459119467,2.1554069899808757,1.0676540777583625,1.8757251840327334,28.01287319088905,8.114508099389662,0.4278901781811843,1.1340669188502135e-12,1.8060128920634732e-12,0.0,0.0,0.0,0.0,0.0,0.004796600663704733,22.97028186121504,0.0024318049644806786
combined,173,30.0,8,True,1.0,100.0,49.390110827800086,18.97209966631668,37.77858488733249,49.80455231643809,14.551774906525191,17.907389421659204,3.9249841124293963,7.053241590940244,47.92731224800945,16.022715562959565,15.403956099206546,4.9033342182138915,7.474973399359333,25.33211525220414,4.392951274590117,5.41560712530877,5.523192970130373,2.171389204386792,1.927285555073103,3.746902774911445,28.06958185771713,8.239304624747723,2.3668829891499292e-07,1.188070105321486e-12,1.892013505747281e-12,0.0,0.0,0.0,0.0,0.0,0.004796600663704733,22.97028186121504,0.0024318049644806786
combined,173,30.0,8,True,5.0,0.0,49.390110827800086,18.97209966631668,37.77858488733249,49.80455231643809,14.551774906525191,17.907389421659204,3.9249841124293963,7.053241590940244,47.92731224800945,16.022715562959565,15.403956099206546,2.8169757963696744,0.3938028559830167,1.3376739026825264,1.4120480046563626,0.5729792634350678,0.36767800598211425,0.5770007991776901,0.7703749006091971,1.73827215389653,18.21931665572063,0.7607112653901624,1.1799460129237975,1.1340669188502135e-12,1.8060128920634732e-12,0.0,0.0,0.0,0.0,0.0,0.0049404172919897595,17.35782299881402,0.0025096231313742573
combined,173,30.0,8,True,5.0,50.0,49.390110827800086,18.97209966631668,37.77858488733249,49.80455231643809,14.551774906525191,17.907389421659204,3.9249841124293963,7.053241590940244,47.92731224800945,16.022715562959565,15.403956099206546,2.8153459617106993,0.39643351074044064,1.340799703892035,1.9891570307404567,0.5723256793130925,0.36747310651221576,0.5768410063192779,1.061957211670257,2.0484926457151182,18.215877962229367,0.7605978991182472,0.4278901781811843,1.1340669188502135e-12,1.8060128920634732e-12,0.0,0.0,0.0,0.0,0.0,0.0049404172919897595,17.35782299881402,0.0025096231313742573
combined,173,30.0,8,True,5.0,100.0,49.390110827800086,18.97209966631668,37.77858488733249,49.80455231643809,14.551774906525191,17.907389421659204,3.9249841124293963,7.053241590940244,47.92731224800945,16.022715562959565,15.403956099206546,5.088480165269535,0.41482556270250065,1.375598501884314,4.44867695873579,0.5754026399305353,0.37024236686208384,0.5788472780447689,1.915004936830157,3.869292267697993,18.203822977962904,0.7662346999435788,2.3668829891499292e-07,1.188070105321486e-12,1.892013505747281e-12,0.0,0.0,0.0,0.0,0.0,0.0049404172919897595,17.35782299881402,0.0025096231313742573
combined,173,30.0,24,False,1.0,0.0,49.390111268192214,19.92545689015087,27.83683735335038,49.80455293196358,14.78315318129888,16.92605459713195,3.262604848866492,7.053241631411566,47.92731275563998,25.277454307175706,17.345431039739946,2.1285459950739365,19.144970955278062,24.652443151260403,1.1199018055625563,13.35232536762323,15.737005475726628,3.090500600871323,0.7631836992335719,15.925630754356492,21.27980268310582,14.115467062363146,1.1799460129237975,1.1340669188502135e-12,1.8060128920634732e-12,0.0,0.0,0.0,0.0,0.0,14.378940642881314,2.5921529557896707e-12,4.128029465053915e-12
combined,173,30.0,24,False,1.0,50.0,49.390111268192214,19.92545689015087,27.83683735335038,49.80455293196358,14.78315318129888,16.92605459713195,3.262604848866492,7.053241631411566,47.92731275563998,25.277454307175706,17.345431039739946,2.2362364081484003,19.20647659905138,24.772136080399857,1.7498069275087165,13.393305867902129,15.71392290069126,3.093021077101047,1.085469793155386,14.82434383159597,21.450195780479195,14.27553725604299,0.4278901781811843,1.1340669188502135e-12,1.8060128920634732e-12,0.0,0.0,0.0,0.0,0.0,13.709223116334666,2.89929607974163e-12,4.617157956808444e-12
combined,173,30.0,24,False,1.0,100.0,49.390111268192214,19.92545689015087,27.83683735335038,49.80455293196358,14.78315318129888,16.92605459713195,3.262604848866492,7.053241631411566,47.92731275563998,25.277454307175706,17.345431039739946,4.998645790049203,19.52036103271409,25.205933572406064,4.4151173161836015,13.698361707726466,15.76555201954325,3.117782453952077,1.9803299688921565,13.49944297266845,22.743763405156255,15.36719002604841,2.3668829891499292e-07,1.188070105321486e-12,1.892013505747281e-12,0.0,0.0,0.0,0.0,0.0,4.69057775542286,2.1061242761066384e-12,3.3540239396038734e-12
combined,173,30.0,24,False,5.0,0.0,49.390111268192214,19.92545689015087,27.83683735335038,49.80455293196358,14.78315318129888,16.92605459713195,3.262604848866492,7.053241631411566,47.92731275563998,25.277454307175706,17.345431039739946,2.386890888318339,11.297892480453786,4.266031981662809,1.3831811796480173,4.205792912459055,2.722412786289039,1.616603570816513,0.7756518846478057,16.4025588873605,4.95443007088946,2.293635377997234,1.1799460129237975,1.1340669188502135e-12,1.8060128920634732e-12,0.0,0.0,0.0,0.0,0.0,14.378939648215534,2.916172075355674e-12,4.644033148332649e-12
combined,173,30.0,24,False,5.0,50.0,49.390111268192214,19.92545689015087,27.83683735335038,49.80455293196358,14.78315318129888,16.92605459713195,3.262604848866492,7.053241631411566,47.92731275563998,25.277454307175706,17.345431039739946,2.453658927780029,11.344455911888149,4.287592252919036,2.0087710611704117,4.205318414127003,2.7167457392262127,1.6160758643037831,1.0890944869254815,15.27925690083228,4.988353342227559,2.3022499345260528,0.4278901781811843,1.1340669188502135e-12,1.8060128920634732e-12,0.0,0.0,0.0,0.0,0.0,13.709223062980742,3.1558112159372593e-12,5.025660872534461e-12
combined,173,30.0,24,False,5.0,100.0,49.390111268192214,19.92545689015087,27.83683735335038,49.80455293196358,14.78315318129888,16.92605459713195,3.262604848866492,7.053241631411566,47.92731275563998,25.277454307175706,17.345431039739946,5.036656607950799,11.631073840395882,4.419477476229466,4.61398444359603,4.252674944250624,2.7295966649170045,1.6245134477138867,1.9703892305768398,13.665663682323963,5.221500275783502,2.3943422079690655,2.3668829891499292e-07,1.188070105321486e-12,1.892013505747281e-12,0.0,0.0,0.0,0.0,0.0,4.690577883368344,2.3626394121967815e-12,3.762526855161904e-12
combined,173,30.0,24,True,1.0,0.0,49.390111268192214,19.92545689015087,27.83683735335038,49.80455293196358,14.78315318129888,16.92605459713195,3.262604848866492,7.053241631411566,47.927311759065276,25.277455476186333,17.34543147411593,2.1285459950739365,19.144970955278062,24.652443151260403,1.1199018055625563,13.35232536762323,15.737005475726628,3.090500600871323,0.7631836992335719,1.4245451083494984,42.383761588904136,14.32688097678801,1.1799460129237975,1.1340669188502135e-12,1.8060128920634732e-12,0.0,0.0,0.0,0.0,0.0,0.004796600663704733,22.97028186121504,0.0024318049644806786
combined,173,30.0,24,True,1.0,50.0,49.390111268192214,19.92545689015087,27.83683735335038,49.80455293196358,14.78315318129888,16.92605459713195,3.262604848866492,7.053241631411566,47.927311759065276,25.277455476186333,17.34543147411593,2.2362364081484003,19.20647659905138,24.772136080399857,1.7498069275087165,13.393305867902129,15.71392290069126,3.093021077101047,1.085469793155386,1.776066510234576,42.47159225942994,14.3371201714618,0.4278901781811843,1.1340669188502135e-12,1.8060128920634732e-12,0.0,0.0,0.0,0.0,0.0,0.004796600663704733,22.97028186121504,0.0024318049644806786
combined,173,30.0,24,True,1.0,100.0,49.390111268192214,19.92545689015087,27.83683735335038,49.80455293196358,14.78315318129888,16.92605459713195,3.262604848866492,7.053241631411566,47.927311759065276,25.277455476186333,17.34543147411593,4.998645790049203,19.52036103271409,25.205933572406064,4.4151173161836015,13.698361707726466,15.76555201954325,3.117782453952077,1.9803299688921565,3.7774345321990563,43.004878370736876,14.497625614976439,2.3668829891499292e-07,1.188070105321486e-12,1.892013505747281e-12,0.0,0.0,0.0,0.0,0.0,0.004796600663704733,22.97028186121504,0.0024318049644806786
combined,173,30.0,24,True,5.0,0.0,49.390111268192214,19.92545689015087,27.83683735335038,49.80455293196358,14.78315318129888,16.92605459713195,3.262604848866492,7.053241631411566,47.927311759065276,25.277455476186333,17.34543147411593,2.386890888318339,11.297892480453786,4.266031981662809,1.3831811796480173,4.205792912459055,2.722412786289039,1.616603570816513,0.7756518846478057,1.7350699388243198,22.91783550402641,2.3886368667805926,1.1799460129237975,1.1340669188502135e-12,1.8060128920634732e-12,0.0,0.0,0.0,0.0,0.0,0.0049404172919897595,17.35782299881402,0.0025096231313742573
combined,173,30.0,24,True,5.0,50.0,49.390111268192214,19.92545689015087,27.83683735335038,49.80455293196358,14.78315318129888,16.92605459713195,3.262604848866492,7.053241631411566,47.927311759065276,25.277455476186333,17.34543147411593,2.453658927780029,11.344455911888149,4.287592252919036,2.0087710611704117,4.205318414127003,2.7167457392262127,1.6160758643037831,1.0890944869254815,2.074207999447677,22.941575434421246,2.3836109666139054,0.4278901781811843,1.1340669188502135e-12,1.8060128920634732e-12,0.0,0.0,0.0,0.0,0.0,0.0049404172919897595,17.35782299881402,0.0025096231313742573
combined,173,30.0,24,True,5.0,100.0,49.390111268192214,19.92545689015087,27.83683735335038,49.80455293196358,14.78315318129888,16.92605459713195,3.262604848866492,7.053241631411566,47.927311759065276,25.277455476186333,17.34543147411593,5.036656607950799,11.631073840395882,4.419477476229466,4.61398444359603,4.252674944250624,2.7295966649170045,1.6245134477138867,1.9703892305768398,3.9813776828563876,23.071305929025723,2.3975564514698307,2.3668829891499292e-07,1.188070105321486e-12,1.892013505747281e-12,0.0,0.0,0.0,0.0,0.0,0.0049404172919897595,17.35782299881402,0.0025096231313742573
combined,173,128.0,8,False,1.0,0.0,49.390107479649394,18.97210197026172,37.77859274030057,49.80458659637223,14.551779275187306,17.907394461650107,3.9249847148472536,7.053243983128126,47.927331737332594,16.02271770501789,15.403960004329777,1.6857641243469572,7.449490724325815,25.10433460829005,0.6382222951322859,5.469078910454439,5.7607239160751185,2.212275597576566,0.765738077661643,14.909737421649023,9.490371115425141,8.14722930882233,1.0922279007245814,8.640509857906383e-13,1.3760098225245552e-12,2.3283064365386963e-10,0.0,0.0,0.0,0.0,14.283204412128937,5.6163313963876e-12,8.944063828491406e-12
combined,173,128.0,8,False,1.0,50.0,49.390107479649394,18.97210197026172,37.77859274030057,49.80458659637223,14.551779275187306,17.907394461650107,3.9249847148472536,7.053243983128126,47.927331737332594,16.02271770501789,15.403960004329777,1.7976912366723843,7.457798628762442,25.129846438981023,1.2033355027293093,5.471634831453948,5.758620203683096,2.2122445383794926,1.0671403527482703,13.828920135930185,9.486249243989498,8.153953254238344,0.37051010371206483,2.1601274588508256e-13,3.4400245473522914e-13,2.3283064365386963e-10,0.0,0.0,0.0,0.0,13.614708512124716,6.69639513875228e-12,1.0664076122773474e-11
combined,173,128.0,8,False,1.0,100.0,49.390107479649394,18.97210197026172,37.77859274030057,49.80458659637223,14.551779275187306,17.907394461650107,3.9249847148472536,7.053243983128126,47.927331737332594,16.02271770501789,15.403960004329777,4.614460610513691,7.494639792151152,25.24392292590198,3.843003289122828,5.4860547000172355,5.773769845088016,2.2149850688468473,1.9455387762750345,12.641918916585842,9.506691221231238,8.217769125917473,1.8304754948095507e-07,3.662896326824399e-31,5.833198974928008e-31,2.3283064365386963e-10,0.0,0.0,0.0,0.0,4.618033139028951,6.912407878449018e-12,1.1008078567653682e-11
combined,173,128.0,8,False,5.0,0.0,49.390107479649394,18.97210197026172,37.77859274030057,49.80458659637223,14.551779275187306,17.907394461650107,3.9249847148472536,7.053243983128126,47.927331737332594,16.02271770501789,15.403960004329777,1.7084775128452976,0.5482279013006451,1.195043843202339,0.6463682799667786,0.375860727888626,0.3944988274475702,0.5790149342325701,0.7649356830493804,14.946306212518923,0.36429041751799823,0.8171757173889426,1.0922279007245814,8.640509857906383e-13,1.3760098225245552e-12,2.3283064365386963e-10,0.0,0.0,0.0,0.0,14.283204412128937,5.6163313963876e-12,8.944063828491406e-12
combined,173,128.0,8,False,5.0,50.0,49.390107479649394,18.97210197026172,37.77859274030057,49.80458659637223,14.551779275187306,17.907394461650107,3.9249847148472536,7.053243983128126,47.927331737332594,16.02271770501789,15.403960004329777,1.8105958830083921,0.5486138177446495,1.1950959311396685,1.211313462445667,0.37565552643086786,0.39433636905154285,0.5788885071557606,1.0659993496288656,13.864831287016061,0.36432917074572974,0.8171778788311954,0.37051010371206483,2.1601274588508256e-13,3.4400245473522914e-13,2.3283064365386963e-10,0.0,0.0,0.0,0.0,13.614708776341237,6.4803823928671974e-12,1.0320073668038245e-11
combined,173,128.0,8,False,5.0,100.0,49.390107479649394,18.97210197026172,37.77859274030057,49.80458659637223,14.551779275187306,17.907394461650107,3.9249847148472536,7.053243983128126,47.927331737332594,16.02271770501789,15.403960004329777,4.582400639662817,0.5519866716062665,1.1993977637334674,3.8444177238202237,0.37552321476578177,0.3946725880180424,0.5789503711529941,1.9433516049792878,12.659714748153053,0.36686847228229374,0.8207755143954237,1.8304754948095507e-07,3.662896326824399e-31,5.833198974928008e-31,2.3283064365386963e-10,0.0,0.0,0.0,0.0,4.618033139028951,6.912407878449018e-12,1.1008078567653682e-11
combined,173,128.0,8,True,1.0,0.0,49.390107479649394,18.97210197026172,37.77859274030057,49.80458659637223,14.551779275187306,17.907394461650107,3.9249847148472536,7.053243983128126,47.92733838917744,16.022720678106005,15.40396031091164,1.6857641243469572,7.449490724325815,25.10433460829005,0.6382222951322859,5.469078910454439,5.7607239160751185,2.212275597576566,0.765738077661643,0.802195024241304,28.929192592152766,8.488059133351015,1.0922279007245814,8.640509857906383e-13,1.3760098225245552e-12,2.3283064365386963e-10,0.0,0.0,0.0,0.0,0.0004713017763300882,22.882306450643647,0.00023897512273373108
combined,173,128.0,8,True,1.0,50.0,49.390107479649394,18.97210197026172,37.77859274030057,49.80458659637223,14.551779275187306,17.907394461650107,3.9249847148472536,7.053243983128126,47.92733838917744,16.022720678106005,15.40396031091164,1.7976912366723843,7.457798628762442,25.129846438981023,1.2033355027293093,5.471634831453948,5.758620203683096,2.2122445383794926,1.0671403527482703,1.1173548929080672,28.933872115343277,8.490389582585479,0.37051010371206483,2.1601274588508256e-13,3.4400245473522914e-13,2.3283064365386963e-10,0.0,0.0,0.0,0.0,0.0004713017763300882,22.882306450643647,0.00023897512273373108
combined,173,128.0,8,True,1.0,100.0,49.390107479649394,18.97210197026172,37.77859274030057,49.80458659637223,14.551779275187306,17.907394461650107,3.9249847148472536,7.053243983128126,47.92733838917744,16.022720678106005,15.40396031091164,4.614460610513691,7.494639792151152,25.24392292590198,3.843003289122828,5.4860547000172355,5.773769845088016,2.2149850688468473,1.9455387762750345,3.0891946278351172,28.94033495734271,8.513166012727945,1.8304754948095507e-07,3.662896326824399e-31,5.833198974928008e-31,2.3283064365386963e-10,0.0,0.0,0.0,0.0,0.0004713017763300882,22.882306450643647,0.00023897512273373108
combined,173,128.0,8,True,5.0,0.0,49.390107479649394,18.97210197026172,37.77859274030057,49.80458659637223,14.551779275187306,17.907394461650107,3.9249847148472536,7.053243983128126,47.92733838917744,16.022720678106005,15.40396031091164,1.7084775128452976,0.5482279013006451,1.195043843202339,0.6463682799667786,0.375860727888626,0.3944988274475702,0.5790149342325701,0.7649356830493804,0.8198841125188636,17.910913214089515,0.8200389746811182,1.0922279007245814,8.640509857906383e-13,1.3760098225245552e-12,2.3283064365386963e-10,0.0,0.0,0.0,0.0,0.0004862585430485992,17.151511661035265,0.000246866396911843
combined,173,128.0,8,True,5.0,50.0,49.390107479649394,18.97210197026172,37.77859274030057,49.80458659637223,14.551779275187306,17.907394461650107,3.9249847148472536,7.053243983128126,47.92733838917744,16.022720678106005,15.40396031091164,1.8105958830083921,0.5486138177446495,1.1950959311396685,1.211313462445667,0.37565552643086786,0.39433636905154285,0.5788885071557606,1.0659993496288656,1.1343807594921775,17.909556397840483,0.819948158096195,0.37051010371206483,2.1601274588508256e-13,3.4400245473522914e-13,2.3283064365386963e-10,0.0,0.0,0.0,0.0,0.0004862585430485992,17.151511661035265,0.000246866396911843
combined,173,128.0,8,True,5.0,100.0,49.390107479649394,18.97210197026172,37.77859274030057,49.80458659637223,14.551779275187306,17.907394461650107,3.9249847148472536,7.053243983128126,47.92733838917744,16.022720678106005,15.40396031091164,4.582400639662817,0.5519866716062665,1.1993977637334674,3.8444177238202237,0.37552321476578177,0.3946725880180424,0.5789503711529941,1.9433516049792878,3.0983942683886974,17.90518020584599,0.820882191932441,1.8304754948095507e-07,3.662896326824399e-31,5.833198974928008e-31,2.3283064365386963e-10,0.0,0.0,0.0,0.0,0.0004862585430485992,17.151511661035265,0.000246866396911843
combined,173,128.0,24,False,1.0,0.0,49.390107120597186,19.925460028557584,27.836840329587826,49.8045883685691,14.783156926440721,16.92606190764426,3.2626053572845444,7.053244118044325,47.92733045707531,25.277460647846667,17.34543715960024,1.684504893012806,19.589563910125786,24.918895403572584,0.616528968431431,13.801670014602218,16.175448063133498,3.141673594833144,0.7616191759472545,14.884014512795884,22.27824152533057,14.788791322757078,1.0922279007245814,8.640509857906383e-13,1.3760098225245552e-12,2.3283064365386963e-10,0.0,0.0,0.0,0.0,14.283204412128937,5.6163313963876e-12,8.944063828491406e-12
combined,173,128.0,24,False,1.0,50.0,49.390107120597186,19.925460028557584,27.836840329587826,49.8045883685691,14.783156926440721,16.92606190764426,3.2626053572845444,7.053244118044325,47.92733045707531,25.277460647846667,17.34543715960024,1.8432742933967308,19.60008167690845,24.938653996489794,1.2274288731354814,13.805127273479625,16.161622430217893,3.1414388193276945,1.0863872816000595,13.803650097988045,22.288788502936814,14.802975992396856,0.37051010371206483,2.1601274588508256e-13,3.4400245473522914e-13,2.3283064365386963e-10,0.0,0.0,0.0,0.0,13.614708512124716,6.69639513875228e-12,1.0664076122773474e-11
combined,173,128.0,24,False,1.0,100.0,49.390107120597186,19.925460028557584,27.836840329587826,49.8045883685691,14.783156926440721,16.92606190764426,3.2626053572845444,7.053244118044325,47.92733045707531,25.277460647846667,17.34543715960024,4.798215978834812,19.653358169923667,25.002850156838345,4.00037686926023,13.849168085954702,16.152130187806534,3.1440246580103466,1.9902212908878611,12.756143697434604,22.38470538753749,14.896786569356177,1.8304754948095507e-07,3.662896326824399e-31,5.833198974928008e-31,2.3283064365386963e-10,0.0,0.0,0.0,0.0,4.618033139028951,6.912407878449018e-12,1.1008078567653682e-11
combined,173,128.0,24,False,5.0,0.0,49.390107120597186,19.925460028557584,27.836840329587826,49.8045883685691,14.783156926440721,16.92606190764426,3.2626053572845444,7.053244118044325,47.92733045707531,25.277460647846667,17.34543715960024,1.6753137199423473,11.08860539152799,4.3668332150767055,0.6415728413173104,4.406261722657579,2.605024429240533,1.6752870573950303,0.764076038796915,14.9330165739281,5.30356467320668,2.377708134904906,1.0922279007245814,8.640509857906383e-13,1.3760098225245552e-12,2.3283064365386963e-10,0.0,0.0,0.0,0.0,14.283204412128937,5.6163313963876e-12,8.944063828491406e-12
combined,173,128.0,24,False,5.0,50.0,49.390107120597186,19.925460028557584,27.836840329587826,49.8045883685691,14.783156926440721,16.92606190764426,3.2626053572845444,7.053244118044325,47.92733045707531,25.277460647846667,17.34543715960024,1.828537789665714,11.095721509810783,4.3711557206445955,1.2544816355536168,4.404676785668314,2.602424738667716,1.674818683879444,1.0878495414496103,13.850005498992642,5.307757707413619,2.3775778989139735,0.37051010371206483,2.1601274588508256e-13,3.4400245473522914e-13,2.3283064365386963e-10,0.0,0.0,0.0,0.0,13.614708776341237,6.4803823928671974e-12,1.0320073668038245e-11
combined,173,128.0,24,False,5.0,100.0,49.390107120597186,19.925460028557584,27.836840329587826,49.8045883685691,14.783156926440721,16.92606190764426,3.2626053572845444,7.053244118044325,47.92733045707531,25.277460647846667,17.34543715960024,4.762615766868685,11.138552653532383,4.389511120943563,4.023614770727234,4.41237759787938,2.6023136828366904,1.675908549652431,1.9905235350648265,12.770554267423778,5.332779410858748,2.3851079335564114,1.8304754948095507e-07,3.662896326824399e-31,5.833198974928008e-31,2.3283064365386963e-10,0.0,0.0,0.0,0.0,4.618033139028951,6.912407878449018e-12,1.1008078567653682e-11
combined,173,128.0,24,True,1.0,0.0,49.390107120597186,19.925460028557584,27.836840329587826,49.8045883685691,14.783156926440721,16.92606190764426,3.2626053572845444,7.053244118044325,47.927338236740184,25.277460927248185,17.345438321471672,1.684504893012806,19.589563910125786,24.918895403572584,0.616528968431431,13.801670014602218,16.175448063133498,3.141673594833144,0.7616191759472545,0.7871861023288618,44.28152657382537,14.835919040525457,1.0922279007245814,8.640509857906383e-13,1.3760098225245552e-12,2.3283064365386963e-10,0.0,0.0,0.0,0.0,0.0004713017763300882,22.882306450643647,0.00023897512273373108
combined,173,128.0,24,True,1.0,50.0,49.390107120597186,19.925460028557584,27.836840329587826,49.8045883685691,14.783156926440721,16.92606190764426,3.2626053572845444,7.053244118044325,47.927338236740184,25.277460927248185,17.345438321471672,1.8432742933967308,19.60008167690845,24.938653996489794,1.2274288731354814,13.805127273479625,16.161622430217893,3.1414388193276945,1.0863872816000595,1.1288880773026881,44.299258987331704,14.835720371344292,0.37051010371206483,2.1601274588508256e-13,3.4400245473522914e-13,2.3283064365386963e-10,0.0,0.0,0.0,0.0,0.0004713017763300882,22.882306450643647,0.00023897512273373108
combined,173,128.0,24,True,1.0,100.0,49.390107120597186,19.925460028557584,27.836840329587826,49.8045883685691,14.783156926440721,16.92606190764426,3.2626053572845444,7.053244118044325,47.927338236740184,25.277460927248185,17.345438321471672,4.798215978834812,19.653358169923667,25.002850156838345,4.00037686926023,13.849168085954702,16.152130187806534,3.1440246580103466,1.9902212908878611,3.1747867454527796,44.395598278602826,14.859314825979913,1.8304754948095507e-07,3.662896326824399e-31,5.833198974928008e-31,2.3283064365386963e-10,0.0,0.0,0.0,0.0,0.0004713017763300882,22.882306450643647,0.00023897512273373108
combined,173,128.0,24,True,5.0,0.0,49.390107120597186,19.925460028557584,27.836840329587826,49.8045883685691,14.783156926440721,16.92606190764426,3.2626053572845444,7.053244118044325,47.927338236740184,25.277460927248185,17.345438321471672,1.6753137199423473,11.08860539152799,4.3668332150767055,0.6415728413173104,4.406261722657579,2.605024429240533,1.6752870573950303,0.764076038796915,0.8219595844063702,22.988625591311067,2.4704072738777585,1.0922279007245814,8.640509857906383e-13,1.3760098225245552e-12,2.3283064365386963e-10,0.0,0.0,0.0,0.0,0.0004862585430485992,17.151511661035265,0.000246866396911843
combined,173,128.0,24,True,5.0,50.0,49.390107120597186,19.925460028557584,27.836840329587826,49.8045883685691,14.783156926440721,16.92606190764426,3.2626053572845444,7.053244118044325,47.927338236740184,25.277460927248185,17.345438321471672,1.828537789665714,11.095721509810783,4.3711557206445955,1.2544816355536168,4.404676785668314,2.602424738667716,1.674818683879444,1.0878495414496103,1.1622068374271017,22.995511303140045,2.468300383927554,0.37051010371206483,2.1601274588508256e-13,3.4400245473522914e-13,2.3283064365386963e-10,0.0,0.0,0.0,0.0,0.0004862585430485992,17.151511661035265,0.000246866396911843
combined,173,128.0,24,True,5.0,100.0,49.390107120597186,19.925460028557584,27.836840329587826,49.8045883685691,14.783156926440721,16.92606190764426,3.2626053572845444,7.053244118044325,47.927338236740184,25.277460927248185,17.345438321471672,4.762615766868685,11.138552653532383,4.389511120943563,4.023614770727234,4.41237759787938,2.6023136828366904,1.675908549652431,1.9905235350648265,3.1942833551857097,23.030953558145466,2.4687628011917684,1.8304754948095507e-07,3.662896326824399e-31,5.833198974928008e-31,2.3283064365386963e-10,0.0,0.0,0.0,0.0,0.0004862585430485992,17.151511661035265,0.000246866396911843
combined,173,200.0,8,False,1.0,0.0,49.39011119866146,18.972102197786842,37.77858903164826,49.80456681598697,14.551784602836667,17.907374845867583,3.92498455596441,7.053242289528267,47.92732269303946,16.022721076142407,15.40395786512914,1.6868977119315445,7.495008182629222,25.179771606447513,0.6006860700328627,5.475372923303497,5.791200688967508,2.2173444156895363,0.7635671213995295,14.827464155404959,9.533117206994921,8.179683972916541,1.086927746395397,2.1601274701023666e-13,3.440024565270483e-13,3.843361142221591e-10,3.801824327577501e-11,6.054443203339985e-11,7.323762205672396e-13,0.0,14.277385017439007,2.3113363852459922e-11,3.6808262724758526e-11
combined,173,200.0,8,False,1.0,50.0,49.39011119866146,18.972102197786842,37.77858903164826,49.80456681598697,14.551784602836667,17.907374845867583,3.92498455596441,7.053242289528267,47.92732269303946,16.022721076142407,15.40395786512914,1.8030352508826215,7.500188435591082,25.194263930694337,1.1610314162938724,5.476930868704122,5.789615787006582,2.217289352627737,1.0656258109342849,13.745023622921135,9.529479152781484,8.182936006229639,0.3671713565722294,2.5640274287770578e-28,4.083239282449635e-28,3.843361142221591e-10,3.801824327577501e-11,6.054443203339985e-11,7.323762205672396e-13,0.0,13.60905508706355,2.3545389334103713e-11,3.7496267618102573e-11
combined,173,200.0,8,False,1.0,100.0,49.39011119866146,18.972102197786842,37.77858903164826,49.80456681598697,14.551784602836667,17.907374845867583,3.92498455596441,7.053242289528267,47.92732269303946,16.022721076142407,15.40395786512914,4.6452929016145506,7.521966497418429,25.257892021863494,3.809545931899519,5.485621170728713,5.798382993899268,2.218879396529962,1.9459434388248926,12.586034771224938,9.536218679976383,8.217573047005489,1.8157989757708602e-07,4.320254928953192e-13,6.880049112622774e-13,3.843361142221591e-10,3.801824327577501e-11,6.054443203339985e-11,7.323762205672396e-13,0.0,4.61374761199117,2.1601274635764974e-11,3.440024554877922e-11
combined,173,200.0,8,False,5.0,0.0,49.39011119866146,18.972102197786842,37.77858903164826,49.80456681598697,14.551784602836667,17.907374845867583,3.92498455596441,7.053242289528267,47.92732269303946,16.022721076142407,15.40395786512914,1.6888442515271256,0.582329031272755,1.1736981790501633,0.6035824258939052,0.35252865203531913,0.40194864572161265,0.5781878943771647,0.7630591566582541,14.845818701903687,0.38041218774220503,0.8301333143652783,1.086927746395397,2.1601274701023666e-13,3.440024565270483e-13,3.843361142221591e-10,3.801824327577501e-11,6.054443203339985e-11,7.323762205672396e-13,0.0,14.277384750192024,2.3761402090115178e-11,3.784027008896421e-11
combined,173,200.0,8,False,5.0,50.0,49.39011119866146,18.972102197786842,37.77858903164826,49.80456681598697,14.551784602836667,17.907374845867583,3.92498455596441,7.053242289528267,47.92732269303946,16.022721076142407,15.40395786512914,1.7994637724058473,0.5825266732598127,1.173651074359584,1.1639482190916128,0.3523950624644348,0.4018284545035335,0.57809599003906,1.064941095375752,13.763210448580377,0.3803917874100409,0.8300349168279331,0.3671713565722294,2.5640274287770578e-28,4.083239282449635e-28,3.843361142221591e-10,3.801824327577501e-11,6.054443203339985e-11,7.323762205672396e-13,0.0,13.609055875297994,2.7217606019775945e-11,4.334430935756056e-11
combined,173,200.0,8,False,5.0,100.0,49.39011119866146,18.972102197786842,37.77858903164826,49.80456681598697,14.551784602836667,17.907374845867583,3.92498455596441,7.053242289528267,47.92732269303946,16.022721076142407,15.40395786512914,4.617447502233712,0.5845330930189386,1.1760156651665108,3.8087554005985464,0.3522331922627329,0.40198462230676063,0.5780770370314297,1.9446702025986309,12.594522387103593,0.38168847429100977,0.8317325631013283,1.8157989757708602e-07,4.320254928953192e-13,6.880049112622774e-13,3.843361142221591e-10,3.801824327577501e-11,6.054443203339985e-11,7.323762205672396e-13,0.0,4.613747525714536,2.2465325620430476e-11,3.577625536951195e-11
combined,173,200.0,8,True,1.0,0.0,49.39011119866146,18.972102197786842,37.77858903164826,49.80456681598697,14.551784602836667,17.907374845867583,3.92498455596441,7.053242289528267,47.92732726391216,16.022706721572796,15.403960725793683,1.6868977119315445,7.495008182629222,25.179771606447513,0.6006860700328627,5.475372923303497,5.791200688967508,2.2173444156895363,0.7635671213995295,0.7554029496344976,29.062900274456737,8.520340442819402,1.086927746395397,2.1601274701023666e-13,3.440024565270483e-13,3.843361142221591e-10,3.801824327577501e-11,6.054443203339985e-11,7.323762205672396e-13,0.0,0.0002074681913727474,22.876995085779015,0.00010545284918456822
combined,173,200.0,8,True,1.0,50.0,49.39011119866146,18.972102197786842,37.77858903164826,49.80456681598697,14.551784602836667,17.907374845867583,3.92498455596441,7.053242289528267,47.92732726391216,16.022706721572796,15.403960725793683,1.8030352508826215,7.500188435591082,25.194263930694337,1.1610314162938724,5.476930868704122,5.789615787006582,2.217289352627737,1.0656258109342849,1.0689538926579312,29.065774109013674,8.521693670320774,0.3671713565722294,2.5640274287770578e-28,4.083239282449635e-28,3.843361142221591e-10,3.801824327577501e-11,6.054443203339985e-11,7.323762205672396e-13,0.0,0.0002074681913727474,22.876995085779015,0.00010545284918456822
combined,173,200.0,8,True,1.0,100.0,49.39011119866146,18.972102197786842,37.77858903164826,49.80456681598697,14.551784602836667,17.907374845867583,3.92498455596441,7.053242289528267,47.92732726391216,16.022706721572796,15.403960725793683,4.6452929016145506,7.521966497418429,25.257892021863494,3.809545931899519,5.485621170728713,5.798382993899268,2.218879396529962,1.9459434388248926,3.0463341509513864,29.068985239501874,8.535185412498171,1.8157989757708602e-07,4.320254928953192e-13,6.880049112622774e-13,3.843361142221591e-10,3.801824327577501e-11,6.054443203339985e-11,7.323762205672396e-13,0.0,0.0002074681913727474,22.876995085779015,0.00010545284918456822
combined,173,200.0,8,True,5.0,0.0,49.39011119866146,18.972102197786842,37.77858903164826,49.80456681598697,14.551784602836667,17.907374845867583,3.92498455596441,7.053242289528267,47.92732726391216,16.022706721572796,15.403960725793683,1.6888442515271256,0.582329031272755,1.1736981790501633,0.6035824258939052,0.35252865203531913,0.40194864572161265,0.5781878943771647,0.7630591566582541,0.7627264311844411,17.922680970212937,0.8316628768539679,1.086927746395397,2.1601274701023666e-13,3.440024565270483e-13,3.843361142221591e-10,3.801824327577501e-11,6.054443203339985e-11,7.323762205672396e-13,0.0,0.00021412976212218586,17.138878065200156,0.00010899481004049354
combined,173,200.0,8,True,5.0,50.0,49.39011119866146,18.972102197786842,37.77858903164826,49.80456681598697,14.551784602836667,17.907374845867583,3.92498455596441,7.053242289528267,47.92732726391216,16.022706721572796,15.403960725793683,1.7994637724058473,0.5825266732598127,1.173651074359584,1.1639482190916128,0.3523950624644348,0.4018284545035335,0.57809599003906,1.064941095375752,1.0759820616054836,17.921764617772343,0.8315942257312062,0.3671713565722294,2.5640274287770578e-28,4.083239282449635e-28,3.843361142221591e-10,3.801824327577501e-11,6.054443203339985e-11,7.323762205672396e-13,0.0,0.00021412976212218586,17.138878065200156,0.00010899481004049354
combined,173,200.0,8,True,5.0,100.0,49.39011119866146,18.972102197786842,37.77858903164826,49.80456681598697,14.551784602836667,17.907374845867583,3.92498455596441,7.053242289528267,47.92732726391216,16.022706721572796,15.403960725793683,4.617447502233712,0.5845330930189386,1.1760156651665108,3.8087554005985464,0.3522331922627329,0.40198462230676063,0.5780770370314297,1.9446702025986309,3.0491166012829654,17.91888724176842,0.8321182475942406,1.8157989757708602e-07,4.320254928953192e-13,6.880049112622774e-13,3.843361142221591e-10,3.801824327577501e-11,6.054443203339985e-11,7.323762205672396e-13,0.0,0.00021412976212218586,17.138878065200156,0.00010899481004049354
combined,173,200.0,24,False,1.0,0.0,49.390119883178194,19.9254611176075,27.83684471973094,49.804566752505686,14.78315397567342,16.92610657078737,3.262604942833645,7.05324227914038,47.92731729155301,25.277461596158386,17.345431559033926,1.6899576801504184,19.61909111059025,24.975832520013633,0.5904616351566995,13.826027456317245,16.202837505039373,3.1447926392766767,0.7607423022937332,14.817625136608374,22.355542748878307,14.837676473814243,1.086927746395397,2.1601274701023666e-13,3.440024565270483e-13,3.843361142221591e-10,3.801824327577501e-11,6.054443203339985e-11,7.323762205672396e-13,0.0,14.277385017439007,2.3113363852459922e-11,3.6808262724758526e-11
combined,173,200.0,24,False,1.0,50.0,49.390119883178194,19.9254611176075,27.83684471973094,49.804566752505686,14.78315397567342,16.92610657078737,3.262604942833645,7.05324227914038,47.92731729155301,25.277461596158386,17.345431559033926,1.851951220448388,19.625038394985367,24.987080372880474,1.1967901748461571,13.827613066786945,16.19288341810286,3.144548400674537,1.0856083567130876,13.734116952148296,22.358957562922914,14.843706526558694,0.3671713565722294,2.5640274287770578e-28,4.083239282449635e-28,3.843361142221591e-10,3.801824327577501e-11,6.054443203339985e-11,7.323762205672396e-13,0.0,13.60905508706355,2.3545389334103713e-11,3.7496267618102573e-11
combined,173,200.0,24,False,1.0,100.0,49.390119883178194,19.9254611176075,27.83684471973094,49.804566752505686,14.78315397567342,16.92610657078737,3.262604942833645,7.05324227914038,47.92731729155301,25.277461596158386,17.345431559033926,4.824829445705087,19.655199703876534,25.01983554854695,3.977145679254779,13.852785702178375,16.183444182010547,3.145818281476877,1.9905657915796746,12.702390474546,22.40011267309913,14.885107282283515,1.8157989757708602e-07,4.320254928953192e-13,6.880049112622774e-13,3.843361142221591e-10,3.801824327577501e-11,6.054443203339985e-11,7.323762205672396e-13,0.0,4.61374761199117,2.1601274635764974e-11,3.440024554877922e-11
combined,173,200.0,24,False,5.0,0.0,49.390119883178194,19.9254611176075,27.83684471973094,49.804566752505686,14.78315397567342,16.92610657078737,3.262604942833645,7.05324227914038,47.92731729155301,25.277461596158386,17.345431559033926,1.675275944390994,11.01812735721693,4.374906439033421,0.6009037055895375,4.424575420919386,2.5772113287580107,1.6801168631002366,0.762210391311877,14.83901730737698,5.3395104789099825,2.383174138193799,1.086927746395397,2.1601274701023666e-13,3.440024565270483e-13,3.843361142221591e-10,3.801824327577501e-11,6.054443203339985e-11,7.323762205672396e-13,0.0,14.277384750192024,2.3761402090115178e-11,3.784027008896421e-11
combined,173,200.0,24,False,5.0,50.0,49.390119883178194,19.9254611176075,27.83684471973094,49.804566752505686,14.78315397567342,16.92610657078737,3.262604942833645,7.05324227914038,47.92731729155301,25.277461596158386,17.345431559033926,1.8343000427918421,11.021984471779293,4.377558519050293,1.2089390379686187,4.423368824042558,2.5754059152322384,1.6797743999475034,1.0866158526514462,13.754420903655692,5.341513315017283,2.382735749123801,0.3671713565722294,2.5640274287770578e-28,4.083239282449635e-28,3.843361142221591e-10,3.801824327577501e-11,6.054443203339985e-11,7.323762205672396e-13,0.0,13.609055875297994,2.7217606019775945e-11,4.334430935756056e-11
combined,173,200.0,24,False,5.0,100.0,49.390119883178194,19.9254611176075,27.83684471973094,49.804566752505686,14.78315397567342,16.92610657078737,3.262604942833645,7.05324227914038,47.92731729155301,25.277461596158386,17.345431559033926,4.797159382479479,11.045777856593523,4.387963792586986,3.9884695708028346,4.427628703602112,2.5748859002030753,1.680320807443234,1.9911302198145842,12.707950936536204,5.3530126676252445,2.3853097226259563,1.8157989757708602e-07,4.320254928953192e-13,6.880049112622774e-13,3.843361142221591e-10,3.801824327577501e-11,6.054443203339985e-11,7.323762205672396e-13,0.0,4.613747525714536,2.2465325620430476e-11,3.577625536951195e-11
combined,173,200.0,24,True,1.0,0.0,49.390119883178194,19.9254611176075,27.83684471973094,49.804566752505686,14.78315397567342,16.92610657078737,3.262604942833645,7.05324227914038,47.92731961470529,25.277443979302404,17.3454290146255,1.6899576801504184,19.61909111059025,24.975832520013633,0.5904616351566995,13.826027456317245,16.202837505039373,3.1447926392766767,0.7607423022937332,0.7485316524213602,44.49910034038997,14.869002853564659,1.086927746395397,2.1601274701023666e-13,3.440024565270483e-13,3.843361142221591e-10,3.801824327577501e-11,6.054443203339985e-11,7.323762205672396e-13,0.0,0.0002074681913727474,22.876995085779015,0.00010545284918456822
combined,173,200.0,24,True,1.0,50.0,49.390119883178194,19.9254611176075,27.83684471973094,49.804566752505686,14.78315397567342,16.92610657078737,3.262604942833645,7.05324227914038,47.92731961470529,25.277443979302404,17.3454290146255,1.851951220448388,19.625038394985367,24.987080372880474,1.1967901748461571,13.827613066786945,16.19288341810286,3.144548400674537,1.0856083567130876,1.0877949261947073,44.50998602908627,14.86850401281548,0.3671713565722294,2.5640274287770578e-28,4.083239282449635e-28,3.843361142221591e-10,3.801824327577501e-11,6.054443203339985e-11,7.323762205672396e-13,0.0,0.0002074681913727474,22.876995085779015,0.00010545284918456822
combined,173,200.0,24,True,1.0,100.0,49.390119883178194,19.9254611176075,27.83684471973094,49.804566752505686,14.78315397567342,16.92610657078737,3.262604942833645,7.05324227914038,47.92731961470529,25.277443979302404,17.3454290146255,4.824829445705087,19.655199703876534,25.01983554854695,3.977145679254779,13.852785702178375,16.183444182010547,3.145818281476877,1.9905657915796746,3.133820248113675,44.568103241302,14.881396842846549,1.8157989757708602e-07,4.320254928953192e-13,6.880049112622774e-13,3.843361142221591e-10,3.801824327577501e-11,6.054443203339985e-11,7.323762205672396e-13,0.0,0.0002074681913727474,22.876995085779015,0.00010545284918456822
combined,173,200.0,24,True,5.0,0.0,49.390119883178194,19.9254611176075,27.83684471973094,49.804566752505686,14.78315397567342,16.92610657078737,3.262604942833645,7.05324227914038,47.92731961470529,25.277443979302404,17.3454290146255,1.675275944390994,11.01812735721693,4.374906439033421,0.6009037055895375,4.424575420919386,2.5772113287580107,1.6801168631002366,0.762210391311877,0.7645068369790948,23.02050877031278,2.4762704437709937,1.086927746395397,2.1601274701023666e-13,3.440024565270483e-13,3.843361142221591e-10,3.801824327577501e-11,6.054443203339985e-11,7.323762205672396e-13,0.0,0.00021412976212218586,17.138878065200156,0.00010899481004049354
combined,173,200.0,24,True,5.0,50.0,49.390119883178194,19.9254611176075,27.83684471973094,49.804566752505686,14.78315397567342,16.92610657078737,3.262604942833645,7.05324227914038,47.92731961470529,25.277443979302404,17.3454290146255,1.8343000427918421,11.021984471779293,4.377558519050293,1.2089390379686187,4.423368824042558,2.5754059152322384,1.6797743999475034,1.0866158526514462,1.1030961781262696,23.0249525236794,2.4748143090657044,0.3671713565722294,2.5640274287770578e-28,4.083239282449635e-28,3.843361142221591e-10,3.801824327577501e-11,6.054443203339985e-11,7.323762205672396e-13,0.0,0.00021412976212218586,17.138878065200156,0.00010899481004049354
combined,173,200.0,24,True,5.0,100.0,49.390119883178194,19.9254611176075,27.83684471973094,49.804566752505686,14.78315397567342,16.92610657078737,3.262604942833645,7.05324227914038,47.92731961470529,25.277443979302404,17.3454290146255,4.797159382479479,11.045777856593523,4.387963792586986,3.9884695708028346,4.427628703602112,2.5748859002030753,1.680320807443234,1.9911302198145842,3.141735950829876,23.047662476766245,2.4746586048917236,1.8157989757708602e-07,4.320254928953192e-13,6.880049112622774e-13,3.843361142221591e-10,3.801824327577501e-11,6.054443203339985e-11,7.323762205672396e-13,0.0,0.00021412976212218586,17.138878065200156,0.00010899481004049354
combined,619,30.0,8,False,1.0,0.0,48.63958139587995,36.27952397064297,18.881037336768014,46.11418262668779,23.152382194529654,29.351827529166513,4.692645834850585,6.7859643348495755,48.69222891552255,22.04362654096309,12.352590649448803,3.4656961614208273,19.424264147261393,9.180277964393468,1.6871743639391719,13.714083604967882,12.756819790246483,3.1456213785931957,0.7252744586025928,16.202732620268613,11.281637756604566,5.12080418938295,1.1799460129237975,1.1340669188502135e-12,1.8060128920634732e-12,0.0,0.0,0.0,0.0,0.0,14.378940642881314,2.5921529557896707e-12,4.128029465053915e-12
combined,619,30.0,8,False,1.0,50.0,48.63958139587995,36.27952397064297,18.881037336768014,46.11418262668779,23.152382194529654,29.351827529166513,4.692645834850585,6.7859643348495755,48.69222891552255,22.04362654096309,12.352590649448803,3.1844875542182782,19.417949684165638,9.195137217755473,2.0222925631657134,13.736840394317984,12.789158377369686,3.148952416581372,0.9654286517028472,15.112060185415293,11.36726382820375,5.159164041578947,0.4278901781811843,1.1340669188502135e-12,1.8060128920634732e-12,0.0,0.0,0.0,0.0,0.0,13.709223116334666,2.89929607974163e-12,4.617157956808444e-12
combined,619,30.0,8,False,1.0,100.0,48.63958139587995,36.27952397064297,18.881037336768014,46.11418262668779,23.152382194529654,29.351827529166513,4.692645834850585,6.7859643348495755,48.69222891552255,22.04362654096309,12.352590649448803,4.871112292439696,19.472300337246,9.294824059722648,4.4492242285034775,13.819531505409254,12.84858489250276,3.1576106130381802,1.8544817229082953,12.874906732718225,11.868610485549045,5.4220627551741725,2.3668829891499292e-07,1.188070105321486e-12,1.892013505747281e-12,0.0,0.0,0.0,0.0,0.0,4.69057775542286,2.1061242761066384e-12,3.3540239396038734e-12
combined,619,30.0,8,False,5.0,0.0,48.63958139587995,36.27952397064297,18.881037336768014,46.11418262668779,23.152382194529654,29.351827529166513,4.692645834850585,6.7859643348495755,48.69222891552255,22.04362654096309,12.352590649448803,3.835102815880633,1.2651542867262435,1.0712827312414048,2.083741533045238,4.434343134251102,0.36602609028741745,0.8435547658867552,0.7768865134648109,16.42482127429392,1.04820227911635,0.26111712656415903,1.1799460129237975,1.1340669188502135e-12,1.8060128920634732e-12,0.0,0.0,0.0,0.0,0.0,14.378939648215534,2.916172075355674e-12,4.644033148332649e-12
combined,619,30.0,8,False,5.0,50.0,48.63958139587995,36.27952397064297,18.881037336768014,46.11418262668779,23.152382194529654,29.351827529166513,4.692645834850585,6.7859643348495755,48.69222891552255,22.04362654096309,12.352590649448803,3.5496544038535753,1.2655281428405643,1.0724876598248934,2.40573043453637,4.447094874198461,0.3666716254068577,0.8449878863450353,1.0023439931974334,15.323201956524946,1.0559559506600105,0.2625335437559759,0.4278901781811843,1.1340669188502135e-12,1.8060128920634732e-12,0.0,0.0,0.0,0.0,0.0,13.709223062980742,3.1558112159372593e-12,5.025660872534461e-12
combined,619,30.0,8,False,5.0,100.0,48.63958139587995,36.27952397064297,18.881037336768014,46.11418262668779,23.152382194529654,29.351827529166513,4.692645834850585,6.7859643348495755,48.69222891552255,22.04362654096309,12.352590649448803,5.184387439751303,1.2723481447007672,1.0804846967526596,4.782482573873856,4.48150089558728,0.36895787028728466,0.8501258291137707,1.8627458000720936,12.974474005147766,1.1012010267539878,0.2733725247534776,2.3668829891499292e-07,1.188070105321486e-12,1.892013505747281e-12,0.0,0.0,0.0,0.0,0.0,4.690577883368344,2.3626394121967815e-12,3.762526855161904e-12
combined,619,30.0,8,True,1.0,0.0,48.63958139587995,36.27952397064297,18.881037336768014,46.11418262668779,23.152382194529654,29.351827529166513,4.692645834850585,6.7859643348495755,48.692227641744985,22.04362660879397,12.352591868625664,3.4656961614208273,19.424264147261393,9.180277964393468,1.6871743639391719,13.714083604967882,12.756819790246483,3.1456213785931957,0.7252744586025928,1.428231005566994,30.745586552098626,5.609903142111627,1.1799460129237975,1.1340669188502135e-12,1.8060128920634732e-12,0.0,0.0,0.0,0.0,0.0,0.004796600663704733,22.97028186121504,0.0024318049644806786
combined,619,30.0,8,True,1.0,50.0,48.63958139587995,36.27952397064297,18.881037336768014,46.11418262668779,23.152382194529654,29.351827529166513,4.692645834850585,6.7859643348495755,48.692227641744985,22.04362660879397,12.352591868625664,3.1844875542182782,19.417949684165638,9.195137217755473,2.0222925631657134,13.736840394317984,12.789158377369686,3.148952416581372,0.9654286517028472,1.7023011922765887,30.76807026748869,5.611252928400432,0.4278901781811843,1.1340669188502135e-12,1.8060128920634732e-12,0.0,0.0,0.0,0.0,0.0,0.004796600663704733,22.97028186121504,0.0024318049644806786
combined,619,30.0,8,True,1.0,100.0,48.63958139587995,36.27952397064297,18.881037336768014,46.11418262668779,23.152382194529654,29.351827529166513,4.692645834850585,6.7859643348495755,48.692227641744985,22.04362660879397,12.352591868625664,4.871112292439696,19.472300337246,9.294824059722648,4.4492242285034775,13.819531505409254,12.84858489250276,3.1576106130381802,1.8544817229082953,3.1752649136438333,30.933712676276876,5.655184089089349,2.3668829891499292e-07,1.188070105321486e-12,1.892013505747281e-12,0.0,0.0,0.0,0.0,0.0,0.004796600663704733,22.97028186121504,0.0024318049644806786
combined,619,30.0,8,True,5.0,0.0,48.63958139587995,36.27952397064297,18.881037336768014,46.11418262668779,23.152382194529654,29.351827529166513,4.692645834850585,6.7859643348495755,48.692227641744985,22.04362660879397,12.352591868625664,3.835102815880633,1.2651542867262435,1.0712827312414048,2.083741533045238,4.434343134251102,0.36602609028741745,0.8435547658867552,0.7768865134648109,1.6044369042443325,19.32273229909025,0.29052929855821075,1.1799460129237975,1.1340669188502135e-12,1.8060128920634732e-12,0.0,0.0,0.0,0.0,0.0,0.0049404172919897595,17.35782299881402,0.0025096231313742573
combined,619,30.0,8,True,5.0,50.0,48.63958139587995,36.27952397064297,18.881037336768014,46.11418262668779,23.152382194529654,29.351827529166513,4.692645834850585,6.7859643348495755,48.692227641744985,22.04362660879397,12.352591868625664,3.5496544038535753,1.2655281428405643,1.0724876598248934,2.40573043453637,4.447094874198461,0.3666716254068577,0.8449878863450353,1.0023439931974334,1.8740077253904788,19.32068497975574,0.2906230110180007,0.4278901781811843,1.1340669188502135e-12,1.8060128920634732e-12,0.0,0.0,0.0,0.0,0.0,0.0049404172919897595,17.35782299881402,0.0025096231313742573
combined,619,30.0,8,True,5.0,100.0,48.63958139587995,36.27952397064297,18.881037336768014,46.11418262668779,23.152382194529654,29.351827529166513,4.692645834850585,6.7859643348495755,48.692227641744985,22.04362660879397,12.352591868625664,5.184387439751303,1.2723481447007672,1.0804846967526596,4.782482573873856,4.48150089558728,0.36895787028728466,0.8501258291137707,1.8627458000720936,3.307983549690995,19.33933357877055,0.2918011139699784,2.3668829891499292e-07,1.188070105321486e-12,1.892013505747281e-12,0.0,0.0,0.0,0.0,0.0,0.0049404172919897595,17.35782299881402,0.0025096231313742573
combined,619,30.0,24,False,1.0,0.0,48.63958370298776,22.261675613039966,19.619518854013254,46.11418320308093,11.752368816998482,16.171882084073395,3.7272601863001196,6.785964374235135,48.692226190022076,24.730024978592958,19.505676229962685,3.214640650314811,20.745587472096332,18.16163534574304,1.420881519361266,10.027686073515264,14.180890313272192,3.4661265554002085,0.7211233421244804,15.947627735773453,20.67364707310857,16.400695278881944,1.1799460129237975,1.1340669188502135e-12,1.8060128920634732e-12,0.0,0.0,0.0,0.0,0.0,14.378940642881314,2.5921529557896707e-12,4.128029465053915e-12
combined,619,30.0,24,False,1.0,50.0,48.63958370298776,22.261675613039966,19.619518854013254,46.11418320308093,11.752368816998482,16.171882084073395,3.7272601863001196,6.785964374235135,48.692226190022076,24.730024978592958,19.505676229962685,2.9672861020621664,20.741023041533516,18.164654934865716,1.7914578622094444,10.044150815070653,14.204514321431828,3.4690605059812016,0.9774947774246432,14.849610241160265,20.7291444465239,16.458905723530876,0.4278901781811843,1.1340669188502135e-12,1.8060128920634732e-12,0.0,0.0,0.0,0.0,0.0,13.709223116334666,2.89929607974163e-12,4.617157956808444e-12
combined,619,30.0,24,False,1.0,100.0,48.63958370298776,22.261675613039966,19.619518854013254,46.11418320308093,11.752368816998482,16.171882084073395,3.7272601863001196,6.785964374235135,48.692226190022076,24.730024978592958,19.505676229962685,4.860887739702626,20.85046139488316,18.356633895762144,4.324812462499082,10.106306875490215,14.28107884421465,3.4793796275463604,1.8877680101368384,12.813424688182634,21.620827046743102,16.874441518336283,2.3668829891499292e-07,1.188070105321486e-12,1.892013505747281e-12,0.0,0.0,0.0,0.0,0.0,4.69057775542286,2.1061242761066384e-12,3.3540239396038734e-12
combined,619,30.0,24,False,5.0,0.0,48.63958370298776,22.261675613039966,19.619518854013254,46.11418320308093,11.752368816998482,16.171882084073395,3.7272601863001196,6.785964374235135,48.692226190022076,24.730024978592958,19.505676229962685,3.6112835702765023,9.918790895860006,6.6966276386517976,1.7257920485287628,1.83802144455385,3.829466041701383,1.3592488725867988,0.756143669046628,16.44014955436292,5.097975586271075,3.0999930990950597,1.1799460129237975,1.1340669188502135e-12,1.8060128920634732e-12,0.0,0.0,0.0,0.0,0.0,14.378939648215534,2.916172075355674e-12,4.644033148332649e-12
combined,619,30.0,24,False,5.0,50.0,48.63958370298776,22.261675613039966,19.619518854013254,46.11418320308093,11.752368816998482,16.171882084073395,3.7272601863001196,6.785964374235135,48.692226190022076,24.730024978592958,19.505676229962685,3.370537364765023,9.909602778910358,6.694900314857985,2.0861296126230617,1.84536887961735,3.843778005202589,1.361994819927134,1.0025784958944375,15.340974735571818,5.122670564608355,3.111623005139752,0.4278901781811843,1.1340669188502135e-12,1.8060128920634732e-12,0.0,0.0,0.0,0.0,0.0,13.709223062980742,3.1558112159372593e-12,5.025660872534461e-12
combined,619,30.0,24,False,5.0,100.0,48.63958370298776,22.261675613039966,19.619518854013254,46.11418320308093,11.752368816998482,16.171882084073395,3.7272601863001196,6.785964374235135,48.692226190022076,24.730024978592958,19.505676229962685,5.215728666352097,9.93939255673918,6.81023689275373,4.5677276729806,1.8714386357691082,3.8762815770792405,1.3698025365622937,1.8894996162679354,13.199271263164551,5.2959697088571716,3.1910525253383146,2.3668829891499292e-07,1.188070105321486e-12,1.892013505747281e-12,0.0,0.0,0.0,0.0,0.0,4.690577883368344,2.3626394121967815e-12,3.762526855161904e-12
combined,619,30.0,24,True,1.0,0.0,48.63958370298776,22.261675613039966,19.619518854013254,46.11418320308093,11.752368816998482,16.171882084073395,3.7272601863001196,6.785964374235135,48.692226538268756,24.730025416572474,19.50567211381149,3.214640650314811,20.745587472096332,18.16163534574304,1.420881519361266,10.027686073515264,14.180890313272192,3.4661265554002085,0.7211233421244804,1.3021255439570594,40.25650120232689,16.411443247303286,1.1799460129237975,1.1340669188502135e-12,1.8060128920634732e-12,0.0,0.0,0.0,0.0,0.0,0.004796600663704733,22.97028186121504,0.0024318049644806786
combined,619,30.0,24,True,1.0,50.0,48.63958370298776,22.261675613039966,19.619518854013254,46.11418320308093,11.752368816998482,16.171882084073395,3.7272601863001196,6.785964374235135,48.692226538268756,24.730025416572474,19.50567211381149,2.9672861020621664,20.741023041533516,18.164654934865716,1.7914578622094444,10.044150815070653,14.204514321431828,3.4690605059812016,0.9774947774246432,1.5959254970383967,40.33688016458027,16.41001366745485,0.4278901781811843,1.1340669188502135e-12,1.8060128920634732e-12,0.0,0.0,0.0,0.0,0.0,0.004796600663704733,22.97028186121504,0.0024318049644806786
combined,619,30.0,24,True,1.0,100.0,48.63958370298776,22.261675613039966,19.619518854013254,46.11418320308093,11.752368816998482,16.171882084073395,3.7272601863001196,6.785964374235135,48.692226538268756,24.730025416572474,19.50567211381149,4.860887739702626,20.85046139488316,18.356633895762144,4.324812462499082,10.106306875490215,14.28107884421465,3.4793796275463604,1.8877680101368384,3.145950332854313,40.572079452383186,16.493116067342736,2.3668829891499292e-07,1.188070105321486e-12,1.892013505747281e-12,0.0,0.0,0.0,0.0,0.0,0.004796600663704733,22.97028186121504,0.0024318049644806786
combined,619,30.0,24,True,5.0,0.0,48.63958370298776,22.261675613039966,19.619518854013254,46.11418320308093,11.752368816998482,16.171882084073395,3.7272601863001196,6.785964374235135,48.692226538268756,24.730025416572474,19.50567211381149,3.6112835702765023,9.918790895860006,6.6966276386517976,1.7257920485287628,1.83802144455385,3.829466041701383,1.3592488725867988,0.756143669046628,1.6233363124939721,22.508351775014106,3.0981819833662367,1.1799460129237975,1.1340669188502135e-12,1.8060128920634732e-12,0.0,0.0,0.0,0.0,0.0,0.0049404172919897595,17.35782299881402,0.0025096231313742573
combined,619,30.0,24,True,5.0,50.0,48.63958370298776,22.261675613039966,19.619518854013254,46.11418320308093,11.752368816998482,16.171882084073395,3.7272601863001196,6.785964374235135,48.692226538268756,24.730025416572474,19.50567211381149,3.370537364765023,9.909602778910358,6.694900314857985,2.0861296126230617,1.84536887961735,3.843778005202589,1.361994819927134,1.0025784958944375,1.9115661221411786,22.520915274554323,3.096464502072974,0.4278901781811843,1.1340669188502135e-12,1.8060128920634732e-12,0.0,0.0,0.0,0.0,0.0,0.0049404172919897595,17.35782299881402,0.0025096231313742573
combined,619,30.0,24,True,5.0,100.0,48.63958370298776,22.261675613039966,19.619518854013254,46.11418320308093,11.752368816998482,16.171882084073395,3.7272601863001196,6.785964374235135,48.692226538268756,24.730025416572474,19.50567211381149,5.215728666352097,9.93939255673918,6.81023689275373,4.5677276729806,1.8714386357691082,3.8762815770792405,1.3698025365622937,1.8894996162679354,3.41579692987733,22.54890657441026,3.10218873726075,2.3668829891499292e-07,1.188070105321486e-12,1.892013505747281e-12,0.0,0.0,0.0,0.0,0.0,0.0049404172919897595,17.35782299881402,0.0025096231313742573
combined,619,128.0,8,False,1.0,0.0,48.63957866687553,36.27952480368328,18.88103774660425,46.11421140871787,23.15239220055702,29.351834925194748,4.692646576621781,6.7859664795482475,48.69224478024911,22.043630757809233,12.352595488102905,2.3078193772821587,19.463693899885655,9.406548372166876,0.7313778280522846,13.66561969998745,13.183138733287928,3.214548670218615,0.7124969027360176,14.949848839170562,11.430632172432961,5.532454360927781,1.0922279007245814,8.640509857906383e-13,1.3760098225245552e-12,2.3283064365386963e-10,0.0,0.0,0.0,0.0,14.283204412128937,5.6163313963876e-12,8.944063828491406e-12
combined,619,128.0,8,False,1.0,50.0,48.63957866687553,36.27952480368328,18.88103774660425,46.11421140871787,23.15239220055702,29.351834925194748,4.692646576621781,6.7859664795482475,48.69224478024911,22.043630757809233,12.352595488102905,2.0721340174069263,19.462957602786354,9.407333166777285,1.1215227567319583,13.671619949465647,13.191369898308661,3.215369374987029,0.9626705535969611,14.000552693829896,11.446249942213125,5.537164732797124,0.37051010371206483,2.1601274588508256e-13,3.4400245473522914e-13,2.3283064365386963e-10,0.0,0.0,0.0,0.0,13.614708512124716,6.69639513875228e-12,1.0664076122773474e-11
combined,619,128.0,8,False,1.0,100.0,48.63957866687553,36.27952480368328,18.88103774660425,46.11421140871787,23.15239220055702,29.351834925194748,4.692646576621781,6.7859664795482475,48.69224478024911,22.043630757809233,12.352595488102905,3.978904688346681,19.46391847157712,9.412315844519622,3.6169573047251147,13.68063026768668,13.187352197734148,3.2153766865368425,1.8520762167571114,12.196731415469124,11.516771151171493,5.556151554927013,1.8304754948095507e-07,3.662896326824399e-31,5.833198974928008e-31,2.3283064365386963e-10,0.0,0.0,0.0,0.0,4.618033139028951,6.912407878449018e-12,1.1008078567653682e-11
combined,619,128.0,8,False,5.0,0.0,48.63957866687553,36.27952480368328,18.88103774660425,46.11421140871787,23.15239220055702,29.351834925194748,4.692646576621781,6.7859664795482475,48.69224478024911,22.043630757809233,12.352595488102905,2.3599910471153756,0.8476330252098795,0.9359351618762233,0.7961050088570735,3.7310984305609773,0.32260972330409793,0.8711902722067759,0.7257758139152046,14.970994818603069,0.703856208635041,0.3551113200739843,1.0922279007245814,8.640509857906383e-13,1.3760098225245552e-12,2.3283064365386963e-10,0.0,0.0,0.0,0.0,14.283204412128937,5.6163313963876e-12,8.944063828491406e-12
combined,619,128.0,8,False,5.0,50.0,48.63957866687553,36.27952480368328,18.88103774660425,46.11421140871787,23.15239220055702,29.351834925194748,4.692646576621781,6.7859664795482475,48.69224478024911,22.043630757809233,12.352595488102905,2.1243981685854476,0.8476906033968727,0.9363690308147795,1.1833453998567307,3.7342698642771612,0.3227120385013766,0.8715626738011378,0.9725263898787446,14.019439086845713,0.7046432298476543,0.35552768280469266,0.37051010371206483,2.1601274588508256e-13,3.4400245473522914e-13,2.3283064365386963e-10,0.0,0.0,0.0,0.0,13.614708776341237,6.4803823928671974e-12,1.0320073668038245e-11
combined,619,128.0,8,False,5.0,100.0,48.63957866687553,36.27952480368328,18.88103774660425,46.11421140871787,23.15239220055702,29.351834925194748,4.692646576621781,6.7859664795482475,48.69224478024911,22.043630757809233,12.352595488102905,4.026758665129262,0.8477640173865849,0.9360700042621586,3.677126205229714,3.739110747800848,0.3224851664022869,0.8722165241180118,1.857002523030907,12.20323857955021,0.7079405053953244,0.3568715259765412,1.8304754948095507e-07,3.662896326824399e-31,5.833198974928008e-31,2.3283064365386963e-10,0.0,0.0,0.0,0.0,4.618033139028951,6.912407878449018e-12,1.1008078567653682e-11
combined,619,128.0,8,True,1.0,0.0,48.63957866687553,36.27952480368328,18.88103774660425,46.11421140871787,23.15239220055702,29.351834925194748,4.692646576621781,6.7859664795482475,48.692258194844825,22.04362992427788,12.35259700433235,2.3078193772821587,19.463693899885655,9.406548372166876,0.7313778280522846,13.66561969998745,13.183138733287928,3.214548670218615,0.7124969027360176,0.67898119650642,30.19512029183403,5.959426779959535,1.0922279007245814,8.640509857906383e-13,1.3760098225245552e-12,2.3283064365386963e-10,0.0,0.0,0.0,0.0,0.0004713017763300882,22.882306450643647,0.00023897512273373108
combined,619,128.0,8,True,1.0,50.0,48.63957866687553,36.27952480368328,18.88103774660425,46.11421140871787,23.15239220055702,29.351834925194748,4.692646576621781,6.7859664795482475,48.692258194844825,22.04362992427788,12.35259700433235,2.0721340174069263,19.462957602786354,9.407333166777285,1.1215227567319583,13.671619949465647,13.191369898308661,3.215369374987029,0.9626705535969611,0.9587393796532947,30.200933652639137,5.95836295213432,0.37051010371206483,2.1601274588508256e-13,3.4400245473522914e-13,2.3283064365386963e-10,0.0,0.0,0.0,0.0,0.0004713017763300882,22.882306450643647,0.00023897512273373108
combined,619,128.0,8,True,1.0,100.0,48.63957866687553,36.27952480368328,18.88103774660425,46.11421140871787,23.15239220055702,29.351834925194748,4.692646576621781,6.7859664795482475,48.692258194844825,22.04362992427788,12.35259700433235,3.978904688346681,19.46391847157712,9.412315844519622,3.6169573047251147,13.68063026768668,13.187352197734148,3.2153766865368425,1.8520762167571114,2.5054336745959804,30.241111114184758,5.9639007395582,1.8304754948095507e-07,3.662896326824399e-31,5.833198974928008e-31,2.3283064365386963e-10,0.0,0.0,0.0,0.0,0.0004713017763300882,22.882306450643647,0.00023897512273373108
combined,619,128.0,8,True,5.0,0.0,48.63957866687553,36.27952480368328,18.88103774660425,46.11421140871787,23.15239220055702,29.351834925194748,4.692646576621781,6.7859664795482475,48.692258194844825,22.04362992427788,12.35259700433235,2.3599910471153756,0.8476330252098795,0.9359351618762233,0.7961050088570735,3.7310984305609773,0.32260972330409793,0.8711902722067759,0.7257758139152046,0.6940712458659295,18.21891809953723,0.37858692813467676,1.0922279007245814,8.640509857906383e-13,1.3760098225245552e-12,2.3283064365386963e-10,0.0,0.0,0.0,0.0,0.0004862585430485992,17.151511661035265,0.000246866396911843
combined,619,128.0,8,True,5.0,50.0,48.63957866687553,36.27952480368328,18.88103774660425,46.11421140871787,23.15239220055702,29.351834925194748,4.692646576621781,6.7859664795482475,48.692258194844825,22.04362992427788,12.35259700433235,2.1243981685854476,0.8476906033968727,0.9363690308147795,1.1833453998567307,3.7342698642771612,0.3227120385013766,0.8715626738011378,0.9725263898787446,0.9733379300729079,18.21868423668554,0.37858659101621245,0.37051010371206483,2.1601274588508256e-13,3.4400245473522914e-13,2.3283064365386963e-10,0.0,0.0,0.0,0.0,0.0004862585430485992,17.151511661035265,0.000246866396911843
combined,619,128.0,8,True,5.0,100.0,48.63957866687553,36.27952480368328,18.88103774660425,46.11421140871787,23.15239220055702,29.351834925194748,4.692646576621781,6.7859664795482475,48.692258194844825,22.04362992427788,12.35259700433235,4.026758665129262,0.8477640173865849,0.9360700042621586,3.677126205229714,3.739110747800848,0.3224851664022869,0.8722165241180118,1.857002523030907,2.5136520969670477,18.22350992633346,0.3786594541515479,1.8304754948095507e-07,3.662896326824399e-31,5.833198974928008e-31,2.3283064365386963e-10,0.0,0.0,0.0,0.0,0.0004862585430485992,17.151511661035265,0.000246866396911843
combined,619,128.0,24,False,1.0,0.0,48.63957809089443,22.261678844623507,19.619523050040563,46.11421285145345,11.752371896819712,16.17188728566376,3.7272607256015626,6.7859665906145406,48.692237465763306,24.730030070987606,19.505683643425726,2.2767416020927143,21.04347756482242,18.520335171694352,0.6912554692656261,10.357902760993356,14.82518531177526,3.5375502714807756,0.7109375967038082,14.930118537114641,21.703343884733684,16.899440723390466,1.0922279007245814,8.640509857906383e-13,1.3760098225245552e-12,2.3283064365386963e-10,0.0,0.0,0.0,0.0,14.283204412128937,5.6163313963876e-12,8.944063828491406e-12
combined,619,128.0,24,False,1.0,50.0,48.63957809089443,22.261678844623507,19.619523050040563,46.11421285145345,11.752371896819712,16.17188728566376,3.7272607256015626,6.7859665906145406,48.692237465763306,24.730030070987606,19.505683643425726,2.085292524595236,21.031446018646502,18.505530850269896,1.1092170461846644,10.359364882384211,14.826977467897382,3.5377843316162085,0.974856341811771,13.964436007189471,21.688452504109648,16.903619429154908,0.37051010371206483,2.1601274588508256e-13,3.4400245473522914e-13,2.3283064365386963e-10,0.0,0.0,0.0,0.0,13.614708512124716,6.69639513875228e-12,1.0664076122773474e-11
combined,619,128.0,24,False,1.0,100.0,48.63957809089443,22.261678844623507,19.619523050040563,46.11421285145345,11.752371896819712,16.17188728566376,3.7272607256015626,6.7859665906145406,48.692237465763306,24.730030070987606,19.505683643425726,4.15636421749539,21.040756019397524,18.493364513226638,3.6844762662944763,10.348586815136162,14.805353132130225,3.5355236214369223,1.8796073459915137,12.30582347124813,21.71898536993448,16.933560029609232,1.8304754948095507e-07,3.662896326824399e-31,5.833198974928008e-31,2.3283064365386963e-10,0.0,0.0,0.0,0.0,4.618033139028951,6.912407878449018e-12,1.1008078567653682e-11
combined,619,128.0,24,False,5.0,0.0,48.63957809089443,22.261678844623507,19.619523050040563,46.11421285145345,11.752371896819712,16.17188728566376,3.7272607256015626,6.7859665906145406,48.692237465763306,24.730030070987606,19.505683643425726,2.3678213878632492,9.852820029376678,6.116513864955568,0.7428307880261621,1.9977360663144754,3.8157745117553152,1.3996035178952508,0.7203917514159247,14.9857054358346,5.685864906276568,3.0201921648328156,1.0922279007245814,8.640509857906383e-13,1.3760098225245552e-12,2.3283064365386963e-10,0.0,0.0,0.0,0.0,14.283204412128937,5.6163313963876e-12,8.944063828491406e-12
combined,619,128.0,24,False,5.0,50.0,48.63957809089443,22.261678844623507,19.619523050040563,46.11421285145345,11.752371896819712,16.17188728566376,3.7272607256015626,6.7859665906145406,48.692237465763306,24.730030070987606,19.505683643425726,2.180519101512765,9.847675317507287,6.1103733321839195,1.1603741895562925,1.9995512785451333,3.8197730413990003,1.4002888485925307,0.9829518688781971,14.021377804970797,5.6872559015663695,3.0207454401983904,0.37051010371206483,2.1601274588508256e-13,3.4400245473522914e-13,2.3283064365386963e-10,0.0,0.0,0.0,0.0,13.614708776341237,6.4803823928671974e-12,1.0320073668038245e-11
combined,619,128.0,24,False,5.0,100.0,48.63957809089443,22.261678844623507,19.619523050040563,46.11421285145345,11.752371896819712,16.17188728566376,3.7272607256015626,6.7859665906145406,48.692237465763306,24.730030070987606,19.505683643425726,4.25231256949787,9.845874562296554,6.113316186288763,3.739784890075377,2.002300659508442,3.8237479746858267,1.4009298109389914,1.885149469380636,12.354197663320582,5.6944028493376075,3.0242284369770798,1.8304754948095507e-07,3.662896326824399e-31,5.833198974928008e-31,2.3283064365386963e-10,0.0,0.0,0.0,0.0,4.618033139028951,6.912407878449018e-12,1.1008078567653682e-11
combined,619,128.0,24,True,1.0,0.0,48.63957809089443,22.261678844623507,19.619523050040563,46.11421285145345,11.752371896819712,16.17188728566376,3.7272607256015626,6.7859665906145406,48.69225547181065,24.730034556147796,19.50567880402096,2.2767416020927143,21.04347756482242,18.520335171694352,0.6912554692656261,10.357902760993356,14.82518531177526,3.5375502714807756,0.7109375967038082,0.6671878811586721,42.76931271191632,16.916540160742727,1.0922279007245814,8.640509857906383e-13,1.3760098225245552e-12,2.3283064365386963e-10,0.0,0.0,0.0,0.0,0.0004713017763300882,22.882306450643647,0.00023897512273373108
combined,619,128.0,24,True,1.0,50.0,48.63957809089443,22.261678844623507,19.619523050040563,46.11421285145345,11.752371896819712,16.17188728566376,3.7272607256015626,6.7859665906145406,48.69225547181065,24.730034556147796,19.50567880402096,2.085292524595236,21.031446018646502,18.505530850269896,1.1092170461846644,10.359364882384211,14.826977467897382,3.5377843316162085,0.974856341811771,0.9622802434429046,42.785130917397,16.913658013621436,0.37051010371206483,2.1601274588508256e-13,3.4400245473522914e-13,2.3283064365386963e-10,0.0,0.0,0.0,0.0,0.0004713017763300882,22.882306450643647,0.00023897512273373108
combined,619,128.0,24,True,1.0,100.0,48.63957809089443,22.261678844623507,19.619523050040563,46.11421285145345,11.752371896819712,16.17188728566376,3.7272607256015626,6.7859665906145406,48.69225547181065,24.730034556147796,19.50567880402096,4.15636421749539,21.040756019397524,18.493364513226638,3.6844762662944763,10.348586815136162,14.805353132130225,3.5355236214369223,1.8796073459915137,2.560693713641224,42.80521524670011,16.924657478844473,1.8304754948095507e-07,3.662896326824399e-31,5.833198974928008e-31,2.3283064365386963e-10,0.0,0.0,0.0,0.0,0.0004713017763300882,22.882306450643647,0.00023897512273373108
combined,619,128.0,24,True,5.0,0.0,48.63957809089443,22.261678844623507,19.619523050040563,46.11421285145345,11.752371896819712,16.17188728566376,3.7272607256015626,6.7859665906145406,48.69225547181065,24.730034556147796,19.50567880402096,2.3678213878632492,9.852820029376678,6.116513864955568,0.7428307880261621,1.9977360663144754,3.8157745117553152,1.3996035178952508,0.7203917514159247,0.7043141808410605,23.1382259366822,3.0766170097074714,1.0922279007245814,8.640509857906383e-13,1.3760098225245552e-12,2.3283064365386963e-10,0.0,0.0,0.0,0.0,0.0004862585430485992,17.151511661035265,0.000246866396911843
combined,619,128.0,24,True,5.0,50.0,48.63957809089443,22.261678844623507,19.619523050040563,46.11421285145345,11.752371896819712,16.17188728566376,3.7272607256015626,6.7859665906145406,48.69225547181065,24.730034556147796,19.50567880402096,2.180519101512765,9.847675317507287,6.1103733321839195,1.1603741895562925,1.9995512785451333,3.8197730413990003,1.4002888485925307,0.9829518688781971,0.9991387333938209,23.142251134192733,3.075772896123782,0.37051010371206483,2.1601274588508256e-13,3.4400245473522914e-13,2.3283064365386963e-10,0.0,0.0,0.0,0.0,0.0004862585430485992,17.151511661035265,0.000246866396911843
combined,619,128.0,24,True,5.0,100.0,48.63957809089443,22.261678844623507,19.619523050040563,46.11421285145345,11.752371896819712,16.17188728566376,3.7272607256015626,6.7859665906145406,48.69225547181065,24.730034556147796,19.50567880402096,4.25231256949787,9.845874562296554,6.113316186288763,3.739784890075377,2.002300659508442,3.8237479746858267,1.4009298109389914,1.885149469380636,2.5935676974202835,23.145907635724857,3.075074710491371,1.8304754948095507e-07,3.662896326824399e-31,5.833198974928008e-31,2.3283064365386963e-10,0.0,0.0,0.0,0.0,0.0004862585430485992,17.151511661035265,0.000246866396911843
combined,619,200.0,8,False,1.0,0.0,48.639583831112596,36.279524390517125,18.88104136799179,46.11418779800966,23.152421956829112,29.35183515828411,4.6926460767714095,6.785965092377486,48.692234200925895,22.043626265824326,12.352590898159281,2.2109146676254228,19.484391581132588,9.422507056492313,0.6488599538614697,13.61828041769242,13.202309599884302,3.2197452389044354,0.7103562389992009,14.872206079094306,11.408522317036331,5.574530855087598,1.086927746395397,2.1601274701023666e-13,3.440024565270483e-13,3.843361142221591e-10,3.801824327577501e-11,6.054443203339985e-11,7.323762205672396e-13,0.0,14.277385017439007,2.3113363852459922e-11,3.6808262724758526e-11
combined,619,200.0,8,False,1.0,50.0,48.639583831112596,36.279524390517125,18.88104136799179,46.11418779800966,23.152421956829112,29.35183515828411,4.6926460767714095,6.785965092377486,48.692234200925895,22.043626265824326,12.352590898159281,1.9781975107338576,19.483599386614323,9.422613610380614,1.0461110641668587,13.622071134935135,13.207522226911873,3.2202598531261435,0.9615974964972145,13.938549593564039,11.417314975200744,5.576825230656946,0.3671713565722294,2.5640274287770578e-28,4.083239282449635e-28,3.843361142221591e-10,3.801824327577501e-11,6.054443203339985e-11,7.323762205672396e-13,0.0,13.60905508706355,2.3545389334103713e-11,3.7496267618102573e-11
combined,619,200.0,8,False,1.0,100.0,48.639583831112596,36.279524390517125,18.88104136799179,46.11418779800966,23.152421956829112,29.35183515828411,4.6926460767714095,6.785965092377486,48.692234200925895,22.043626265824326,12.352590898159281,3.9024128720763613,19.48121834518044,9.423610356560566,3.5431721309067097,13.625663723265534,13.20254413518258,3.2199511983783036,1.8506527033018865,12.165097007914262,11.454070849489877,5.583593219378132,1.8157989757708602e-07,4.320254928953192e-13,6.880049112622774e-13,3.843361142221591e-10,3.801824327577501e-11,6.054443203339985e-11,7.323762205672396e-13,0.0,4.61374761199117,2.1601274635764974e-11,3.440024554877922e-11
combined,619,200.0,8,False,5.0,0.0,48.639583831112596,36.279524390517125,18.88104136799179,46.11418779800966,23.152421956829112,29.35183515828411,4.6926460767714095,6.785965092377486,48.692234200925895,22.043626265824326,12.352590898159281,2.2393997218765067,0.7914298434488432,0.9241705620625699,0.685116018535854,3.607986166919623,0.32101366023306566,0.8736529266709337,0.7187783233231975,14.880783781885071,0.6571640982467677,0.3752583223495319,1.086927746395397,2.1601274701023666e-13,3.440024565270483e-13,3.843361142221591e-10,3.801824327577501e-11,6.054443203339985e-11,7.323762205672396e-13,0.0,14.277384750192024,2.3761402090115178e-11,3.784027008896421e-11
combined,619,200.0,8,False,5.0,50.0,48.639583831112596,36.279524390517125,18.88104136799179,46.11418779800966,23.152421956829112,29.35183515828411,4.6926460767714095,6.785965092377486,48.692234200925895,22.043626265824326,12.352590898159281,2.006945458808178,0.7914725203600382,0.924477238507716,1.08061810845255,3.6099829335802043,0.32107616797115507,0.8738890376295269,0.9679183681485211,13.945880067792272,0.6575439972505677,0.3755090492694463,0.3671713565722294,2.5640274287770578e-28,4.083239282449635e-28,3.843361142221591e-10,3.801824327577501e-11,6.054443203339985e-11,7.323762205672396e-13,0.0,13.609055875297994,2.7217606019775945e-11,4.334430935756056e-11
combined,619,200.0,8,False,5.0,100.0,48.639583831112596,36.279524390517125,18.88104136799179,46.11418779800966,23.152421956829112,29.35183515828411,4.6926460767714095,6.785965092377486,48.692234200925895,22.043626265824326,12.352590898159281,3.9296871881378026,0.7913994672186716,0.9240887646782059,3.5780934279905336,3.612564028234583,0.32085911012167917,0.8742114365439464,1.854135177249447,12.16668470535898,0.6589393086094509,0.37607693525640457,1.8157989757708602e-07,4.320254928953192e-13,6.880049112622774e-13,3.843361142221591e-10,3.801824327577501e-11,6.054443203339985e-11,7.323762205672396e-13,0.0,4.613747525714536,2.2465325620430476e-11,3.577625536951195e-11
combined,619,200.0,8,True,1.0,0.0,48.639583831112596,36.279524390517125,18.88104136799179,46.11418779800966,23.152421956829112,29.35183515828411,4.6926460767714095,6.785965092377486,48.692232734807405,22.043636743981626,12.352586827766105,2.2109146676254228,19.484391581132588,9.422507056492313,0.6488599538614697,13.61828041769242,13.202309599884302,3.2197452389044354,0.7103562389992009,0.6334852374346658,30.067296369559593,5.9920389868957145,1.086927746395397,2.1601274701023666e-13,3.440024565270483e-13,3.843361142221591e-10,3.801824327577501e-11,6.054443203339985e-11,7.323762205672396e-13,0.0,0.0002074681913727474,22.876995085779015,0.00010545284918456822
combined,619,200.0,8,True,1.0,50.0,48.639583831112596,36.279524390517125,18.88104136799179,46.11418779800966,23.152421956829112,29.35183515828411,4.6926460767714095,6.785965092377486,48.692232734807405,22.043636743981626,12.352586827766105,1.9781975107338576,19.483599386614323,9.422613610380614,1.0461110641668587,13.622071134935135,13.207522226911873,3.2202598531261435,0.9615974964972145,0.9131836944704548,30.070990378984092,5.991189595466267,0.3671713565722294,2.5640274287770578e-28,4.083239282449635e-28,3.843361142221591e-10,3.801824327577501e-11,6.054443203339985e-11,7.323762205672396e-13,0.0,0.0002074681913727474,22.876995085779015,0.00010545284918456822
combined,619,200.0,8,True,1.0,100.0,48.639583831112596,36.279524390517125,18.88104136799179,46.11418779800966,23.152421956829112,29.35183515828411,4.6926460767714095,6.785965092377486,48.692232734807405,22.043636743981626,12.352586827766105,3.9024128720763613,19.48121834518044,9.423610356560566,3.5431721309067097,13.625663723265534,13.20254413518258,3.2199511983783036,1.8506527033018865,2.4635162248137643,30.096254956784048,5.994036386779325,1.8157989757708602e-07,4.320254928953192e-13,6.880049112622774e-13,3.843361142221591e-10,3.801824327577501e-11,6.054443203339985e-11,7.323762205672396e-13,0.0,0.0002074681913727474,22.876995085779015,0.00010545284918456822
combined,619,200.0,8,True,5.0,0.0,48.639583831112596,36.279524390517125,18.88104136799179,46.11418779800966,23.152421956829112,29.35183515828411,4.6926460767714095,6.785965092377486,48.692232734807405,22.043636743981626,12.352586827766105,2.2393997218765067,0.7914298434488432,0.9241705620625699,0.685116018535854,3.607986166919623,0.32101366023306566,0.8736529266709337,0.7187783233231975,0.6390780266110015,18.09227541499947,0.3953228602034996,1.086927746395397,2.1601274701023666e-13,3.440024565270483e-13,3.843361142221591e-10,3.801824327577501e-11,6.054443203339985e-11,7.323762205672396e-13,0.0,0.00021412976212218586,17.138878065200156,0.00010899481004049354
combined,619,200.0,8,True,5.0,50.0,48.639583831112596,36.279524390517125,18.88104136799179,46.11418779800966,23.152421956829112,29.35183515828411,4.6926460767714095,6.785965092377486,48.692232734807405,22.043636743981626,12.352586827766105,2.006945458808178,0.7914725203600382,0.924477238507716,1.08061810845255,3.6099829335802043,0.32107616797115507,0.8738890376295269,0.9679183681485211,0.9185615105310609,18.09218296209594,0.39531905845708426,0.3671713565722294,2.5640274287770578e-28,4.083239282449635e-28,3.843361142221591e-10,3.801824327577501e-11,6.054443203339985e-11,7.323762205672396e-13,0.0,0.00021412976212218586,17.138878065200156,0.00010899481004049354
combined,619,200.0,8,True,5.0,100.0,48.639583831112596,36.279524390517125,18.88104136799179,46.11418779800966,23.152421956829112,29.35183515828411,4.6926460767714095,6.785965092377486,48.692232734807405,22.043636743981626,12.352586827766105,3.9296871881378026,0.7913994672186716,0.9240887646782059,3.5780934279905336,3.612564028234583,0.32085911012167917,0.8742114365439464,1.854135177249447,2.465383552919098,18.095371714686003,0.3953303036888929,1.8157989757708602e-07,4.320254928953192e-13,6.880049112622774e-13,3.843361142221591e-10,3.801824327577501e-11,6.054443203339985e-11,7.323762205672396e-13,0.0,0.00021412976212218586,17.138878065200156,0.00010899481004049354
combined,619,200.0,24,False,1.0,0.0,48.63958220270526,22.261677928721095,19.619522226493896,46.11419313028868,11.752373532423908,16.171883372065036,3.727260321530399,6.785965464767024,48.692234778285716,24.730030939903816,19.50567356250656,2.1951415360671187,21.078227192790333,18.54101107601369,0.6268566491985738,10.377262639899444,14.879325409715529,3.5430012423650066,0.709276663077839,14.86616675717201,21.79739160432003,16.922300011947282,1.086927746395397,2.1601274701023666e-13,3.440024565270483e-13,3.843361142221591e-10,3.801824327577501e-11,6.054443203339985e-11,7.323762205672396e-13,0.0,14.277385017439007,2.3113363852459922e-11,3.6808262724758526e-11
combined,619,200.0,24,False,1.0,50.0,48.63958220270526,22.261677928721095,19.619522226493896,46.11419313028868,11.752373532423908,16.171883372065036,3.727260321530399,6.785965464767024,48.692234778285716,24.730030939903816,19.50567356250656,2.0074173711264804,21.06899870433203,18.529080505322952,1.0511171051392996,10.377934468927062,14.880043970692817,3.5431016025289543,0.9741035975659958,13.915375394872923,21.78534461130561,16.923292362419684,0.3671713565722294,2.5640274287770578e-28,4.083239282449635e-28,3.843361142221591e-10,3.801824327577501e-11,6.054443203339985e-11,7.323762205672396e-13,0.0,13.60905508706355,2.3545389334103713e-11,3.7496267618102573e-11
combined,619,200.0,24,False,1.0,100.0,48.63958220270526,22.261677928721095,19.619522226493896,46.11419313028868,11.752373532423908,16.171883372065036,3.727260321530399,6.785965464767024,48.692234778285716,24.730030939903816,19.50567356250656,4.091697273025551,21.07161614299826,18.512795666076155,3.6274377433169795,10.368387171470044,14.862133853211304,3.5411802393347496,1.8782901738504179,12.283230023696724,21.789252405277008,16.93165205856926,1.8157989757708602e-07,4.320254928953192e-13,6.880049112622774e-13,3.843361142221591e-10,3.801824327577501e-11,6.054443203339985e-11,7.323762205672396e-13,0.0,4.61374761199117,2.1601274635764974e-11,3.440024554877922e-11
combined,619,200.0,24,False,5.0,0.0,48.63958220270526,22.261677928721095,19.619522226493896,46.11419313028868,11.752373532423908,16.171883372065036,3.727260321530399,6.785965464767024,48.692234778285716,24.730030939903816,19.50567356250656,2.250803043709873,9.822803661556845,6.0414822629406775,0.6560233962025878,2.024613999074442,3.8045516470926097,1.4036540185986242,0.7153064721465894,14.892196231233516,5.756324456656418,2.995140707143449,1.086927746395397,2.1601274701023666e-13,3.440024565270483e-13,3.843361142221591e-10,3.801824327577501e-11,6.054443203339985e-11,7.323762205672396e-13,0.0,14.277384750192024,2.3761402090115178e-11,3.784027008896421e-11
combined,619,200.0,24,False,5.0,50.0,48.63958220270526,22.261677928721095,19.619522226493896,46.11419313028868,11.752373532423908,16.171883372065036,3.727260321530399,6.785965464767024,48.692234778285716,24.730030939903816,19.50567356250656,2.0661326057510943,9.819149321270482,6.0366978480283615,1.0803178058778526,2.025758861820272,3.807132643924894,1.404087035788325,0.9794426305678698,13.942614466888394,5.756515737267643,2.9951670294370456,0.3671713565722294,2.5640274287770578e-28,4.083239282449635e-28,3.843361142221591e-10,3.801824327577501e-11,6.054443203339985e-11,7.323762205672396e-13,0.0,13.609055875297994,2.7217606019775945e-11,4.334430935756056e-11
combined,619,200.0,24,False,5.0,100.0,48.63958220270526,22.261677928721095,19.619522226493896,46.11419313028868,11.752373532423908,16.171883372065036,3.727260321530399,6.785965464767024,48.692234778285716,24.730030939903816,19.50567356250656,4.153025704768057,9.816682620941231,6.035451884722314,3.661349919377374,2.027003586122285,3.809105243024702,1.4043280967315332,1.8823915227872507,12.30773322264642,5.7566935465629605,2.995328414991284,1.8157989757708602e-07,4.320254928953192e-13,6.880049112622774e-13,3.843361142221591e-10,3.801824327577501e-11,6.054443203339985e-11,7.323762205672396e-13,0.0,4.613747525714536,2.2465325620430476e-11,3.577625536951195e-11
combined,619,200.0,24,True,1.0,0.0,48.63958220270526,22.261677928721095,19.619522226493896,46.11419313028868,11.752373532423908,16.171883372065036,3.727260321530399,6.785965464767024,48.692229927240255,24.73000825763148,19.50570191110263,2.1951415360671187,21.078227192790333,18.54101107601369,0.6268566491985738,10.377262639899444,14.879325409715529,3.5430012423650066,0.709276663077839,0.6285500177213733,43.11661610550129,16.95176291452917,1.086927746395397,2.1601274701023666e-13,3.440024565270483e-13,3.843361142221591e-10,3.801824327577501e-11,6.054443203339985e-11,7.323762205672396e-13,0.0,0.0002074681913727474,22.876995085779015,0.00010545284918456822
combined,619,200.0,24,True,1.0,50.0,48.63958220270526,22.261677928721095,19.619522226493896,46.11419313028868,11.752373532423908,16.171883372065036,3.727260321530399,6.785965464767024,48.692229927240255,24.73000825763148,19.50570191110263,2.0074173711264804,21.06899870433203,18.529080505322952,1.0511171051392996,10.377934468927062,14.880043970692817,3.5431016025289543,0.9741035975659958,0.9232435683567513,43.12633049888708,16.949558848895073,0.3671713565722294,2.5640274287770578e-28,4.083239282449635e-28,3.843361142221591e-10,3.801824327577501e-11,6.054443203339985e-11,7.323762205672396e-13,0.0,0.0002074681913727474,22.876995085779015,0.00010545284918456822
combined,619,200.0,24,True,1.0,100.0,48.63958220270526,22.261677928721095,19.619522226493896,46.11419313028868,11.752373532423908,16.171883372065036,3.727260321530399,6.785965464767024,48.692229927240255,24.73000825763148,19.50570191110263,4.091697273025551,21.07161614299826,18.512795666076155,3.6274377433169795,10.368387171470044,14.862133853211304,3.5411802393347496,1.8782901738504179,2.5233722839060384,43.135919152628524,16.95505425349389,1.8157989757708602e-07,4.320254928953192e-13,6.880049112622774e-13,3.843361142221591e-10,3.801824327577501e-11,6.054443203339985e-11,7.323762205672396e-13,0.0,0.0002074681913727474,22.876995085779015,0.00010545284918456822
combined,619,200.0,24,True,5.0,0.0,48.63958220270526,22.261677928721095,19.619522226493896,46.11419313028868,11.752373532423908,16.171883372065036,3.727260321530399,6.785965464767024,48.692229927240255,24.73000825763148,19.50570191110263,2.250803043709873,9.822803661556845,6.0414822629406775,0.6560233962025878,2.024613999074442,3.8045516470926097,1.4036540185986242,0.7153064721465894,0.6459981844091305,23.257800052723326,3.0630599069171245,1.086927746395397,2.1601274701023666e-13,3.440024565270483e-13,3.843361142221591e-10,3.801824327577501e-11,6.054443203339985e-11,7.323762205672396e-13,0.0,0.00021412976212218586,17.138878065200156,0.00010899481004049354
combined,619,200.0,24,True,5.0,50.0,48.63958220270526,22.261677928721095,19.619522226493896,46.11419313028868,11.752373532423908,16.171883372065036,3.727260321530399,6.785965464767024,48.692229927240255,24.73000825763148,19.50570191110263,2.0661326057510943,9.819149321270482,6.0366978480283615,1.0803178058778526,2.025758861820272,3.807132643924894,1.404087035788325,0.9794426305678698,0.9406915649102684,23.260424530123586,3.0624696623359013,0.3671713565722294,2.5640274287770578e-28,4.083239282449635e-28,3.843361142221591e-10,3.801824327577501e-11,6.054443203339985e-11,7.323762205672396e-13,0.0,0.00021412976212218586,17.138878065200156,0.00010899481004049354
combined,619,200.0,24,True,5.0,100.0,48.63958220270526,22.261677928721095,19.619522226493896,46.11419313028868,11.752373532423908,16.171883372065036,3.727260321530399,6.785965464767024,48.692229927240255,24.73000825763148,19.50570191110263,4.153025704768057,9.816682620941231,6.035451884722314,3.661349919377374,2.027003586122285,3.809105243024702,1.4043280967315332,1.8823915227872507,2.5393228080817885,23.262166638388297,3.0617426971519,1.8157989757708602e-07,4.320254928953192e-13,6.880049112622774e-13,3.843361142221591e-10,3.801824327577501e-11,6.054443203339985e-11,7.323762205672396e-13,0.0,0.00021412976212218586,17.138878065200156,0.00010899481004049354
guided-edges,173,30.0,8,False,1.0,0.0,49.390110827800086,18.97209966631668,37.77858488733249,49.80455231643809,14.551774906525191,17.907389421659204,3.9249841124293963,7.053241590940244,47.92731360543451,16.02271467458747,15.40395789393823,2.2810875430181694,10.195782461206718,28.965525332904242,1.2275109723356208,7.788374789179011,9.13659606914174,2.778470197480898,0.7609745787724025,16.4635696734826,11.86236938126229,10.384776372010665,1.3900915852184714,1.1340669188502135e-12,1.8060128920634732e-12,0.0,0.0,0.0,0.0,0.0,14.647599208992546,2.1736282603560405e-12,3.461524708556449e-12
guided-edges,173,30.0,8,False,1.0,50.0,49.390110827800086,18.97209966631668,37.77858488733249,49.80455231643809,14.551774906525191,17.907389421659204,3.9249841124293963,7.053241590940244,47.92731360543451,16.02271467458747,15.40395789393823,2.260621858415407,10.19746634567265,28.971542342980364,1.2271762091702734,7.789728497442296,9.137865958625964,2.7786880264564773,0.7634789592253083,16.35379041926628,11.868126812958357,10.389211369929255,1.372356620134009,1.1340669188502135e-12,1.8060128920634732e-12,0.0,0.0,0.0,0.0,0.0,14.620743556471455,2.5786521600860436e-12,4.106529313088828e-12
guided-edges,173,30.0,8,False,1.0,100.0,49.390110827800086,18.97209966631668,37.77858488733249,49.80455231643809,14.551774906525191,17.907389421659204,3.9249841124293963,7.053241590940244,47.92731360543451,16.02271467458747,15.40395789393823,2.1538100293327127,10.24178180360894,29.121265286026198,1.396544222387263,7.825641620540618,9.173099998352182,2.784601451485921,0.9211001266526916,14.223943799195814,12.01654753842576,10.501149622925082,1.0134873311486619,1.1475677154328707e-12,1.8275130454284303e-12,0.0,0.0,0.0,0.0,0.0,13.960038665667982,2.5651513622024276e-12,4.085029157652077e-12
guided-edges,173,30.0,8,False,5.0,0.0,49.390110827800086,18.97209966631668,37.77858488733249,49.80455231643809,14.551774906525191,17.907389421659204,3.9249841124293963,7.053241590940244,47.92731360543451,16.02271467458747,15.40395789393823,2.866189715167024,0.6561782811154607,3.0314522336648384,1.39382263583491,1.0462349916477682,0.9864227828451184,0.8177368212570388,0.7672727608669156,16.80445818353388,0.7213373669233716,0.9925967114805067,1.3900915852184714,1.1340669188502135e-12,1.8060128920634732e-12,0.0,0.0,0.0,0.0,0.0,14.647599992765144,1.998117903972798e-12,3.1820227135241334e-12
guided-edges,173,30.0,8,False,5.0,50.0,49.390110827800086,18.97209966631668,37.77858488733249,49.80455231643809,14.551774906525191,17.907389421659204,3.9249841124293963,7.053241590940244,47.92731360543451,16.02271467458747,15.40395789393823,2.844305896907832,0.6564654396847471,3.0318145873193667,1.3930792660638076,1.0463673198841068,0.9865963392834626,0.8178016826893437,0.7697787352348182,16.694177778871424,0.7215509967844209,0.9929899946084522,1.372356620134009,1.1340669188502135e-12,1.8060128920634732e-12,0.0,0.0,0.0,0.0,0.0,14.62074384590733,2.4841465834448704e-12,3.956028238638209e-12
guided-edges,173,30.0,8,False,5.0,100.0,49.390110827800086,18.97209966631668,37.77858488733249,49.80455231643809,14.551774906525191,17.907389421659204,3.9249841124293963,7.053241590940244,47.92731360543451,16.02271467458747,15.40395789393823,2.696674573084706,0.6632089188525937,3.0412133297252195,1.550207609685759,1.0499569138285152,0.9911990613998918,0.819563993079522,0.9254509257821127,14.546562199207248,0.7269796482241033,1.0027934693216911,1.0134873311486619,1.1475677154328707e-12,1.8275130454284303e-12,0.0,0.0,0.0,0.0,0.0,13.960038560707142,2.538149768931633e-12,4.042028850754177e-12
guided-edges,173,30.0,8,True,1.0,0.0,49.390110827800086,18.97209966631668,37.77858488733249,49.80455231643809,14.551774906525191,17.907389421659204,3.9249841124293963,7.053241590940244,47.92731224800945,16.022715562959565,15.403956099206546,2.2810875430181694,10.195782461206718,28.965525332904242,1.2275109723356208,7.788374789179011,9.13659606914174,2.778470197480898,0.7609745787724025,1.4925488333943908,26.971675013116787,10.683315771463832,1.3900915852184714,1.1340669188502135e-12,1.8060128920634732e-12,0.0,0.0,0.0,0.0,0.0,0.004942436475264077,17.552318495819538,0.0025079046842075253
guided-edges,173,30.0,8,True,1.0,50.0,49.390110827800086,18.97209966631668,37.77858488733249,49.80455231643809,14.551774906525191,17.907389421659204,3.9249841124293963,7.053241590940244,47.92731224800945,16.022715562959565,15.403956099206546,2.260621858415407,10.19746634567265,28.971542342980364,1.2271762091702734,7.789728497442296,9.137865958625964,2.7786880264564773,0.7634789592253083,1.493199320242907,26.97324447635821,10.684735978235363,1.372356620134009,1.1340669188502135e-12,1.8060128920634732e-12,0.0,0.0,0.0,0.0,0.0,0.004942256538159344,17.55232064411378,0.0025078797152269707
guided-edges,173,30.0,8,True,1.0,100.0,49.390110827800086,18.97209966631668,37.77858488733249,49.80455231643809,14.551774906525191,17.907389421659204,3.9249841124293963,7.053241590940244,47.92731224800945,16.022715562959565,15.403956099206546,2.1538100293327127,10.24178180360894,29.121265286026198,1.396544222387263,7.825641620540618,9.173099998352182,2.784601451485921,0.9211001266526916,1.6725009797896178,27.018052866059996,10.72363410084561,1.0134873311486619,1.1475677154328707e-12,1.8275130454284303e-12,0.0,0.0,0.0,0.0,0.0,0.004942857116513009,17.5523155330761,0.0025078919719772135
guided-edges,173,30.0,8,True,5.0,0.0,49.390110827800086,18.97209966631668,37.77858488733249,49.80455231643809,14.551774906525191,17.907389421659204,3.9249841124293963,7.053241590940244,47.92731224800945,16.022715562959565,15.403956099206546,2.866189715167024,0.6561782811154607,3.0314522336648384,1.39382263583491,1.0462349916477682,0.9864227828451184,0.8177368212570388,0.7672727608669156,1.7274756912658293,21.595393382830416,0.994428855673663,1.3900915852184714,1.1340669188502135e-12,1.8060128920634732e-12,0.0,0.0,0.0,0.0,0.0,0.00490297326930011,20.687477359930746,0.002491499049331237
guided-edges,173,30.0,8,True,5.0,50.0,49.390110827800086,18.97209966631668,37.77858488733249,49.80455231643809,14.551774906525191,17.907389421659204,3.9249841124293963,7.053241590940244,47.92731224800945,16.022715562959565,15.403956099206546,2.844305896907832,0.6564654396847471,3.0318145873193667,1.3930792660638076,1.0463673198841068,0.9865963392834626,0.8178016826893437,0.7697787352348182,1.7276321653142905,21.595800859654428,0.9945468339287149,1.372356620134009,1.1340669188502135e-12,1.8060128920634732e-12,0.0,0.0,0.0,0.0,0.0,0.004902853958081643,20.687478088126497,0.002491519860645722
guided-edges,173,30.0,8,True,5.0,100.0,49.390110827800086,18.97209966631668,37.77858488733249,49.80455231643809,14.551774906525191,17.907389421659204,3.9249841124293963,7.053241590940244,47.92731224800945,16.022715562959565,15.403956099206546,2.696674573084706,0.6632089188525937,3.0412133297252195,1.550207609685759,1.0499569138285152,0.9911990613998918,0.819563993079522,0.9254509257821127,1.8919724565234841,21.6063136529874,0.9977783212759784,1.0134873311486619,1.1475677154328707e-12,1.8275130454284303e-12,0.0,0.0,0.0,0.0,0.0,0.004903386637717344,20.687478053952923,0.00249148383373887
guided-edges,173,30.0,24,False,1.0,0.0,49.390111268192214,19.92545689015087,27.83683735335038,49.80455293196358,14.78315318129888,16.92605459713195,3.262604848866492,7.053241631411566,47.92731275563998,25.277454307175706,17.345431039739946,2.2134558200646537,19.23472902833086,26.054482016723234,1.0989149421083078,13.833884968010059,16.18320645938379,3.1547934934869275,0.7551566318887711,16.285761167348838,22.82198518196883,15.398937381566213,1.3900915852184714,1.1340669188502135e-12,1.8060128920634732e-12,0.0,0.0,0.0,0.0,0.0,14.647599208992546,2.1736282603560405e-12,3.461524708556449e-12
guided-edges,173,30.0,24,False,1.0,50.0,49.390111268192214,19.92545689015087,27.83683735335038,49.80455293196358,14.78315318129888,16.92605459713195,3.262604848866492,7.053241631411566,47.92731275563998,25.277454307175706,17.345431039739946,2.1935121625612393,19.23779126371833,26.05896907967005,1.0989003415197856,13.83715463547451,16.185396561188227,3.1551053119604457,0.7576742693478523,16.175775778255268,22.832674820956584,15.405198439189528,1.372356620134009,1.1340669188502135e-12,1.8060128920634732e-12,0.0,0.0,0.0,0.0,0.0,14.620743556471455,2.5786521600860436e-12,4.106529313088828e-12
guided-edges,173,30.0,24,False,1.0,100.0,49.390111268192214,19.92545689015087,27.83683735335038,49.80455293196358,14.78315318129888,16.92605459713195,3.262604848866492,7.053241631411566,47.92731275563998,25.277454307175706,17.345431039739946,2.0991051592524053,19.31580889315757,26.179482505844447,1.2785065691922455,13.926567568330546,16.24438721730871,3.1637315844447422,0.917506044303607,14.05062103918613,23.11057906508134,15.569372338929982,1.0134873311486619,1.1475677154328707e-12,1.8275130454284303e-12,0.0,0.0,0.0,0.0,0.0,13.960038665667982,2.5651513622024276e-12,4.085029157652077e-12
guided-edges,173,30.0,24,False,5.0,0.0,49.390111268192214,19.92545689015087,27.83683735335038,49.80455293196358,14.78315318129888,16.92605459713195,3.262604848866492,7.053241631411566,47.92731275563998,25.277454307175706,17.345431039739946,2.395635307843101,15.508892754297444,9.317808032583875,1.2958312274436108,6.80076187136173,6.410074122974476,2.1384442567134427,0.7688059452246393,16.659440356327117,8.11681786493731,4.478015820802785,1.3900915852184714,1.1340669188502135e-12,1.8060128920634732e-12,0.0,0.0,0.0,0.0,0.0,14.647599992765144,1.998117903972798e-12,3.1820227135241334e-12
guided-edges,173,30.0,24,False,5.0,50.0,49.390111268192214,19.92545689015087,27.83683735335038,49.80455293196358,14.78315318129888,16.92605459713195,3.262604848866492,7.053241631411566,47.92731275563998,25.277454307175706,17.345431039739946,2.3748680080827578,15.511628021202778,9.31924110503477,1.2952295311504527,6.801970803544938,6.410940072889333,2.1386225842640036,0.7712544255538375,16.549148249481284,8.120345849133658,4.479536542150106,1.372356620134009,1.1340669188502135e-12,1.8060128920634732e-12,0.0,0.0,0.0,0.0,0.0,14.62074384590733,2.4841465834448704e-12,3.956028238638209e-12
guided-edges,173,30.0,24,False,5.0,100.0,49.390111268192214,19.92545689015087,27.83683735335038,49.80455293196358,14.78315318129888,16.92605459713195,3.262604848866492,7.053241631411566,47.92731275563998,25.277454307175706,17.345431039739946,2.255897678827157,15.579738863193008,9.358092969060486,1.4573886389407746,6.834955952615164,6.434339131782924,2.143547779899628,0.9264640930512203,14.406815119016377,8.209954203686326,4.518377416359791,1.0134873311486619,1.1475677154328707e-12,1.8275130454284303e-12,0.0,0.0,0.0,0.0,0.0,13.960038560707142,2.538149768931633e-12,4.042028850754177e-12
guided-edges,173,30.0,24,True,1.0,0.0,49.390111268192214,19.92545689015087,27.83683735335038,49.80455293196358,14.78315318129888,16.92605459713195,3.262604848866492,7.053241631411566,47.927311759065276,25.277455476186333,17.34543147411593,2.2134558200646537,19.23472902833086,26.054482016723234,1.0989149421083078,13.833884968010059,16.18320645938379,3.1547934934869275,0.7551566318887711,1.3764461874329912,38.71705668207928,15.640853842537915,1.3900915852184714,1.1340669188502135e-12,1.8060128920634732e-12,0.0,0.0,0.0,0.0,0.0,0.004942436475264077,17.552318495819538,0.0025079046842075253
guided-edges,173,30.0,24,True,1.0,50.0,49.390111268192214,19.92545689015087,27.83683735335038,49.80455293196358,14.78315318129888,16.92605459713195,3.262604848866492,7.053241631411566,47.927311759065276,25.277455476186333,17.34543147411593,2.1935121625612393,19.23779126371833,26.05896907967005,1.0989003415197856,13.83715463547451,16.185396561188227,3.1551053119604457,0.7576742693478523,1.3776075130040626,38.72238022691071,15.64278753509155,1.372356620134009,1.1340669188502135e-12,1.8060128920634732e-12,0.0,0.0,0.0,0.0,0.0,0.004942256538159344,17.55232064411378,0.0025078797152269707
guided-edges,173,30.0,24,True,1.0,100.0,49.390111268192214,19.92545689015087,27.83683735335038,49.80455293196358,14.78315318129888,16.92605459713195,3.262604848866492,7.053241631411566,47.927311759065276,25.277455476186333,17.34543147411593,2.0991051592524053,19.31580889315757,26.179482505844447,1.2785065691922455,13.926567568330546,16.24438721730871,3.1637315844447422,0.917506044303607,1.5733212457041152,38.864635674188015,15.697416411674874,1.0134873311486619,1.1475677154328707e-12,1.8275130454284303e-12,0.0,0.0,0.0,0.0,0.0,0.004942857116513009,17.5523155330761,0.0025078919719772135
guided-edges,173,30.0,24,True,5.0,0.0,49.390111268192214,19.92545689015087,27.83683735335038,49.80455293196358,14.78315318129888,16.92605459713195,3.262604848866492,7.053241631411566,47.927311759065276,25.277455476186333,17.34543147411593,2.395635307843101,15.508892754297444,9.317808032583875,1.2958312274436108,6.80076187136173,6.410074122974476,2.1384442567134427,0.7688059452246393,1.6682207781349008,28.62928778666393,4.613936560871039,1.3900915852184714,1.1340669188502135e-12,1.8060128920634732e-12,0.0,0.0,0.0,0.0,0.0,0.00490297326930011,20.687477359930746,0.002491499049331237
guided-edges,173,30.0,24,True,5.0,50.0,49.390111268192214,19.92545689015087,27.83683735335038,49.80455293196358,14.78315318129888,16.92605459713195,3.262604848866492,7.053241631411566,47.927311759065276,25.277455476186333,17.34543147411593,2.3748680080827578,15.511628021202778,9.31924110503477,1.2952295311504527,6.801970803544938,6.410940072889333,2.1386225842640036,0.7712544255538375,1.6687448226054142,28.632052454815213,4.614327032263544,1.372356620134009,1.1340669188502135e-12,1.8060128920634732e-12,0.0,0.0,0.0,0.0,0.0,0.004902853958081643,20.687478088126497,0.002491519860645722
guided-edges,173,30.0,24,True,5.0,100.0,49.390111268192214,19.92545689015087,27.83683735335038,49.80455293196358,14.78315318129888,16.92605459713195,3.262604848866492,7.053241631411566,47.927311759065276,25.277455476186333,17.34543147411593,2.255897678827157,15.579738863193008,9.358092969060486,1.4573886389407746,6.834955952615164,6.434339131782924,2.143547779899628,0.9264640930512203,1.8446850652820501,28.703113592880364,4.625436355245778,1.0134873311486619,1.1475677154328707e-12,1.8275130454284303e-12,0.0,0.0,0.0,0.0,0.0,0.004903386637717344,20.687478053952923,0.00249148383373887
guided-edges,173,128.0,8,False,1.0,0.0,49.390107479649394,18.97210197026172,37.77859274030057,49.80458659637223,14.551779275187306,17.907394461650107,3.9249847148472536,7.053243983128126,47.927331737332594,16.02271770501789,15.403960004329777,1.6667220380697754,10.320451790690539,29.506178730338924,0.6962661771102683,8.15347902456799,9.541144769264301,2.845180766392003,0.8101283718922772,14.22696873871932,12.389366674100296,10.921779062763065,1.1191786919200488,4.3202549289531917e-13,6.880049112622774e-13,2.3283064365386963e-10,0.0,0.0,0.0,0.0,14.232103602069861,6.480382384428544e-12,1.0320073654599593e-11
guided-edges,173,128.0,8,False,1.0,50.0,49.390107479649394,18.97210197026172,37.77859274030057,49.80458659637223,14.551779275187306,17.907394461650107,3.9249847148472536,7.053243983128126,47.927331737332594,16.02271770501789,15.403960004329777,2.3320360476009476,10.33522886524799,29.548524831523792,1.8287628693246694,8.16094277218523,9.544351693481188,2.846034215793856,1.33825388545201,13.20080865830294,12.397791287340937,10.93596288469898,0.4051993126773926,0.0,0.0,2.3283064365386963e-10,0.0,0.0,0.0,0.0,13.503193059029362,4.104242176879756e-12,6.536046648032543e-12
guided-edges,173,128.0,8,False,1.0,100.0,49.390107479649394,18.97210197026172,37.77859274030057,49.80458659637223,14.551779275187306,17.907394461650107,3.9249847148472536,7.053243983128126,47.927331737332594,16.02271770501789,15.403960004329777,27.601544998700998,10.463507990990202,29.932546831553665,28.705709360386972,8.27567710233968,9.65357749806679,2.8642306750008495,5.356860376207895,31.117477850820983,12.577464278947083,11.096443396155854,1.4400113166451913e-06,2.1601274588508256e-13,3.4400245473522914e-13,2.3283064365386963e-10,0.0,0.0,0.0,0.0,3.936082600659964,7.344433367406296e-12,1.169608347264459e-11
guided-edges,173,128.0,8,False,5.0,0.0,49.390107479649394,18.97210197026172,37.77859274030057,49.80458659637223,14.551779275187306,17.907394461650107,3.9249847148472536,7.053243983128126,47.927331737332594,16.02271770501789,15.403960004329777,1.6836513121305168,0.768364979543042,2.9487313603037957,0.7127568537673792,0.7094647882032796,1.093627499828847,0.8199557136443636,0.8121237866935751,14.27163630025893,0.8523236629455432,1.129068079478825,1.1191786919200488,4.3202549289531917e-13,6.880049112622774e-13,2.3283064365386963e-10,0.0,0.0,0.0,0.0,14.232103343179034,6.264369638543462e-12,9.976071199864364e-12
guided-edges,173,128.0,8,False,5.0,50.0,49.390107479649394,18.97210197026172,37.77859274030057,49.80458659637223,14.551779275187306,17.907394461650107,3.9249847148472536,7.053243983128126,47.927331737332594,16.02271770501789,15.403960004329777,2.3333631051884973,0.7705521395621117,2.9509797122527703,1.8428270453065547,0.7092630746565715,1.0943783574848898,0.8201094231285156,1.3386761444687834,13.241734234068607,0.8523041640677274,1.1300698115896886,0.4051993126773926,0.0,0.0,2.3283064365386963e-10,0.0,0.0,0.0,0.0,13.503194140871436,3.45620393922451e-12,5.504039283826852e-12
guided-edges,173,128.0,8,False,5.0,100.0,49.390107479649394,18.97210197026172,37.77859274030057,49.80458659637223,14.551779275187306,17.907394461650107,3.9249847148472536,7.053243983128126,47.927331737332594,16.02271770501789,15.403960004329777,27.42609438853103,0.7841325368472198,2.9830572066608045,28.66173784774917,0.7158207563560123,1.1082539824690492,0.8252060529175672,5.353241681187165,31.078916600540513,0.8610402019976772,1.1440199657659362,1.4400113166451913e-06,2.1601274588508256e-13,3.4400245473522914e-13,2.3283064365386963e-10,0.0,0.0,0.0,0.0,3.9360822224460925,7.560446113853955e-12,1.2040085928275726e-11
guided-edges,173,128.0,8,True,1.0,0.0,49.390107479649394,18.97210197026172,37.77859274030057,49.80458659637223,14.551779275187306,17.907394461650107,3.9249847148472536,7.053243983128126,47.92733838917744,16.022720678106005,15.40396031091164,1.6667220380697754,10.320451790690539,29.506178730338924,0.6962661771102683,8.15347902456799,9.541144769264301,2.845180766392003,0.8101283718922772,0.8719550409186577,27.856243261868403,11.156880556269655,1.1191786919200488,4.3202549289531917e-13,6.880049112622774e-13,2.3283064365386963e-10,0.0,0.0,0.0,0.0,0.0004866578059244879,17.34906690331799,0.0002469114499333455
guided-edges,173,128.0,8,True,1.0,50.0,49.390107479649394,18.97210197026172,37.77859274030057,49.80458659637223,14.551779275187306,17.907394461650107,3.9249847148472536,7.053243983128126,47.92733838917744,16.022720678106005,15.40396031091164,2.3320360476009476,10.33522886524799,29.548524831523792,1.8287628693246694,8.16094277218523,9.544351693481188,2.846034215793856,1.33825388545201,1.6979891590653746,27.863007291305063,11.16118514741993,0.4051993126773926,0.0,0.0,2.3283064365386963e-10,0.0,0.0,0.0,0.0,0.00048665373585810696,17.34906627097081,0.00024691534327854893
guided-edges,173,128.0,8,True,1.0,100.0,49.390107479649394,18.97210197026172,37.77859274030057,49.80458659637223,14.551779275187306,17.907394461650107,3.9249847148472536,7.053243983128126,47.92733838917744,16.022720678106005,15.40396031091164,27.601544998700998,10.463507990990202,29.932546831553665,28.705709360386972,8.27567710233968,9.65357749806679,2.8642306750008495,5.356860376207895,26.484384045303536,27.973874013826393,11.258560880584541,1.4400113166451913e-06,2.1601274588508256e-13,3.4400245473522914e-13,2.3283064365386963e-10,0.0,0.0,0.0,0.0,0.0004860294537145163,17.34906234233268,0.0002468144524071662
guided-edges,173,128.0,8,True,5.0,0.0,49.390107479649394,18.97210197026172,37.77859274030057,49.80458659637223,14.551779275187306,17.907394461650107,3.9249847148472536,7.053243983128126,47.92733838917744,16.022720678106005,15.40396031091164,1.6836513121305168,0.768364979543042,2.9487313603037957,0.7127568537673792,0.7094647882032796,1.093627499828847,0.8199557136443636,0.8121237866935751,0.8948227588114324,21.62465562217838,1.1288863420076438,1.1191786919200488,4.3202549289531917e-13,6.880049112622774e-13,2.3283064365386963e-10,0.0,0.0,0.0,0.0,0.0004822719809103781,20.55155664125293,0.00024508323522361066
guided-edges,173,128.0,8,True,5.0,50.0,49.390107479649394,18.97210197026172,37.77859274030057,49.80458659637223,14.551779275187306,17.907394461650107,3.9249847148472536,7.053243983128126,47.92733838917744,16.022720678106005,15.40396031091164,2.3333631051884973,0.7705521395621117,2.9509797122527703,1.8428270453065547,0.7092630746565715,1.0943783574848898,0.8201094231285156,1.3386761444687834,1.7191389072280263,21.624538824568056,1.1293356790575155,0.4051993126773926,0.0,0.0,2.3283064365386963e-10,0.0,0.0,0.0,0.0,0.0004823018248248561,20.551557879386994,0.00024510433108468024
guided-edges,173,128.0,8,True,5.0,100.0,49.390107479649394,18.97210197026172,37.77859274030057,49.80458659637223,14.551779275187306,17.907394461650107,3.9249847148472536,7.053243983128126,47.92733838917744,16.022720678106005,15.40396031091164,27.42609438853103,0.7841325368472198,2.9830572066608045,28.66173784774917,0.7158207563560123,1.1082539824690492,0.8252060529175672,5.353241681187165,26.444026148654675,21.645920264602513,1.1388007289420379,1.4400113166451913e-06,2.1601274588508256e-13,3.4400245473522914e-13,2.3283064365386963e-10,0.0,0.0,0.0,0.0,0.00048178729152131703,20.55156293253265,0.0002450640327586048
guided-edges,173,128.0,24,False,1.0,0.0,49.390107120597186,19.925460028557584,27.836840329587826,49.8045883685691,14.783156926440721,16.92606190764426,3.2626053572845444,7.053244118044325,47.92733045707531,25.277460647846667,17.34543715960024,1.6685531489686396,19.73285161370358,26.32873381082294,0.6837643899542725,14.32275930050548,16.64016203993157,3.206824747328531,0.8082689889641697,14.206744053850512,23.864994823382723,16.128072183827445,1.1191786919200488,4.3202549289531917e-13,6.880049112622774e-13,2.3283064365386963e-10,0.0,0.0,0.0,0.0,14.232103602069861,6.480382384428544e-12,1.0320073654599593e-11
guided-edges,173,128.0,24,False,1.0,50.0,49.390107120597186,19.925460028557584,27.836840329587826,49.8045883685691,14.783156926440721,16.92606190764426,3.2626053572845444,7.053244118044325,47.92733045707531,25.277460647846667,17.34543715960024,2.3920710458739833,19.75267037264347,26.362804211967276,1.8635793645566703,14.337894258913495,16.63889013433337,3.2078924362227084,1.3545469155698175,13.187542558614174,23.892416664953142,16.146434440567994,0.4051993126773926,0.0,0.0,2.3283064365386963e-10,0.0,0.0,0.0,0.0,13.503193059029362,4.104242176879756e-12,6.536046648032543e-12
guided-edges,173,128.0,24,False,1.0,100.0,49.390107120597186,19.925460028557584,27.836840329587826,49.8045883685691,14.783156926440721,16.92606190764426,3.2626053572845444,7.053244118044325,47.92733045707531,25.277460647846667,17.34543715960024,27.73839878695028,19.975473313065574,26.674004740693206,28.837763416630253,14.593551580929963,16.81811738171515,3.233829196294314,5.368580406637806,31.19525874422253,24.21203304372896,16.36344660187029,1.4400113166451913e-06,2.1601274588508256e-13,3.4400245473522914e-13,2.3283064365386963e-10,0.0,0.0,0.0,0.0,3.936082600659964,7.344433367406296e-12,1.169608347264459e-11
guided-edges,173,128.0,24,False,5.0,0.0,49.390107120597186,19.925460028557584,27.836840329587826,49.8045883685691,14.783156926440721,16.92606190764426,3.2626053572845444,7.053244118044325,47.92733045707531,25.277460647846667,17.34543715960024,1.6568509382063963,15.676178889192684,9.482735260336604,0.7021041782247542,7.185736511800667,6.431309294264775,2.210372739589512,0.8108269348594899,14.2458689149072,8.81359161016614,4.748041140161478,1.1191786919200488,4.3202549289531917e-13,6.880049112622774e-13,2.3283064365386963e-10,0.0,0.0,0.0,0.0,14.232103343179034,6.264369638543462e-12,9.976071199864364e-12
guided-edges,173,128.0,24,False,5.0,50.0,49.390107120597186,19.925460028557584,27.836840329587826,49.8045883685691,14.783156926440721,16.92606190764426,3.2626053572845444,7.053244118044325,47.92733045707531,25.277460647846667,17.34543715960024,2.372190147631158,15.69293895604291,9.492288587982417,1.8799183912384823,7.190484281279117,6.430906907447503,2.210866417743899,1.355467150669515,13.222104647200178,8.825200755534475,4.751744315190816,0.4051993126773926,0.0,0.0,2.3283064365386963e-10,0.0,0.0,0.0,0.0,13.503194140871436,3.45620393922451e-12,5.504039283826852e-12
guided-edges,173,128.0,24,False,5.0,100.0,49.390107120597186,19.925460028557584,27.836840329587826,49.8045883685691,14.783156926440721,16.92606190764426,3.2626053572845444,7.053244118044325,47.92733045707531,25.277460647846667,17.34543715960024,27.625770445129476,15.884143916813557,9.600018628301742,28.780412785964327,7.3071253583547096,6.500626752368798,2.228023629226541,5.363993175349178,31.134261592706398,8.937462693748643,4.807063039847341,1.4400113166451913e-06,2.1601274588508256e-13,3.4400245473522914e-13,2.3283064365386963e-10,0.0,0.0,0.0,0.0,3.9360822224460925,7.560446113853955e-12,1.2040085928275726e-11
guided-edges,173,128.0,24,True,1.0,0.0,49.390107120597186,19.925460028557584,27.836840329587826,49.8045883685691,14.783156926440721,16.92606190764426,3.2626053572845444,7.053244118044325,47.927338236740184,25.277460927248185,17.345438321471672,1.6685531489686396,19.73285161370358,26.32873381082294,0.6837643899542725,14.32275930050548,16.64016203993157,3.206824747328531,0.8082689889641697,0.8584875009065299,40.50507074368175,16.162832503959702,1.1191786919200488,4.3202549289531917e-13,6.880049112622774e-13,2.3283064365386963e-10,0.0,0.0,0.0,0.0,0.0004866578059244879,17.34906690331799,0.0002469114499333455
guided-edges,173,128.0,24,True,1.0,50.0,49.390107120597186,19.925460028557584,27.836840329587826,49.8045883685691,14.783156926440721,16.92606190764426,3.2626053572845444,7.053244118044325,47.927338236740184,25.277460927248185,17.345438321471672,2.3920710458739833,19.75267037264347,26.362804211967276,1.8635793645566703,14.337894258913495,16.63889013433337,3.2078924362227084,1.3545469155698175,1.7229603819974146,40.534632345769225,16.166730808211454,0.4051993126773926,0.0,0.0,2.3283064365386963e-10,0.0,0.0,0.0,0.0,0.00048665373585810696,17.34906627097081,0.00024691534327854893
guided-edges,173,128.0,24,True,1.0,100.0,49.390107120597186,19.925460028557584,27.836840329587826,49.8045883685691,14.783156926440721,16.92606190764426,3.2626053572845444,7.053244118044325,47.927338236740184,25.277460927248185,17.345438321471672,27.73839878695028,19.975473313065574,26.674004740693206,28.837763416630253,14.593551580929963,16.81811738171515,3.233829196294314,5.368580406637806,26.632704836709625,40.88339861854867,16.3071971729857,1.4400113166451913e-06,2.1601274588508256e-13,3.4400245473522914e-13,2.3283064365386963e-10,0.0,0.0,0.0,0.0,0.0004860294537145163,17.34906234233268,0.0002468144524071662
guided-edges,173,128.0,24,True,5.0,0.0,49.390107120597186,19.925460028557584,27.836840329587826,49.8045883685691,14.783156926440721,16.92606190764426,3.2626053572845444,7.053244118044325,47.927338236740184,25.277460927248185,17.345438321471672,1.6568509382063963,15.676178889192684,9.482735260336604,0.7021041782247542,7.185736511800667,6.431309294264775,2.210372739589512,0.8108269348594899,0.8908601622966823,29.442948233339592,4.843414910558096,1.1191786919200488,4.3202549289531917e-13,6.880049112622774e-13,2.3283064365386963e-10,0.0,0.0,0.0,0.0,0.0004822719809103781,20.55155664125293,0.00024508323522361066
guided-edges,173,128.0,24,True,5.0,50.0,49.390107120597186,19.925460028557584,27.836840329587826,49.8045883685691,14.783156926440721,16.92606190764426,3.2626053572845444,7.053244118044325,47.927338236740184,25.277460927248185,17.345438321471672,2.372190147631158,15.69293895604291,9.492288587982417,1.8799183912384823,7.190484281279117,6.430906907447503,2.210866417743899,1.355467150669515,1.752281389096584,29.462468047506885,4.841667355798433,0.4051993126773926,0.0,0.0,2.3283064365386963e-10,0.0,0.0,0.0,0.0,0.0004823018248248561,20.551557879386994,0.00024510433108468024
guided-edges,173,128.0,24,True,5.0,100.0,49.390107120597186,19.925460028557584,27.836840329587826,49.8045883685691,14.783156926440721,16.92606190764426,3.2626053572845444,7.053244118044325,47.927338236740184,25.277460927248185,17.345438321471672,27.625770445129476,15.884143916813557,9.600018628301742,28.780412785964327,7.3071253583547096,6.500626752368798,2.228023629226541,5.363993175349178,26.583559344400804,29.660412104531563,4.875050910278052,1.4400113166451913e-06,2.1601274588508256e-13,3.4400245473522914e-13,2.3283064365386963e-10,0.0,0.0,0.0,0.0,0.00048178729152131703,20.55156293253265,0.0002450640327586048
guided-edges,173,200.0,8,False,1.0,0.0,49.39011119866146,18.972102197786842,37.77858903164826,49.80456681598697,14.551784602836667,17.907374845867583,3.92498455596441,7.053242289528267,47.92732269303946,16.022721076142407,15.40395786512914,1.8364536582168347,10.353700147055731,29.605053507141655,1.09418492566102,8.188962034041502,9.571912417901139,2.8509525085090672,1.0423836006683864,12.687425141897407,12.432050797632982,10.967974336610732,0.7836375396529363,2.534724258162461e-28,4.0365736906502088e-28,3.843361142221591e-10,3.801824327577501e-11,6.054443203339985e-11,7.323762205672396e-13,0.0,13.530734260511704,1.533690496684209e-11,2.442417430053575e-11
guided-edges,173,200.0,8,False,1.0,50.0,49.39011119866146,18.972102197786842,37.77858903164826,49.80456681598697,14.551784602836667,17.907374845867583,3.92498455596441,7.053242289528267,47.92732269303946,16.022721076142407,15.40395786512914,8.853631227204753,10.378987055257552,29.680241945836652,8.9560501515664,8.207331556661842,9.581342472257186,2.853224018548496,2.991949896525295,17.293570867887457,12.450123588276401,10.996112435137334,0.10899142269213907,2.1601274701023666e-13,3.440024565270483e-13,3.843361142221591e-10,3.801824327577501e-11,6.054443203339985e-11,7.323762205672396e-13,0.0,10.754691543398954,1.879310891338021e-11,2.9928213596009387e-11
guided-edges,173,200.0,8,False,1.0,100.0,49.39011119866146,18.972102197786842,37.77858903164826,49.80456681598697,14.551784602836667,17.907374845867583,3.92498455596441,7.053242289528267,47.92732269303946,16.022721076142407,15.40395786512914,42.73544587684231,10.447371292151072,29.879931114792313,43.747686155966676,8.27536252955926,9.644546664368173,2.8638665113283013,6.611550520842555,43.162149233576514,12.547001927335318,11.070587139898207,9.211550466737717e-10,4.3202549177016507e-13,6.880049094704584e-13,3.843361142221591e-10,3.801824327577501e-11,6.054443203339985e-11,7.323762205672396e-13,0.0,0.6551107899147535,1.9009121653639575e-11,3.027221604178547e-11
guided-edges,173,200.0,8,False,5.0,0.0,49.39011119866146,18.972102197786842,37.77858903164826,49.80456681598697,14.551784602836667,17.907374845867583,3.92498455596441,7.053242289528267,47.92732269303946,16.022721076142407,15.40395786512914,1.8282267586082617,0.7980558288416421,2.9313474500242758,1.100268832337977,0.6613244507181356,1.1114951165354165,0.8190987541472828,1.0433779050081222,12.708170038922592,0.887655603547772,1.1544354485340322,0.7836375396529363,2.534724258162461e-28,4.0365736906502088e-28,3.843361142221591e-10,3.801824327577501e-11,6.054443203339985e-11,7.323762205672396e-13,0.0,13.53073426305043,1.6200955952632742e-11,2.58001841230603e-11
guided-edges,173,200.0,8,False,5.0,50.0,49.39011119866146,18.972102197786842,37.77858903164826,49.80456681598697,14.551784602836667,17.907374845867583,3.92498455596441,7.053242289528267,47.92732269303946,16.022721076142407,15.40395786512914,8.814160361552837,0.8011558319163172,2.936498448828028,8.95536749943641,0.6612329981942751,1.1130957268740478,0.8195450718899392,2.991314310065573,17.30278837400633,0.8880277457721686,1.1565306702269538,0.10899142269213907,2.1601274701023666e-13,3.440024565270483e-13,3.843361142221591e-10,3.801824327577501e-11,6.054443203339985e-11,7.323762205672396e-13,0.0,10.754692873119941,1.7713045183954783e-11,2.8208201322333238e-11
guided-edges,173,200.0,8,False,5.0,100.0,49.39011119866146,18.972102197786842,37.77858903164826,49.80456681598697,14.551784602836667,17.907374845867583,3.92498455596441,7.053242289528267,47.92732269303946,16.022721076142407,15.40395786512914,42.59903550058356,0.8084199164499125,2.9547783041899254,43.71286923845082,0.6649221891032197,1.12114720005627,0.822510067334467,6.609474158438784,43.12839821592018,0.8926039674845557,1.1630997314469038,9.211550466737717e-10,4.3202549177016507e-13,6.880049094704584e-13,3.843361142221591e-10,3.801824327577501e-11,6.054443203339985e-11,7.323762205672396e-13,0.0,0.655110867454832,1.9657159890169687e-11,3.130422340419934e-11
guided-edges,173,200.0,8,True,1.0,0.0,49.39011119866146,18.972102197786842,37.77858903164826,49.80456681598697,14.551784602836667,17.907374845867583,3.92498455596441,7.053242289528267,47.92732726391216,16.022706721572796,15.403960725793683,1.8364536582168347,10.353700147055731,29.605053507141655,1.09418492566102,8.188962034041502,9.571912417901139,2.8509525085090672,1.0423836006683864,1.252248690871177,27.985931917568248,11.195168810791293,0.7836375396529363,2.534724258162461e-28,4.0365736906502088e-28,3.843361142221591e-10,3.801824327577501e-11,6.054443203339985e-11,7.323762205672396e-13,0.0,0.00021415679279444605,17.33661827508335,0.00010898128848113837
guided-edges,173,200.0,8,True,1.0,50.0,49.39011119866146,18.972102197786842,37.77858903164826,49.80456681598697,14.551784602836667,17.907374845867583,3.92498455596441,7.053242289528267,47.92732726391216,16.022706721572796,15.403960725793683,8.853631227204753,10.378987055257552,29.680241945836652,8.9560501515664,8.207331556661842,9.581342472257186,2.853224018548496,2.991949896525295,7.670860809447881,28.000468272776107,11.20681665951011,0.10899142269213907,2.1601274701023666e-13,3.440024565270483e-13,3.843361142221591e-10,3.801824327577501e-11,6.054443203339985e-11,7.323762205672396e-13,0.0,0.00021406586151899998,17.33661997926077,0.0001090069874725374
guided-edges,173,200.0,8,True,1.0,100.0,49.39011119866146,18.972102197786842,37.77858903164826,49.80456681598697,14.551784602836667,17.907374845867583,3.92498455596441,7.053242289528267,47.92732726391216,16.022706721572796,15.403960725793683,42.73544587684231,10.447371292151072,29.879931114792313,43.747686155966676,8.27536252955926,9.644546664368173,2.8638665113283013,6.611550520842555,41.31454596011338,28.06274595476707,11.257806136187154,9.211550466737717e-10,4.3202549177016507e-13,6.880049094704584e-13,3.843361142221591e-10,3.801824327577501e-11,6.054443203339985e-11,7.323762205672396e-13,0.0,0.00021512662833866975,17.336588083564415,0.00010912015596045973
guided-edges,173,200.0,8,True,5.0,0.0,49.39011119866146,18.972102197786842,37.77858903164826,49.80456681598697,14.551784602836667,17.907374845867583,3.92498455596441,7.053242289528267,47.92732726391216,16.022706721572796,15.403960725793683,1.8282267586082617,0.7980558288416421,2.9313474500242758,1.100268832337977,0.6613244507181356,1.1114951165354165,0.8190987541472828,1.0433779050081222,1.261237798888393,21.683925259380242,1.1519170753891177,0.7836375396529363,2.534724258162461e-28,4.0365736906502088e-28,3.843361142221591e-10,3.801824327577501e-11,6.054443203339985e-11,7.323762205672396e-13,0.0,0.00021220979720858396,20.543297361047852,0.00010815590742989025
guided-edges,173,200.0,8,True,5.0,50.0,49.39011119866146,18.972102197786842,37.77858903164826,49.80456681598697,14.551784602836667,17.907374845867583,3.92498455596441,7.053242289528267,47.92732726391216,16.022706721572796,15.403960725793683,8.814160361552837,0.8011558319163172,2.936498448828028,8.95536749943641,0.6612329981942751,1.1130957268740478,0.8195450718899392,2.991314310065573,7.673922953531486,21.68562793467529,1.152832374331176,0.10899142269213907,2.1601274701023666e-13,3.440024565270483e-13,3.843361142221591e-10,3.801824327577501e-11,6.054443203339985e-11,7.323762205672396e-13,0.0,0.00021216019217276544,20.543296070320345,0.00010822394238587898
guided-edges,173,200.0,8,True,5.0,100.0,49.39011119866146,18.972102197786842,37.77858903164826,49.80456681598697,14.551784602836667,17.907374845867583,3.92498455596441,7.053242289528267,47.92732726391216,16.022706721572796,15.403960725793683,42.59903550058356,0.8084199164499125,2.9547783041899254,43.71286923845082,0.6649221891032197,1.12114720005627,0.822510067334467,6.609474158438784,41.282146838872976,21.69751208506911,1.1579968137063155,9.211550466737717e-10,4.3202549177016507e-13,6.880049094704584e-13,3.843361142221591e-10,3.801824327577501e-11,6.054443203339985e-11,7.323762205672396e-13,0.0,0.0002131145054481792,20.543277620596356,0.00010820442931223128
guided-edges,173,200.0,24,False,1.0,0.0,49.390119883178194,19.9254611176075,27.83684471973094,49.804566752505686,14.78315397567342,16.92610657078737,3.262604942833645,7.05324227914038,47.92731729155301,25.277461596158386,17.345431559033926,1.8411920218722833,19.775379976337288,26.39862171532807,1.0893647346996647,14.355381738504747,16.67138391014534,3.210321612926163,1.041357906882752,12.678065565971398,23.940437787015156,16.179653445621145,0.7836375396529363,2.534724258162461e-28,4.0365736906502088e-28,3.843361142221591e-10,3.801824327577501e-11,6.054443203339985e-11,7.323762205672396e-13,0.0,13.530734260511704,1.533690496684209e-11,2.442417430053575e-11
guided-edges,173,200.0,24,False,1.0,50.0,49.390119883178194,19.9254611176075,27.83684471973094,49.804566752505686,14.78315397567342,16.92610657078737,3.262604942833645,7.05324227914038,47.92731729155301,25.277461596158386,17.345431559033926,9.00023721896344,19.814358807848443,26.455816717617864,9.085638267171717,14.392047350176846,16.680858423419213,3.213467752484314,3.0138689530319374,17.300838517371325,23.9911040800948,16.211278544415705,0.10899142269213907,2.1601274701023666e-13,3.440024565270483e-13,3.843361142221591e-10,3.801824327577501e-11,6.054443203339985e-11,7.323762205672396e-13,0.0,10.754691543398954,1.879310891338021e-11,2.9928213596009387e-11
guided-edges,173,200.0,24,False,1.0,100.0,49.390119883178194,19.9254611176075,27.83684471973094,49.804566752505686,14.78315397567342,16.92610657078737,3.262604942833645,7.05324227914038,47.92731729155301,25.277461596158386,17.345431559033926,42.82947969448437,19.934641679663635,26.60292569523609,43.85186606171526,14.535504339447602,16.783434288416455,3.2280943356917766,6.618814767563205,43.203027222680475,24.126138095584277,16.301457615748312,9.211550466737717e-10,4.3202549177016507e-13,6.880049094704584e-13,3.843361142221591e-10,3.801824327577501e-11,6.054443203339985e-11,7.323762205672396e-13,0.0,0.6551107899147535,1.9009121653639575e-11,3.027221604178547e-11
guided-edges,173,200.0,24,False,5.0,0.0,49.390119883178194,19.9254611176075,27.83684471973094,49.804566752505686,14.78315397567342,16.92610657078737,3.262604942833645,7.05324227914038,47.92731729155301,25.277461596158386,17.345431559033926,1.824874157346878,15.662794649771767,9.494486359850258,1.0957387416280715,7.22093853613197,6.413701036819854,2.216784064144153,1.0424741433996816,12.694001350400711,8.890090785157104,4.772491987271427,0.7836375396529363,2.534724258162461e-28,4.0365736906502088e-28,3.843361142221591e-10,3.801824327577501e-11,6.054443203339985e-11,7.323762205672396e-13,0.0,13.53073426305043,1.6200955952632742e-11,2.58001841230603e-11
guided-edges,173,200.0,24,False,5.0,50.0,49.390119883178194,19.9254611176075,27.83684471973094,49.804566752505686,14.78315397567342,16.92610657078737,3.262604942833645,7.05324227914038,47.92731729155301,25.277461596158386,17.345431559033926,8.967441736575847,15.696429437316379,9.510960240313752,9.084406798071097,7.235440756549289,6.416899459344152,2.218617149250384,3.0131792887000493,17.302684862295028,8.90961994985063,4.778960641344338,0.10899142269213907,2.1601274701023666e-13,3.440024565270483e-13,3.843361142221591e-10,3.801824327577501e-11,6.054443203339985e-11,7.323762205672396e-13,0.0,10.754692873119941,1.7713045183954783e-11,2.8208201322333238e-11
guided-edges,173,200.0,24,False,5.0,100.0,49.390119883178194,19.9254611176075,27.83684471973094,49.804566752505686,14.78315397567342,16.92610657078737,3.262604942833645,7.05324227914038,47.92731729155301,25.277461596158386,17.345431559033926,42.748006213235264,15.799787881426989,9.56294507629698,43.808835863618995,7.303227749020429,6.456481741296512,2.228511987444355,6.616296676626822,43.15967725446751,8.957732194465336,4.80312175282233,9.211550466737717e-10,4.3202549177016507e-13,6.880049094704584e-13,3.843361142221591e-10,3.801824327577501e-11,6.054443203339985e-11,7.323762205672396e-13,0.0,0.655110867454832,1.9657159890169687e-11,3.130422340419934e-11
guided-edges,173,200.0,24,True,1.0,0.0,49.390119883178194,19.9254611176075,27.83684471973094,49.804566752505686,14.78315397567342,16.92610657078737,3.262604942833645,7.05324227914038,47.92731961470529,25.277443979302404,17.3454290146255,1.8411920218722833,19.775379976337288,26.39862171532807,1.0893647346996647,14.355381738504747,16.67138391014534,3.210321612926163,1.041357906882752,1.247504531426688,40.71461084010515,16.195172369493662,0.7836375396529363,2.534724258162461e-28,4.0365736906502088e-28,3.843361142221591e-10,3.801824327577501e-11,6.054443203339985e-11,7.323762205672396e-13,0.0,0.00021415679279444605,17.33661827508335,0.00010898128848113837
guided-edges,173,200.0,24,True,1.0,50.0,49.390119883178194,19.9254611176075,27.83684471973094,49.804566752505686,14.78315397567342,16.92610657078737,3.262604942833645,7.05324227914038,47.92731961470529,25.277443979302404,17.3454290146255,9.00023721896344,19.814358807848443,26.455816717617864,9.085638267171717,14.392047350176846,16.680858423419213,3.213467752484314,3.0138689530319374,7.780993609571894,40.77843970292488,16.20951522395137,0.10899142269213907,2.1601274701023666e-13,3.440024565270483e-13,3.843361142221591e-10,3.801824327577501e-11,6.054443203339985e-11,7.323762205672396e-13,0.0,0.00021406586151899998,17.33661997926077,0.0001090069874725374
guided-edges,173,200.0,24,True,1.0,100.0,49.390119883178194,19.9254611176075,27.83684471973094,49.804566752505686,14.78315397567342,16.92610657078737,3.262604942833645,7.05324227914038,47.92731961470529,25.277443979302404,17.3454290146255,42.82947969448437,19.934641679663635,26.60292569523609,43.85186606171526,14.535504339447602,16.783434288416455,3.2280943356917766,6.618814767563205,41.42985471639958,40.96898113494028,16.282850631511568,9.211550466737717e-10,4.3202549177016507e-13,6.880049094704584e-13,3.843361142221591e-10,3.801824327577501e-11,6.054443203339985e-11,7.323762205672396e-13,0.0,0.00021512662833866975,17.336588083564415,0.00010912015596045973
guided-edges,173,200.0,24,True,5.0,0.0,49.390119883178194,19.9254611176075,27.83684471973094,49.804566752505686,14.78315397567342,16.92610657078737,3.262604942833645,7.05324227914038,47.92731961470529,25.277443979302404,17.3454290146255,1.824874157346878,15.662794649771767,9.494486359850258,1.0957387416280715,7.22093853613197,6.413701036819854,2.216784064144153,1.0424741433996816,1.2616424307170986,29.5650376980041,4.863685719763715,0.7836375396529363,2.534724258162461e-28,4.0365736906502088e-28,3.843361142221591e-10,3.801824327577501e-11,6.054443203339985e-11,7.323762205672396e-13,0.0,0.00021220979720858396,20.543297361047852,0.00010815590742989025
guided-edges,173,200.0,24,True,5.0,50.0,49.390119883178194,19.9254611176075,27.83684471973094,49.804566752505686,14.78315397567342,16.92610657078737,3.262604942833645,7.05324227914038,47.92731961470529,25.277443979302404,17.3454290146255,8.967441736575847,15.696429437316379,9.510960240313752,9.084406798071097,7.235440756549289,6.416899459344152,2.218617149250384,3.0131792887000493,7.786030750588067,29.607744416077026,4.863668440666173,0.10899142269213907,2.1601274701023666e-13,3.440024565270483e-13,3.843361142221591e-10,3.801824327577501e-11,6.054443203339985e-11,7.323762205672396e-13,0.0,0.00021216019217276544,20.543296070320345,0.00010822394238587898
guided-edges,173,200.0,24,True,5.0,100.0,49.390119883178194,19.9254611176075,27.83684471973094,49.804566752505686,14.78315397567342,16.92610657078737,3.262604942833645,7.05324227914038,47.92731961470529,25.277443979302404,17.3454290146255,42.748006213235264,15.799787881426989,9.56294507629698,43.808835863618995,7.303227749020429,6.456481741296512,2.228511987444355,6.616296676626822,41.39295549445324,29.722358203785525,4.882717458350111,9.211550466737717e-10,4.3202549177016507e-13,6.880049094704584e-13,3.843361142221591e-10,3.801824327577501e-11,6.054443203339985e-11,7.323762205672396e-13,0.0,0.0002131145054481792,20.543277620596356,0.00010820442931223128
guided-edges,619,30.0,8,False,1.0,0.0,48.63958139587995,36.27952397064297,18.881037336768014,46.11418262668779,23.152382194529654,29.351827529166513,4.692645834850585,6.7859643348495755,48.69222891552255,22.04362654096309,12.352590649448803,3.487855124942894,24.629911539184132,11.633689957994013,1.526196469703308,16.633534563359824,18.153318485537284,3.6949699895908346,0.6976970730683206,16.481690777593506,14.737785052443547,7.51819483960455,1.3900915852184714,1.1340669188502135e-12,1.8060128920634732e-12,0.0,0.0,0.0,0.0,0.0,14.647599208992546,2.1736282603560405e-12,3.461524708556449e-12
guided-edges,619,30.0,8,False,1.0,50.0,48.63958139587995,36.27952397064297,18.881037336768014,46.11418262668779,23.152382194529654,29.351827529166513,4.692645834850585,6.7859643348495755,48.69222891552255,22.04362654096309,12.352590649448803,3.4641289547397185,24.633215616389123,11.635331598519494,1.526613325433038,16.634368396251855,18.154142177466444,3.6950525534535448,0.7001154978229784,16.383646543386938,14.743710602785166,7.520426957396449,1.372356620134009,1.1340669188502135e-12,1.8060128920634732e-12,0.0,0.0,0.0,0.0,0.0,14.620743556471455,2.5786521600860436e-12,4.106529313088828e-12
guided-edges,619,30.0,8,False,1.0,100.0,48.63958139587995,36.27952397064297,18.881037336768014,46.11418262668779,23.152382194529654,29.351827529166513,4.692645834850585,6.7859643348495755,48.69222891552255,22.04362654096309,12.352590649448803,3.307676857100243,24.720939578994916,11.68205368116377,1.690157811439105,16.658562701190913,18.182457163848696,3.697801126833033,0.8510625648389175,14.466177515435264,14.890711865426981,7.5795216441096205,1.0134873311486619,1.1475677154328707e-12,1.8275130454284303e-12,0.0,0.0,0.0,0.0,0.0,13.960038665667982,2.5651513622024276e-12,4.085029157652077e-12
guided-edges,619,30.0,8,False,5.0,0.0,48.63958139587995,36.27952397064297,18.881037336768014,46.11418262668779,23.152382194529654,29.351827529166513,4.692645834850585,6.7859643348495755,48.69222891552255,22.04362654096309,12.352590649448803,3.952046196381483,2.9252942225452405,1.5346261127417984,2.045103999795939,5.624886773408372,1.0405167653088057,1.1654251839475542,0.7703032914461346,16.72231403439985,2.6122379132937192,0.8225499401399086,1.3900915852184714,1.1340669188502135e-12,1.8060128920634732e-12,0.0,0.0,0.0,0.0,0.0,14.647599992765144,1.998117903972798e-12,3.1820227135241334e-12
guided-edges,619,30.0,8,False,5.0,50.0,48.63958139587995,36.27952397064297,18.881037336768014,46.11418262668779,23.152382194529654,29.351827529166513,4.692645834850585,6.7859643348495755,48.69222891552255,22.04362654096309,12.352590649448803,3.9277390068875495,2.925611222284732,1.5347931560693897,2.0453762085186744,5.6255359397611135,1.04057659796711,1.1654919434781137,0.7727390430979372,16.623950712239314,2.61329640968696,0.8228244395163979,1.372356620134009,1.1340669188502135e-12,1.8060128920634732e-12,0.0,0.0,0.0,0.0,0.0,14.62074384590733,2.4841465834448704e-12,3.956028238638209e-12
guided-edges,619,30.0,8,False,5.0,100.0,48.63958139587995,36.27952397064297,18.881037336768014,46.11418262668779,23.152382194529654,29.351827529166513,4.692645834850585,6.7859643348495755,48.69222891552255,22.04362654096309,12.352590649448803,3.75141670193342,2.934729743973841,1.5398152618395913,2.2008769627630893,5.642615699281154,1.042454614948036,1.1673499807016992,0.9141239292272095,14.693985434818416,2.6395170830519628,0.8298620387075281,1.0134873311486619,1.1475677154328707e-12,1.8275130454284303e-12,0.0,0.0,0.0,0.0,0.0,13.960038560707142,2.538149768931633e-12,4.042028850754177e-12
guided-edges,619,30.0,8,True,1.0,0.0,48.63958139587995,36.27952397064297,18.881037336768014,46.11418262668779,23.152382194529654,29.351827529166513,4.692645834850585,6.7859643348495755,48.692227641744985,22.04362660879397,12.352591868625664,3.487855124942894,24.629911539184132,11.633689957994013,1.526196469703308,16.633534563359824,18.153318485537284,3.6949699895908346,0.6976970730683206,1.3592023299560037,31.022476650722215,7.960666364060635,1.3900915852184714,1.1340669188502135e-12,1.8060128920634732e-12,0.0,0.0,0.0,0.0,0.0,0.004942436475264077,17.552318495819538,0.0025079046842075253
guided-edges,619,30.0,8,True,1.0,50.0,48.63958139587995,36.27952397064297,18.881037336768014,46.11418262668779,23.152382194529654,29.351827529166513,4.692645834850585,6.7859643348495755,48.692227641744985,22.04362660879397,12.352591868625664,3.4641289547397185,24.633215616389123,11.635331598519494,1.526613325433038,16.634368396251855,18.154142177466444,3.6950525534535448,0.7001154978229784,1.3595665070608558,31.025612662386695,7.9614901967863405,1.372356620134009,1.1340669188502135e-12,1.8060128920634732e-12,0.0,0.0,0.0,0.0,0.0,0.004942256538159344,17.55232064411378,0.0025078797152269707
guided-edges,619,30.0,8,True,1.0,100.0,48.63958139587995,36.27952397064297,18.881037336768014,46.11418262668779,23.152382194529654,29.351827529166513,4.692645834850585,6.7859643348495755,48.692227641744985,22.04362660879397,12.352591868625664,3.307676857100243,24.720939578994916,11.68205368116377,1.690157811439105,16.658562701190913,18.182457163848696,3.697801126833033,0.8510625648389175,1.5323185561965902,31.10672104615075,7.9853694003932,1.0134873311486619,1.1475677154328707e-12,1.8275130454284303e-12,0.0,0.0,0.0,0.0,0.0,0.004942857116513009,17.5523155330761,0.0025078919719772135
guided-edges,619,30.0,8,True,5.0,0.0,48.63958139587995,36.27952397064297,18.881037336768014,46.11418262668779,23.152382194529654,29.351827529166513,4.692645834850585,6.7859643348495755,48.692227641744985,22.04362660879397,12.352591868625664,3.952046196381483,2.9252942225452405,1.5346261127417984,2.045103999795939,5.624886773408372,1.0405167653088057,1.1654251839475542,0.7703032914461346,1.5795988962609573,24.388696753428075,0.8732546777620412,1.3900915852184714,1.1340669188502135e-12,1.8060128920634732e-12,0.0,0.0,0.0,0.0,0.0,0.00490297326930011,20.687477359930746,0.002491499049331237
guided-edges,619,30.0,8,True,5.0,50.0,48.63958139587995,36.27952397064297,18.881037336768014,46.11418262668779,23.152382194529654,29.351827529166513,4.692645834850585,6.7859643348495755,48.692227641744985,22.04362660879397,12.352591868625664,3.9277390068875495,2.925611222284732,1.5347931560693897,2.0453762085186744,5.6255359397611135,1.04057659796711,1.1654919434781137,0.7727390430979372,1.5794784040201904,24.389851636121268,0.8733788171098652,1.372356620134009,1.1340669188502135e-12,1.8060128920634732e-12,0.0,0.0,0.0,0.0,0.0,0.004902853958081643,20.687478088126497,0.002491519860645722
guided-edges,619,30.0,8,True,5.0,100.0,48.63958139587995,36.27952397064297,18.881037336768014,46.11418262668779,23.152382194529654,29.351827529166513,4.692645834850585,6.7859643348495755,48.692227641744985,22.04362660879397,12.352591868625664,3.75141670193342,2.934729743973841,1.5398152618395913,2.2008769627630893,5.642615699281154,1.042454614948036,1.1673499807016992,0.9141239292272095,1.7376397075210217,24.419263718118614,0.8767227603700344,1.0134873311486619,1.1475677154328707e-12,1.8275130454284303e-12,0.0,0.0,0.0,0.0,0.0,0.004903386637717344,20.687478053952923,0.00249148383373887
guided-edges,619,30.0,24,False,1.0,0.0,48.63958370298776,22.261675613039966,19.619518854013254,46.11418320308093,11.752368816998482,16.171882084073395,3.7272601863001196,6.785964374235135,48.692226190022076,24.730024978592958,19.505676229962685,3.33704329322056,21.321251792224995,18.66503805740833,1.3787009042461429,10.77744031771725,15.069933738380113,3.5838914551040397,0.7069656433119729,16.284914455230773,22.355723205956302,17.695721180519143,1.3900915852184714,1.1340669188502135e-12,1.8060128920634732e-12,0.0,0.0,0.0,0.0,0.0,14.647599208992546,2.1736282603560405e-12,3.461524708556449e-12
guided-edges,619,30.0,24,False,1.0,50.0,48.63958370298776,22.261675613039966,19.619518854013254,46.11418320308093,11.752368816998482,16.171882084073395,3.7272601863001196,6.785964374235135,48.692226190022076,24.730024978592958,19.505676229962685,3.3131737225604128,21.324305385884497,18.667098561488682,1.3792627972669134,10.777607780144034,15.06956342227099,3.583876943428865,0.7093564723369513,16.187160894204776,22.36613865663749,17.700868774508752,1.372356620134009,1.1340669188502135e-12,1.8060128920634732e-12,0.0,0.0,0.0,0.0,0.0,14.620743556471455,2.5786521600860436e-12,4.106529313088828e-12
guided-edges,619,30.0,24,False,1.0,100.0,48.63958370298776,22.261675613039966,19.619518854013254,46.11418320308093,11.752368816998482,16.171882084073395,3.7272601863001196,6.785964374235135,48.692226190022076,24.730024978592958,19.505676229962685,3.158687020746658,21.407906953386895,18.726637869323312,1.5446727483235412,10.786716561979159,15.069028879851393,3.5844718508212607,0.8577720964067871,14.280168670214007,22.646876723585713,17.830005557092573,1.0134873311486619,1.1475677154328707e-12,1.8275130454284303e-12,0.0,0.0,0.0,0.0,0.0,13.960038665667982,2.5651513622024276e-12,4.085029157652077e-12
guided-edges,619,30.0,24,False,5.0,0.0,48.63958370298776,22.261675613039966,19.619518854013254,46.11418320308093,11.752368816998482,16.171882084073395,3.7272601863001196,6.785964374235135,48.692226190022076,24.730024978592958,19.505676229962685,3.63050972377959,11.901086838897516,10.146328829089573,1.6651318643135118,3.3371697590369878,5.567044195979627,1.971817931399203,0.7485247424637005,16.66342719957426,8.283317100936785,5.779948437910425,1.3900915852184714,1.1340669188502135e-12,1.8060128920634732e-12,0.0,0.0,0.0,0.0,0.0,14.647599992765144,1.998117903972798e-12,3.1820227135241334e-12
guided-edges,619,30.0,24,False,5.0,50.0,48.63958370298776,22.261675613039966,19.619518854013254,46.11418320308093,11.752368816998482,16.171882084073395,3.7272601863001196,6.785964374235135,48.692226190022076,24.730024978592958,19.505676229962685,3.6064170011863492,11.902640649155542,10.148235744293936,1.6657148675092572,3.3374149669719144,5.567447028804755,1.9718785871046234,0.7510333996191539,16.565263878142844,8.286043373899087,5.781493950355022,1.372356620134009,1.1340669188502135e-12,1.8060128920634732e-12,0.0,0.0,0.0,0.0,0.0,14.62074384590733,2.4841465834448704e-12,3.956028238638209e-12
guided-edges,619,30.0,24,False,5.0,100.0,48.63958370298776,22.261675613039966,19.619518854013254,46.11418320308093,11.752368816998482,16.171882084073395,3.7272601863001196,6.785964374235135,48.692226190022076,24.730024978592958,19.505676229962685,3.4413015915923295,11.946354184395153,10.19717572366344,1.8287268696930807,3.344535943436218,5.579047887989103,1.9737200985356647,0.8958938404477406,14.64196684503132,8.35795922321646,5.820438312170044,1.0134873311486619,1.1475677154328707e-12,1.8275130454284303e-12,0.0,0.0,0.0,0.0,0.0,13.960038560707142,2.538149768931633e-12,4.042028850754177e-12
guided-edges,619,30.0,24,True,1.0,0.0,48.63958370298776,22.261675613039966,19.619518854013254,46.11418320308093,11.752368816998482,16.171882084073395,3.7272601863001196,6.785964374235135,48.692226538268756,24.730025416572474,19.50567211381149,3.33704329322056,21.321251792224995,18.66503805740833,1.3787009042461429,10.77744031771725,15.069933738380113,3.5838914551040397,0.7069656433119729,1.262257881805581,36.87924685884895,17.684560680726097,1.3900915852184714,1.1340669188502135e-12,1.8060128920634732e-12,0.0,0.0,0.0,0.0,0.0,0.004942436475264077,17.552318495819538,0.0025079046842075253
guided-edges,619,30.0,24,True,1.0,50.0,48.63958370298776,22.261675613039966,19.619518854013254,46.11418320308093,11.752368816998482,16.171882084073395,3.7272601863001196,6.785964374235135,48.692226538268756,24.730025416572474,19.50567211381149,3.3131737225604128,21.324305385884497,18.667098561488682,1.3792627972669134,10.777607780144034,15.06956342227099,3.583876943428865,0.7093564723369513,1.2631192218045095,36.88316360738027,17.68647989197875,1.372356620134009,1.1340669188502135e-12,1.8060128920634732e-12,0.0,0.0,0.0,0.0,0.0,0.004942256538159344,17.55232064411378,0.0025078797152269707
guided-edges,619,30.0,24,True,1.0,100.0,48.63958370298776,22.261675613039966,19.619518854013254,46.11418320308093,11.752368816998482,16.171882084073395,3.7272601863001196,6.785964374235135,48.692226538268756,24.730025416572474,19.50567211381149,3.158687020746658,21.407906953386895,18.726637869323312,1.5446727483235412,10.786716561979159,15.069028879851393,3.5844718508212607,0.8577720964067871,1.4496304111817309,36.99702941888513,17.737987657935204,1.0134873311486619,1.1475677154328707e-12,1.8275130454284303e-12,0.0,0.0,0.0,0.0,0.0,0.004942857116513009,17.5523155330761,0.0025078919719772135
guided-edges,619,30.0,24,True,5.0,0.0,48.63958370298776,22.261675613039966,19.619518854013254,46.11418320308093,11.752368816998482,16.171882084073395,3.7272601863001196,6.785964374235135,48.692226538268756,24.730025416572474,19.50567211381149,3.63050972377959,11.901086838897516,10.146328829089573,1.6651318643135118,3.3371697590369878,5.567044195979627,1.971817931399203,0.7485247424637005,1.546585225168796,28.304018337739983,5.757291756090182,1.3900915852184714,1.1340669188502135e-12,1.8060128920634732e-12,0.0,0.0,0.0,0.0,0.0,0.00490297326930011,20.687477359930746,0.002491499049331237
guided-edges,619,30.0,24,True,5.0,50.0,48.63958370298776,22.261675613039966,19.619518854013254,46.11418320308093,11.752368816998482,16.171882084073395,3.7272601863001196,6.785964374235135,48.692226538268756,24.730025416572474,19.50567211381149,3.6064170011863492,11.902640649155542,10.148235744293936,1.6657148675092572,3.3374149669719144,5.567447028804755,1.9718785871046234,0.7510333996191539,1.5469058981585015,28.305744009331086,5.757826666358909,1.372356620134009,1.1340669188502135e-12,1.8060128920634732e-12,0.0,0.0,0.0,0.0,0.0,0.004902853958081643,20.687478088126497,0.002491519860645722
guided-edges,619,30.0,24,True,5.0,100.0,48.63958370298776,22.261675613039966,19.619518854013254,46.11418320308093,11.752368816998482,16.171882084073395,3.7272601863001196,6.785964374235135,48.692226538268756,24.730025416572474,19.50567211381149,3.4413015915923295,11.946354184395153,10.19717572366344,1.8287268696930807,3.344535943436218,5.579047887989103,1.9737200985356647,0.8958938404477406,1.716817271146404,28.352098745939735,5.7724050182012805,1.0134873311486619,1.1475677154328707e-12,1.8275130454284303e-12,0.0,0.0,0.0,0.0,0.0,0.004903386637717344,20.687478053952923,0.00249148383373887
guided-edges,619,128.0,8,False,1.0,0.0,48.63957866687553,36.27952480368328,18.88103774660425,46.11421140871787,23.15239220055702,29.351834925194748,4.692646576621781,6.7859664795482475,48.69224478024911,22.043630757809233,12.352595488102905,2.3021906887397696,24.653811498218136,11.943101589189292,0.7657528777103406,16.76829108059239,18.698063102373485,3.760314526513347,0.7491234353005305,14.334222052566197,15.197896066819167,7.950239215056351,1.1191786919200488,4.3202549289531917e-13,6.880049112622774e-13,2.3283064365386963e-10,0.0,0.0,0.0,0.0,14.232103602069861,6.480382384428544e-12,1.0320073654599593e-11
guided-edges,619,128.0,8,False,1.0,50.0,48.63957866687553,36.27952480368328,18.88103774660425,46.11421140871787,23.15239220055702,29.351834925194748,4.692646576621781,6.7859664795482475,48.69224478024911,22.043630757809233,12.352595488102905,2.7369235840012616,24.6683191369665,11.94748943391484,1.6355658931067638,16.771164220321975,18.70486545047412,3.760765470441825,1.2056819313581655,13.431933679134932,15.22650131732655,7.958357544636849,0.4051993126773926,0.0,0.0,2.3283064365386963e-10,0.0,0.0,0.0,0.0,13.503193059029362,4.104242176879756e-12,6.536046648032543e-12
guided-edges,619,128.0,8,False,1.0,100.0,48.63957866687553,36.27952480368328,18.88103774660425,46.11421140871787,23.15239220055702,29.351834925194748,4.692646576621781,6.7859664795482475,48.69224478024911,22.043630757809233,12.352595488102905,26.96775647101612,24.93374808252771,12.047685378838997,25.280717095652893,16.85338627489761,18.805351690130095,3.7708159925314026,5.01642259879458,31.452320968675387,15.462179440218241,8.051193809690915,1.4400113166451913e-06,2.1601274588508256e-13,3.4400245473522914e-13,2.3283064365386963e-10,0.0,0.0,0.0,0.0,3.936082600659964,7.344433367406296e-12,1.169608347264459e-11
guided-edges,619,128.0,8,False,5.0,0.0,48.63957866687553,36.27952480368328,18.88103774660425,46.11421140871787,23.15239220055702,29.351834925194748,4.692646576621781,6.7859664795482475,48.69224478024911,22.043630757809233,12.352595488102905,2.366080374325573,2.2577027756058397,1.439396253817863,0.8530537821662836,4.993910100830051,0.9600430877542181,1.1947028683872554,0.7676335202868405,14.355318985502802,2.247153597056791,1.005633978591638,1.1191786919200488,4.3202549289531917e-13,6.880049112622774e-13,2.3283064365386963e-10,0.0,0.0,0.0,0.0,14.232103343179034,6.264369638543462e-12,9.976071199864364e-12
guided-edges,619,128.0,8,False,5.0,50.0,48.63957866687553,36.27952480368328,18.88103774660425,46.11421140871787,23.15239220055702,29.351834925194748,4.692646576621781,6.7859664795482475,48.69224478024911,22.043630757809233,12.352595488102905,2.797482012309423,2.2586319374423014,1.4407903047616315,1.7207231476729108,4.998630477714391,0.9609085006952919,1.1953300544550842,1.2176815309904647,13.448994762275703,2.252127415073597,1.0072762142314937,0.4051993126773926,0.0,0.0,2.3283064365386963e-10,0.0,0.0,0.0,0.0,13.503194140871436,3.45620393922451e-12,5.504039283826852e-12
guided-edges,619,128.0,8,False,5.0,100.0,48.63957866687553,36.27952480368328,18.88103774660425,46.11421140871787,23.15239220055702,29.351834925194748,4.692646576621781,6.7859664795482475,48.69224478024911,22.043630757809233,12.352595488102905,26.938463473427966,2.280478175937114,1.453469108023521,25.29943567317541,5.040510305896162,0.9690708335228223,1.201747915859818,5.013704318691503,31.40539184165487,2.2850858221088473,1.02122597958316,1.4400113166451913e-06,2.1601274588508256e-13,3.4400245473522914e-13,2.3283064365386963e-10,0.0,0.0,0.0,0.0,3.9360822224460925,7.560446113853955e-12,1.2040085928275726e-11
guided-edges,619,128.0,8,True,1.0,0.0,48.63957866687553,36.27952480368328,18.88103774660425,46.11421140871787,23.15239220055702,29.351834925194748,4.692646576621781,6.7859664795482475,48.692258194844825,22.04362992427788,12.35259700433235,2.3021906887397696,24.653811498218136,11.943101589189292,0.7657528777103406,16.76829108059239,18.698063102373485,3.760314526513347,0.7491234353005305,0.7433866291108551,30.651424373650425,8.305401140872503,1.1191786919200488,4.3202549289531917e-13,6.880049112622774e-13,2.3283064365386963e-10,0.0,0.0,0.0,0.0,0.0004866578059244879,17.34906690331799,0.0002469114499333455
guided-edges,619,128.0,8,True,1.0,50.0,48.63957866687553,36.27952480368328,18.88103774660425,46.11421140871787,23.15239220055702,29.351834925194748,4.692646576621781,6.7859664795482475,48.692258194844825,22.04362992427788,12.35259700433235,2.7369235840012616,24.6683191369665,11.94748943391484,1.6355658931067638,16.771164220321975,18.70486545047412,3.760765470441825,1.2056819313581655,1.5351124992532554,30.669393410152786,8.305375554607075,0.4051993126773926,0.0,0.0,2.3283064365386963e-10,0.0,0.0,0.0,0.0,0.00048665373585810696,17.34906627097081,0.00024691534327854893
guided-edges,619,128.0,8,True,1.0,100.0,48.63957866687553,36.27952480368328,18.88103774660425,46.11421140871787,23.15239220055702,29.351834925194748,4.692646576621781,6.7859664795482475,48.692258194844825,22.04362992427788,12.35259700433235,26.96775647101612,24.93374808252771,12.047685378838997,25.280717095652893,16.85338627489761,18.805351690130095,3.7708159925314026,5.01642259879458,26.129698863190157,30.890329110536356,8.374758820689856,1.4400113166451913e-06,2.1601274588508256e-13,3.4400245473522914e-13,2.3283064365386963e-10,0.0,0.0,0.0,0.0,0.0004860294537145163,17.34906234233268,0.0002468144524071662
guided-edges,619,128.0,8,True,5.0,0.0,48.63957866687553,36.27952480368328,18.88103774660425,46.11421140871787,23.15239220055702,29.351834925194748,4.692646576621781,6.7859664795482475,48.692258194844825,22.04362992427788,12.35259700433235,2.366080374325573,2.2577027756058397,1.439396253817863,0.8530537821662836,4.993910100830051,0.9600430877542181,1.1947028683872554,0.7676335202868405,0.7622200593918458,23.2053982407812,1.0387513866909308,1.1191786919200488,4.3202549289531917e-13,6.880049112622774e-13,2.3283064365386963e-10,0.0,0.0,0.0,0.0,0.0004822719809103781,20.55155664125293,0.00024508323522361066
guided-edges,619,128.0,8,True,5.0,50.0,48.63957866687553,36.27952480368328,18.88103774660425,46.11421140871787,23.15239220055702,29.351834925194748,4.692646576621781,6.7859664795482475,48.692258194844825,22.04362992427788,12.35259700433235,2.797482012309423,2.2586319374423014,1.4407903047616315,1.7207231476729108,4.998630477714391,0.9609085006952919,1.1953300544550842,1.2176815309904647,1.5517009113586535,23.21152674385288,1.0394289903508234,0.4051993126773926,0.0,0.0,2.3283064365386963e-10,0.0,0.0,0.0,0.0,0.0004823018248248561,20.551557879386994,0.00024510433108468024
guided-edges,619,128.0,8,True,5.0,100.0,48.63957866687553,36.27952480368328,18.88103774660425,46.11421140871787,23.15239220055702,29.351834925194748,4.692646576621781,6.7859664795482475,48.692258194844825,22.04362992427788,12.35259700433235,26.938463473427966,2.280478175937114,1.453469108023521,25.29943567317541,5.040510305896162,0.9690708335228223,1.201747915859818,5.013704318691503,26.08347942166172,23.283700043784563,1.0496728097441363,1.4400113166451913e-06,2.1601274588508256e-13,3.4400245473522914e-13,2.3283064365386963e-10,0.0,0.0,0.0,0.0,0.00048178729152131703,20.55156293253265,0.0002450640327586048
guided-edges,619,128.0,24,False,1.0,0.0,48.63957809089443,22.261678844623507,19.619523050040563,46.11421285145345,11.752371896819712,16.17188728566376,3.7272607256015626,6.7859665906145406,48.692237465763306,24.730030070987606,19.505683643425726,2.281344935434115,21.641376790704452,19.078501399003386,0.7458508893302161,11.087984992734608,15.584099152802125,3.641625977854418,0.7514401204369786,14.31620967578006,23.326864956689292,18.301280323989143,1.1191786919200488,4.3202549289531917e-13,6.880049112622774e-13,2.3283064365386963e-10,0.0,0.0,0.0,0.0,14.232103602069861,6.480382384428544e-12,1.0320073654599593e-11
guided-edges,619,128.0,24,False,1.0,50.0,48.63957809089443,22.261678844623507,19.619523050040563,46.11421285145345,11.752371896819712,16.17188728566376,3.7272607256015626,6.7859665906145406,48.692237465763306,24.730030070987606,19.505683643425726,2.754165355905137,21.640638379090905,19.069107299828417,1.6459874445469487,11.086580596290196,15.57835060412032,3.641138758115119,1.2194689125417408,13.411568316608786,23.32742053823812,18.313479532502985,0.4051993126773926,0.0,0.0,2.3283064365386963e-10,0.0,0.0,0.0,0.0,13.503193059029362,4.104242176879756e-12,6.536046648032543e-12
guided-edges,619,128.0,24,False,1.0,100.0,48.63957809089443,22.261678844623507,19.619523050040563,46.11421285145345,11.752371896819712,16.17188728566376,3.7272607256015626,6.7859665906145406,48.692237465763306,24.730030070987606,19.505683643425726,27.078368860298163,21.88151384886777,19.1728788052458,25.335003405006656,11.129116435408676,15.621071416020055,3.6469824612525827,5.023901941163868,31.531207048614974,23.632740665508386,18.496013804320498,1.4400113166451913e-06,2.1601274588508256e-13,3.4400245473522914e-13,2.3283064365386963e-10,0.0,0.0,0.0,0.0,3.936082600659964,7.344433367406296e-12,1.169608347264459e-11
guided-edges,619,128.0,24,False,5.0,0.0,48.63957809089443,22.261678844623507,19.619523050040563,46.11421285145345,11.752371896819712,16.17188728566376,3.7272607256015626,6.7859665906145406,48.692237465763306,24.730030070987606,19.505683643425726,2.3553862111410075,11.934828766179065,9.783084815029628,0.7963362018147477,3.371564919612503,5.810537462045322,2.0322064909539703,0.762720621319417,14.359412277594188,9.242795492411146,5.844010229952399,1.1191786919200488,4.3202549289531917e-13,6.880049112622774e-13,2.3283064365386963e-10,0.0,0.0,0.0,0.0,14.232103343179034,6.264369638543462e-12,9.976071199864364e-12
guided-edges,619,128.0,24,False,5.0,50.0,48.63957809089443,22.261678844623507,19.619523050040563,46.11421285145345,11.752371896819712,16.17188728566376,3.7272607256015626,6.7859665906145406,48.692237465763306,24.730030070987606,19.505683643425726,2.8281833546541284,11.933371587186416,9.776252271766676,1.6976025046180343,3.3730465927289206,5.813916388362842,2.032614404013956,1.2277517958675452,13.452986793144179,9.245003735167147,5.846675823318198,0.4051993126773926,0.0,0.0,2.3283064365386963e-10,0.0,0.0,0.0,0.0,13.503194140871436,3.45620393922451e-12,5.504039283826852e-12
guided-edges,619,128.0,24,False,5.0,100.0,48.63957809089443,22.261678844623507,19.619523050040563,46.11421285145345,11.752371896819712,16.17188728566376,3.7272607256015626,6.7859665906145406,48.692237465763306,24.730030070987606,19.505683643425726,27.10392733253748,12.060719842048137,9.841373570249177,25.3563116719383,3.3944981888922676,5.853482254390777,2.0392207767975306,5.023562741558448,31.49420898068186,9.346184118807281,5.895940915677589,1.4400113166451913e-06,2.1601274588508256e-13,3.4400245473522914e-13,2.3283064365386963e-10,0.0,0.0,0.0,0.0,3.9360822224460925,7.560446113853955e-12,1.2040085928275726e-11
guided-edges,619,128.0,24,True,1.0,0.0,48.63957809089443,22.261678844623507,19.619523050040563,46.11421285145345,11.752371896819712,16.17188728566376,3.7272607256015626,6.7859665906145406,48.69225547181065,24.730034556147796,19.50567880402096,2.281344935434115,21.641376790704452,19.078501399003386,0.7458508893302161,11.087984992734608,15.584099152802125,3.641625977854418,0.7514401204369786,0.7350067600380301,39.140667205741806,18.27156737951189,1.1191786919200488,4.3202549289531917e-13,6.880049112622774e-13,2.3283064365386963e-10,0.0,0.0,0.0,0.0,0.0004866578059244879,17.34906690331799,0.0002469114499333455
guided-edges,619,128.0,24,True,1.0,50.0,48.63957809089443,22.261678844623507,19.619523050040563,46.11421285145345,11.752371896819712,16.17188728566376,3.7272607256015626,6.7859665906145406,48.69225547181065,24.730034556147796,19.50567880402096,2.754165355905137,21.640638379090905,19.069107299828417,1.6459874445469487,11.086580596290196,15.57835060412032,3.641138758115119,1.2194689125417408,1.5498786762264465,39.164538597960664,18.274640121412542,0.4051993126773926,0.0,0.0,2.3283064365386963e-10,0.0,0.0,0.0,0.0,0.00048665373585810696,17.34906627097081,0.00024691534327854893
guided-edges,619,128.0,24,True,1.0,100.0,48.63957809089443,22.261678844623507,19.619523050040563,46.11421285145345,11.752371896819712,16.17188728566376,3.7272607256015626,6.7859665906145406,48.69225547181065,24.730034556147796,19.50567880402096,27.078368860298163,21.88151384886777,19.1728788052458,25.335003405006656,11.129116435408676,15.621071416020055,3.6469824612525827,5.023901941163868,26.22720455089353,39.454844515018515,18.411346636188473,1.4400113166451913e-06,2.1601274588508256e-13,3.4400245473522914e-13,2.3283064365386963e-10,0.0,0.0,0.0,0.0,0.0004860294537145163,17.34906234233268,0.0002468144524071662
guided-edges,619,128.0,24,True,5.0,0.0,48.63957809089443,22.261678844623507,19.619523050040563,46.11421285145345,11.752371896819712,16.17188728566376,3.7272607256015626,6.7859665906145406,48.69225547181065,24.730034556147796,19.50567880402096,2.3553862111410075,11.934828766179065,9.783084815029628,0.7963362018147477,3.371564919612503,5.810537462045322,2.0322064909539703,0.762720621319417,0.7656395002834727,29.765213670050322,5.884282208718109,1.1191786919200488,4.3202549289531917e-13,6.880049112622774e-13,2.3283064365386963e-10,0.0,0.0,0.0,0.0,0.0004822719809103781,20.55155664125293,0.00024508323522361066
guided-edges,619,128.0,24,True,5.0,50.0,48.63957809089443,22.261678844623507,19.619523050040563,46.11421285145345,11.752371896819712,16.17188728566376,3.7272607256015626,6.7859665906145406,48.69225547181065,24.730034556147796,19.50567880402096,2.8281833546541284,11.933371587186416,9.776252271766676,1.6976025046180343,3.3730465927289206,5.813916388362842,2.032614404013956,1.2277517958675452,1.5783988899997152,29.778558221823705,5.884179983234638,0.4051993126773926,0.0,0.0,2.3283064365386963e-10,0.0,0.0,0.0,0.0,0.0004823018248248561,20.551557879386994,0.00024510433108468024
guided-edges,619,128.0,24,True,5.0,100.0,48.63957809089443,22.261678844623507,19.619523050040563,46.11421285145345,11.752371896819712,16.17188728566376,3.7272607256015626,6.7859665906145406,48.69225547181065,24.730034556147796,19.50567880402096,27.10392733253748,12.060719842048137,9.841373570249177,25.3563116719383,3.3944981888922676,5.853482254390777,2.0392207767975306,5.023562741558448,26.187102539585474,29.918692061314108,5.921800284433539,1.4400113166451913e-06,2.1601274588508256e-13,3.4400245473522914e-13,2.3283064365386963e-10,0.0,0.0,0.0,0.0,0.00048178729152131703,20.55156293253265,0.0002450640327586048
guided-edges,619,200.0,8,False,1.0,0.0,48.639583831112596,36.279524390517125,18.88104136799179,46.11418779800966,23.152421956829112,29.35183515828411,4.6926460767714095,6.785965092377486,48.692234200925895,22.043626265824326,12.352590898159281,2.3195909124837253,24.71097463242345,11.973457560148391,1.0733712203890438,16.74329963053078,18.719002873546952,3.7643842224207824,0.9677926102763245,12.876297848377714,15.216592828180508,7.985652441692652,0.7836375396529363,2.534724258162461e-28,4.0365736906502088e-28,3.843361142221591e-10,3.801824327577501e-11,6.054443203339985e-11,7.323762205672396e-13,0.0,13.530734260511704,1.533690496684209e-11,2.442417430053575e-11
guided-edges,619,200.0,8,False,1.0,50.0,48.639583831112596,36.279524390517125,18.88104136799179,46.11418779800966,23.152421956829112,29.35183515828411,4.6926460767714095,6.785965092377486,48.692234200925895,22.043626265824326,12.352590898159281,8.804581748552812,24.743461295025714,11.983719689899472,7.478378655538255,16.751863869844914,18.73109066320779,3.765353609223152,2.716720355363786,17.677201227624415,15.259902921787807,8.000499059034736,0.10899142269213907,2.1601274701023666e-13,3.440024565270483e-13,3.843361142221591e-10,3.801824327577501e-11,6.054443203339985e-11,7.323762205672396e-13,0.0,10.754691543398954,1.879310891338021e-11,2.9928213596009387e-11
guided-edges,619,200.0,8,False,1.0,100.0,48.639583831112596,36.279524390517125,18.88104136799179,46.11418779800966,23.152421956829112,29.35183515828411,4.6926460767714095,6.785965092377486,48.692234200925895,22.043626265824326,12.352590898159281,41.77703717593388,24.902082158590137,12.045226267010776,39.707873515543795,16.80382569051588,18.783326798352174,3.7710147981439155,6.295612196555194,44.1929941463415,15.37672873160618,8.04300017167003,9.211550466737717e-10,4.3202549177016507e-13,6.880049094704584e-13,3.843361142221591e-10,3.801824327577501e-11,6.054443203339985e-11,7.323762205672396e-13,0.0,0.6551107899147535,1.9009121653639575e-11,3.027221604178547e-11
guided-edges,619,200.0,8,False,5.0,0.0,48.639583831112596,36.279524390517125,18.88104136799179,46.11418779800966,23.152421956829112,29.35183515828411,4.6926460767714095,6.785965092377486,48.692234200925895,22.043626265824326,12.352590898159281,2.352998851386744,2.1553061919081484,1.4296684124679937,1.124462523068681,4.877552771608255,0.9502216124959904,1.1971485564241284,0.9776609227208608,12.883608107087877,2.1873295997802167,1.0368455087557844,0.7836375396529363,2.534724258162461e-28,4.0365736906502088e-28,3.843361142221591e-10,3.801824327577501e-11,6.054443203339985e-11,7.323762205672396e-13,0.0,13.53073426305043,1.6200955952632742e-11,2.58001841230603e-11
guided-edges,619,200.0,8,False,5.0,50.0,48.639583831112596,36.279524390517125,18.88104136799179,46.11418779800966,23.152421956829112,29.35183515828411,4.6926460767714095,6.785965092377486,48.692234200925895,22.043626265824326,12.352590898159281,8.828120730754245,2.1578659388571677,1.4318705921785004,7.522623569219407,4.8856384000630415,0.9518321204970992,1.1982742003719244,2.7198459166510602,17.67456056859536,2.1941315593189525,1.0394007036566613,0.10899142269213907,2.1601274701023666e-13,3.440024565270483e-13,3.843361142221591e-10,3.801824327577501e-11,6.054443203339985e-11,7.323762205672396e-13,0.0,10.754692873119941,1.7713045183954783e-11,2.8208201322333238e-11
guided-edges,619,200.0,8,False,5.0,100.0,48.639583831112596,36.279524390517125,18.88104136799179,46.11418779800966,23.152421956829112,29.35183515828411,4.6926460767714095,6.785965092377486,48.692234200925895,22.043626265824326,12.352590898159281,41.74486380191892,2.170893863015515,1.4390488373630683,39.71297426638729,4.907898588716465,0.9565008363467488,1.2018099751633189,6.294118059452317,44.15684974458047,2.2083575157465924,1.0461063568661153,9.211550466737717e-10,4.3202549177016507e-13,6.880049094704584e-13,3.843361142221591e-10,3.801824327577501e-11,6.054443203339985e-11,7.323762205672396e-13,0.0,0.655110867454832,1.9657159890169687e-11,3.130422340419934e-11
guided-edges,619,200.0,8,True,1.0,0.0,48.639583831112596,36.279524390517125,18.88104136799179,46.11418779800966,23.152421956829112,29.35183515828411,4.6926460767714095,6.785965092377486,48.692232734807405,22.043636743981626,12.352586827766105,2.3195909124837253,24.71097463242345,11.973457560148391,1.0733712203890438,16.74329963053078,18.719002873546952,3.7643842224207824,0.9677926102763245,1.10829177804225,30.556943530338835,8.330751268429738,0.7836375396529363,2.534724258162461e-28,4.0365736906502088e-28,3.843361142221591e-10,3.801824327577501e-11,6.054443203339985e-11,7.323762205672396e-13,0.0,0.00021415679279444605,17.33661827508335,0.00010898128848113837
guided-edges,619,200.0,8,True,1.0,50.0,48.639583831112596,36.279524390517125,18.88104136799179,46.11418779800966,23.152421956829112,29.35183515828411,4.6926460767714095,6.785965092377486,48.692232734807405,22.043636743981626,12.352586827766105,8.804581748552812,24.743461295025714,11.983719689899472,7.478378655538255,16.751863869844914,18.73109066320779,3.765353609223152,2.716720355363786,7.440995431729574,30.590316419860912,8.334186529648337,0.10899142269213907,2.1601274701023666e-13,3.440024565270483e-13,3.843361142221591e-10,3.801824327577501e-11,6.054443203339985e-11,7.323762205672396e-13,0.0,0.00021406586151899998,17.33661997926077,0.0001090069874725374
guided-edges,619,200.0,8,True,1.0,100.0,48.639583831112596,36.279524390517125,18.88104136799179,46.11418779800966,23.152421956829112,29.35183515828411,4.6926460767714095,6.785965092377486,48.692232734807405,22.043636743981626,12.352586827766105,41.77703717593388,24.902082158590137,12.045226267010776,39.707873515543795,16.80382569051588,18.783326798352174,3.7710147981439155,6.295612196555194,41.61666806737318,30.719025072053057,8.373404581811192,9.211550466737717e-10,4.3202549177016507e-13,6.880049094704584e-13,3.843361142221591e-10,3.801824327577501e-11,6.054443203339985e-11,7.323762205672396e-13,0.0,0.00021512662833866975,17.336588083564415,0.00010912015596045973
guided-edges,619,200.0,8,True,5.0,0.0,48.639583831112596,36.279524390517125,18.88104136799179,46.11418779800966,23.152421956829112,29.35183515828411,4.6926460767714095,6.785965092377486,48.692232734807405,22.043636743981626,12.352586827766105,2.352998851386744,2.1553061919081484,1.4296684124679937,1.124462523068681,4.877552771608255,0.9502216124959904,1.1971485564241284,0.9776609227208608,1.1143833821470672,23.039635021835544,1.0648280428383583,0.7836375396529363,2.534724258162461e-28,4.0365736906502088e-28,3.843361142221591e-10,3.801824327577501e-11,6.054443203339985e-11,7.323762205672396e-13,0.0,0.00021220979720858396,20.543297361047852,0.00010815590742989025
guided-edges,619,200.0,8,True,5.0,50.0,48.639583831112596,36.279524390517125,18.88104136799179,46.11418779800966,23.152421956829112,29.35183515828411,4.6926460767714095,6.785965092377486,48.692232734807405,22.043636743981626,12.352586827766105,8.828120730754245,2.1578659388571677,1.4318705921785004,7.522623569219407,4.8856384000630415,0.9518321204970992,1.1982742003719244,2.7198459166510602,7.440474348296486,23.052805484219085,1.0664165098667757,0.10899142269213907,2.1601274701023666e-13,3.440024565270483e-13,3.843361142221591e-10,3.801824327577501e-11,6.054443203339985e-11,7.323762205672396e-13,0.0,0.00021216019217276544,20.543296070320345,0.00010822394238587898
guided-edges,619,200.0,8,True,5.0,100.0,48.639583831112596,36.279524390517125,18.88104136799179,46.11418779800966,23.152421956829112,29.35183515828411,4.6926460767714095,6.785965092377486,48.692232734807405,22.043636743981626,12.352586827766105,41.74486380191892,2.170893863015515,1.4390488373630683,39.71297426638729,4.907898588716465,0.9565008363467488,1.2018099751633189,6.294118059452317,41.57882149496748,23.094234899258858,1.0722068779340994,9.211550466737717e-10,4.3202549177016507e-13,6.880049094704584e-13,3.843361142221591e-10,3.801824327577501e-11,6.054443203339985e-11,7.323762205672396e-13,0.0,0.0002131145054481792,20.543277620596356,0.00010820442931223128
guided-edges,619,200.0,24,False,1.0,0.0,48.63958220270526,22.261677928721095,19.619522226493896,46.11419313028868,11.752373532423908,16.171883372065036,3.727260321530399,6.785965464767024,48.692234778285716,24.730030939903816,19.50567356250656,2.30914908775523,21.682124003560606,19.098015641624215,1.0619249946012659,11.102705751561164,15.612880721542231,3.6447094676060714,0.9686312738004671,12.869304084223229,23.405251668267777,18.335930796634607,0.7836375396529363,2.534724258162461e-28,4.0365736906502088e-28,3.843361142221591e-10,3.801824327577501e-11,6.054443203339985e-11,7.323762205672396e-13,0.0,13.530734260511704,1.533690496684209e-11,2.442417430053575e-11
guided-edges,619,200.0,24,False,1.0,50.0,48.63958220270526,22.261677928721095,19.619522226493896,46.11419313028868,11.752373532423908,16.171883372065036,3.727260321530399,6.785965464767024,48.692234778285716,24.730030939903816,19.50567356250656,8.958096568150825,21.697909248729907,19.09083238027521,7.61887296947388,11.101941210636632,15.602891081534334,3.6439764952788063,2.7445172422500272,17.71870792343346,23.416433556342593,18.357939711096776,0.10899142269213907,2.1601274701023666e-13,3.440024565270483e-13,3.843361142221591e-10,3.801824327577501e-11,6.054443203339985e-11,7.323762205672396e-13,0.0,10.754691543398954,1.879310891338021e-11,2.9928213596009387e-11
guided-edges,619,200.0,24,False,1.0,100.0,48.63958220270526,22.261677928721095,19.619522226493896,46.11419313028868,11.752373532423908,16.171883372065036,3.727260321530399,6.785965464767024,48.692234778285716,24.730030939903816,19.50567356250656,41.87089265148823,21.851537425687457,19.152490480762886,39.789343939620146,11.124043654320033,15.633712608468247,3.6475928326189617,6.302964772546003,44.26117917899212,23.57510255192223,18.452383359357604,9.211550466737717e-10,4.3202549177016507e-13,6.880049094704584e-13,3.843361142221591e-10,3.801824327577501e-11,6.054443203339985e-11,7.323762205672396e-13,0.0,0.6551107899147535,1.9009121653639575e-11,3.027221604178547e-11
guided-edges,619,200.0,24,False,5.0,0.0,48.63958220270526,22.261677928721095,19.619522226493896,46.11419313028868,11.752373532423908,16.171883372065036,3.727260321530399,6.785965464767024,48.692234778285716,24.730030939903816,19.50567356250656,2.35532632662762,11.915724832631955,9.731351214963148,1.0931614401219572,3.3699138698708206,5.8318526537496185,2.037958724743278,0.9753139427632777,12.889208087676577,9.352136469842103,5.828814251170739,0.7836375396529363,2.534724258162461e-28,4.0365736906502088e-28,3.843361142221591e-10,3.801824327577501e-11,6.054443203339985e-11,7.323762205672396e-13,0.0,13.53073426305043,1.6200955952632742e-11,2.58001841230603e-11
guided-edges,619,200.0,24,False,5.0,50.0,48.63958220270526,22.261677928721095,19.619522226493896,46.11419313028868,11.752373532423908,16.171883372065036,3.727260321530399,6.785965464767024,48.692234778285716,24.730030939903816,19.50567356250656,9.000184246355213,11.922658214444832,9.72416668581195,7.65106133002606,3.3726244670680954,5.838353788013613,2.038737386525831,2.7475846758590845,17.730539006132247,9.35801881871828,5.833860907481943,0.10899142269213907,2.1601274701023666e-13,3.440024565270483e-13,3.843361142221591e-10,3.801824327577501e-11,6.054443203339985e-11,7.323762205672396e-13,0.0,10.754692873119941,1.7713045183954783e-11,2.8208201322333238e-11
guided-edges,619,200.0,24,False,5.0,100.0,48.63958220270526,22.261677928721095,19.619522226493896,46.11419313028868,11.752373532423908,16.171883372065036,3.727260321530399,6.785965464767024,48.692234778285716,24.730030939903816,19.50567356250656,41.884357386412006,12.004905739240069,9.764330901351876,39.802936485400814,3.384158620923578,5.861844622078093,2.042697695376615,6.303002205465234,44.22768230824849,9.409112688660025,5.8569848673397775,9.211550466737717e-10,4.3202549177016507e-13,6.880049094704584e-13,3.843361142221591e-10,3.801824327577501e-11,6.054443203339985e-11,7.323762205672396e-13,0.0,0.655110867454832,1.9657159890169687e-11,3.130422340419934e-11
guided-edges,619,200.0,24,True,1.0,0.0,48.63958220270526,22.261677928721095,19.619522226493896,46.11419313028868,11.752373532423908,16.171883372065036,3.727260321530399,6.785965464767024,48.692229927240255,24.73000825763148,19.50570191110263,2.30914908775523,21.682124003560606,19.098015641624215,1.0619249946012659,11.102705751561164,15.612880721542231,3.6447094676060714,0.9686312738004671,1.1056291405846101,39.46020650790437,18.320010857734236,0.7836375396529363,2.534724258162461e-28,4.0365736906502088e-28,3.843361142221591e-10,3.801824327577501e-11,6.054443203339985e-11,7.323762205672396e-13,0.0,0.00021415679279444605,17.33661827508335,0.00010898128848113837
guided-edges,619,200.0,24,True,1.0,50.0,48.63958220270526,22.261677928721095,19.619522226493896,46.11419313028868,11.752373532423908,16.171883372065036,3.727260321530399,6.785965464767024,48.692229927240255,24.73000825763148,19.50570191110263,8.958096568150825,21.697909248729907,19.09083238027521,7.61887296947388,11.101941210636632,15.602891081534334,3.6439764952788063,2.7445172422500272,7.550093306823895,39.50339950680956,18.328589679058247,0.10899142269213907,2.1601274701023666e-13,3.440024565270483e-13,3.843361142221591e-10,3.801824327577501e-11,6.054443203339985e-11,7.323762205672396e-13,0.0,0.00021406586151899998,17.33661997926077,0.0001090069874725374
guided-edges,619,200.0,24,True,1.0,100.0,48.63958220270526,22.261677928721095,19.619522226493896,46.11419313028868,11.752373532423908,16.171883372065036,3.727260321530399,6.785965464767024,48.692229927240255,24.73000825763148,19.50570191110263,41.87089265148823,21.851537425687457,19.152490480762886,39.789343939620146,11.124043654320033,15.633712608468247,3.6475928326189617,6.302964772546003,41.71522936648234,39.66808433113885,18.412929126107727,9.211550466737717e-10,4.3202549177016507e-13,6.880049094704584e-13,3.843361142221591e-10,3.801824327577501e-11,6.054443203339985e-11,7.323762205672396e-13,0.0,0.00021512662833866975,17.336588083564415,0.00010912015596045973
guided-edges,619,200.0,24,True,5.0,0.0,48.63958220270526,22.261677928721095,19.619522226493896,46.11419313028868,11.752373532423908,16.171883372065036,3.727260321530399,6.785965464767024,48.692229927240255,24.73000825763148,19.50570191110263,2.35532632662762,11.915724832631955,9.731351214963148,1.0931614401219572,3.3699138698708206,5.8318526537496185,2.037958724743278,0.9753139427632777,1.1190269629255833,29.989386161545067,5.884413898710111,0.7836375396529363,2.534724258162461e-28,4.0365736906502088e-28,3.843361142221591e-10,3.801824327577501e-11,6.054443203339985e-11,7.323762205672396e-13,0.0,0.00021220979720858396,20.543297361047852,0.00010815590742989025
guided-edges,619,200.0,24,True,5.0,50.0,48.63958220270526,22.261677928721095,19.619522226493896,46.11419313028868,11.752373532423908,16.171883372065036,3.727260321530399,6.785965464767024,48.692229927240255,24.73000825763148,19.50570191110263,9.000184246355213,11.922658214444832,9.72416668581195,7.65106133002606,3.3726244670680954,5.838353788013613,2.038737386525831,2.7475846758590845,7.557193559281944,30.014416995828032,5.885013214510156,0.10899142269213907,2.1601274701023666e-13,3.440024565270483e-13,3.843361142221591e-10,3.801824327577501e-11,6.054443203339985e-11,7.323762205672396e-13,0.0,0.00021216019217276544,20.543296070320345,0.00010822394238587898
guided-edges,619,200.0,24,True,5.0,100.0,48.63958220270526,22.261677928721095,19.619522226493896,46.11419313028868,11.752373532423908,16.171883372065036,3.727260321530399,6.785965464767024,48.692229927240255,24.73000825763148,19.50570191110263,41.884357386412006,12.004905739240069,9.764330901351876,39.802936485400814,3.384158620923578,5.861844622078093,2.042697695376615,6.303002205465234,41.67997559561197,30.09541565005611,5.908080108891711,9.211550466737717e-10,4.3202549177016507e-13,6.880049094704584e-13,3.843361142221591e-10,3.801824327577501e-11,6.054443203339985e-11,7.323762205672396e-13,0.0,0.0002131145054481792,20.543277620596356,0.00010820442931223128
wide-stable-chroma,173,30.0,8,False,1.0,0.0,49.390110827800086,18.97209966631668,37.77858488733249,49.80455231643809,14.551774906525191,17.907389421659204,3.9249841124293963,7.053241590940244,47.92731360543451,16.02271467458747,15.40395789393823,2.368682186117519,7.014548117404093,24.337274688541836,1.3113771852856393,5.226152777216878,5.267003261069638,2.119585833899453,0.7704006219039365,16.529231966063023,8.903691670645276,7.641101788661312,1.3900915852184714,1.1340669188502135e-12,1.8060128920634732e-12,0.0,0.0,0.0,0.0,0.0,14.64759947325748,2.2546330401684283e-12,3.590525629250144e-12
wide-stable-chroma,173,30.0,8,False,1.0,50.0,49.390110827800086,18.97209966631668,37.77858488733249,49.80455231643809,14.551774906525191,17.907389421659204,3.9249841124293963,7.053241590940244,47.92731360543451,16.02271467458747,15.40395789393823,2.336216297218776,7.015877886073871,24.342796504428478,1.310844049917459,5.2270439886751,5.267852719740214,2.1197655480756645,0.7728940026522153,16.418718372990778,8.908490419545444,7.644681077903975,1.372356620134009,1.1340669188502135e-12,1.8060128920634732e-12,0.0,0.0,0.0,0.0,0.0,14.620743519240614,2.659656940039076e-12,4.2355302340065e-12
wide-stable-chroma,173,30.0,8,False,1.0,100.0,49.390110827800086,18.97209966631668,37.77858488733249,49.80455231643809,14.551774906525191,17.907389421659204,3.9249841124293963,7.053241590940244,47.92731360543451,16.02271467458747,15.40395789393823,2.222856295684858,7.0534515758497625,24.473721229456103,1.4753682811665025,5.250329729578111,5.290832287215582,2.124548590145196,0.9289673895761197,14.288140400517616,9.030439624350462,7.736329658853034,1.0134873311486619,1.1475677154328707e-12,1.8275130454284303e-12,0.0,0.0,0.0,0.0,0.0,13.960038935653191,2.5651513622024276e-12,4.085029157652076e-12
wide-stable-chroma,173,30.0,8,False,5.0,0.0,49.390110827800086,18.97209966631668,37.77858488733249,49.80455231643809,14.551774906525191,17.907389421659204,3.9249841124293963,7.053241590940244,47.92731360543451,16.02271467458747,15.40395789393823,2.937279725427548,0.28486527395071026,0.8313033519925953,1.4050072270540384,0.5636641298152633,0.3685072888855997,0.5746581071956787,0.7664209501793211,16.812640954761658,0.4044413856793164,0.6548515198347385,1.3900915852184714,1.1340669188502135e-12,1.8060128920634732e-12,0.0,0.0,0.0,0.0,0.0,14.647599988176658,1.9711163107723235e-12,3.139022406738224e-12
wide-stable-chroma,173,30.0,8,False,5.0,50.0,49.390110827800086,18.97209966631668,37.77858488733249,49.80455231643809,14.551774906525191,17.907389421659204,3.9249841124293963,7.053241590940244,47.92731360543451,16.02271467458747,15.40395789393823,2.903613738043592,0.2849311741107073,0.8313837904403322,1.4041847083726506,0.563742004197162,0.3685680767153115,0.5747053984372316,0.7689157137994093,16.701642125604046,0.404615451264352,0.655111932953262,1.372356620134009,1.1340669188502135e-12,1.8060128920634732e-12,0.0,0.0,0.0,0.0,0.0,14.620744199514046,2.5651513631517773e-12,4.085029159163925e-12
wide-stable-chroma,173,30.0,8,False,5.0,100.0,49.390110827800086,18.97209966631668,37.77858488733249,49.80455231643809,14.551774906525191,17.907389421659204,3.9249841124293963,7.053241590940244,47.92731360543451,16.02271467458747,15.40395789393823,2.7530684492862627,0.2866747058454529,0.8337270764809698,1.5603218896708755,0.5658501578316552,0.37019296337364077,0.5759847083854595,0.9246337005574163,14.555063188725274,0.4090264958156685,0.6614528611679199,1.0134873311486619,1.1475677154328707e-12,1.8275130454284303e-12,0.0,0.0,0.0,0.0,0.0,13.960038515523662,2.619154548990148e-12,4.171029771839831e-12
wide-stable-chroma,173,30.0,8,True,1.0,0.0,49.390110827800086,18.97209966631668,37.77858488733249,49.80455231643809,14.551774906525191,17.907389421659204,3.9249841124293963,7.053241590940244,47.92731224800945,16.022715562959565,15.403956099206546,2.368682186117519,7.014548117404093,24.337274688541836,1.3113771852856393,5.226152777216878,5.267003261069638,2.119585833899453,0.7704006219039365,1.564121363697985,30.450376053556965,7.819241699692699,1.3900915852184714,1.1340669188502135e-12,1.8060128920634732e-12,0.0,0.0,0.0,0.0,0.0,0.004796392405354136,22.97029342589458,0.002431818389572333
wide-stable-chroma,173,30.0,8,True,1.0,50.0,49.390110827800086,18.97209966631668,37.77858488733249,49.80455231643809,14.551774906525191,17.907389421659204,3.9249841124293963,7.053241590940244,47.92731224800945,16.022715562959565,15.403956099206546,2.336216297218776,7.015877886073871,24.342796504428478,1.310844049917459,5.2270439886751,5.267852719740214,2.1197655480756645,0.7728940026522153,1.5647095579769819,30.452224285340066,7.820350543188698,1.372356620134009,1.1340669188502135e-12,1.8060128920634732e-12,0.0,0.0,0.0,0.0,0.0,0.004796268249261314,22.970295223193204,0.002431766548863031
wide-stable-chroma,173,30.0,8,True,1.0,100.0,49.390110827800086,18.97209966631668,37.77858488733249,49.80455231643809,14.551774906525191,17.907389421659204,3.9249841124293963,7.053241590940244,47.92731224800945,16.022715562959565,15.403956099206546,2.222856295684858,7.0534515758497625,24.473721229456103,1.4753682811665025,5.250329729578111,5.290832287215582,2.124548590145196,0.9289673895761197,1.7410464050816998,30.502894015792503,7.850658654290128,1.0134873311486619,1.1475677154328707e-12,1.8275130454284303e-12,0.0,0.0,0.0,0.0,0.0,0.004796853757845287,22.970290670485305,0.002431806213764472
wide-stable-chroma,173,30.0,8,True,5.0,0.0,49.390110827800086,18.97209966631668,37.77858488733249,49.80455231643809,14.551774906525191,17.907389421659204,3.9249841124293963,7.053241590940244,47.92731224800945,16.022715562959565,15.403956099206546,2.937279725427548,0.28486527395071026,0.8313033519925953,1.4050072270540384,0.5636641298152633,0.3685072888855997,0.5746581071956787,0.7664209501793211,1.7327248386122551,18.047131383973902,0.6557157616751674,1.3900915852184714,1.1340669188502135e-12,1.8060128920634732e-12,0.0,0.0,0.0,0.0,0.0,0.004940758595576603,17.405034834305464,0.0025132832125504003
wide-stable-chroma,173,30.0,8,True,5.0,50.0,49.390110827800086,18.97209966631668,37.77858488733249,49.80455231643809,14.551774906525191,17.907389421659204,3.9249841124293963,7.053241590940244,47.92731224800945,16.022715562959565,15.403956099206546,2.903613738043592,0.2849311741107073,0.8313837904403322,1.4041847083726506,0.563742004197162,0.3685680767153115,0.5747053984372316,0.7689157137994093,1.7328995862276704,18.04707115948137,0.655794499408051,1.372356620134009,1.1340669188502135e-12,1.8060128920634732e-12,0.0,0.0,0.0,0.0,0.0,0.004940660054568538,17.405034147260352,0.0025133064075111115
wide-stable-chroma,173,30.0,8,True,5.0,100.0,49.390110827800086,18.97209966631668,37.77858488733249,49.80455231643809,14.551774906525191,17.907389421659204,3.9249841124293963,7.053241590940244,47.92731224800945,16.022715562959565,15.403956099206546,2.7530684492862627,0.2866747058454529,0.8337270764809698,1.5603218896708755,0.5658501578316552,0.37019296337364077,0.5759847083854595,0.9246337005574163,1.896956593398155,18.045823337684123,0.6579620729625565,1.0134873311486619,1.1475677154328707e-12,1.8275130454284303e-12,0.0,0.0,0.0,0.0,0.0,0.004941176921690531,17.405031480283256,0.002513319189208478
wide-stable-chroma,173,30.0,24,False,1.0,0.0,49.390111268192214,19.92545689015087,27.83683735335038,49.80455293196358,14.78315318129888,16.92605459713195,3.262604848866492,7.053241631411566,47.92731275563998,25.277454307175706,17.345431039739946,2.2289644604275964,19.149242609584935,24.660483615755737,1.1132063898570328,13.35840049995621,15.732261705036892,3.0908211002076618,0.7590487193407985,16.261961734341366,21.28703280366103,14.119146466895213,1.3900915852184714,1.1340669188502135e-12,1.8060128920634732e-12,0.0,0.0,0.0,0.0,0.0,14.64759947325748,2.2546330401684283e-12,3.590525629250144e-12
wide-stable-chroma,173,30.0,24,False,1.0,50.0,49.390111268192214,19.92545689015087,27.83683735335038,49.80455293196358,14.78315318129888,16.92605459713195,3.262604848866492,7.053241631411566,47.92731275563998,25.277454307175706,17.345431039739946,2.197162284805529,19.152407766385714,24.663998288919103,1.1131213193760388,13.361515031811177,15.734433743401706,3.0911255398108373,0.7615415139137924,16.151514105920388,21.29820080753737,14.125526882167827,1.372356620134009,1.1340669188502135e-12,1.8060128920634732e-12,0.0,0.0,0.0,0.0,0.0,14.620743519240614,2.659656940039076e-12,4.2355302340065e-12
wide-stable-chroma,173,30.0,24,False,1.0,100.0,49.390111268192214,19.92545689015087,27.83683735335038,49.80455293196358,14.78315318129888,16.92605459713195,3.262604848866492,7.053241631411566,47.92731275563998,25.277454307175706,17.345431039739946,2.101815655105038,19.232938641061736,24.781683986104817,1.292104530076647,13.446417337401737,15.79252940165888,3.0995263144162455,0.9207489368282935,14.032645076206354,21.586006726265826,14.298672847139956,1.0134873311486619,1.1475677154328707e-12,1.8275130454284303e-12,0.0,0.0,0.0,0.0,0.0,13.960038935653191,2.5651513622024276e-12,4.085029157652076e-12
wide-stable-chroma,173,30.0,24,False,5.0,0.0,49.390111268192214,19.92545689015087,27.83683735335038,49.80455293196358,14.78315318129888,16.92605459713195,3.262604848866492,7.053241631411566,47.92731275563998,25.277454307175706,17.345431039739946,2.4989516287791234,11.029843709654305,3.569277387545111,1.3827916463563934,3.8383997505498044,2.5367898232133763,1.545874046792135,0.7720805588799325,16.757033503903425,4.276517500008499,1.9268886211368867,1.3900915852184714,1.1340669188502135e-12,1.8060128920634732e-12,0.0,0.0,0.0,0.0,0.0,14.647599988176658,1.9711163107723235e-12,3.139022406738224e-12
wide-stable-chroma,173,30.0,24,False,5.0,50.0,49.390111268192214,19.92545689015087,27.83683735335038,49.80455293196358,14.78315318129888,16.92605459713195,3.262604848866492,7.053241631411566,47.92731275563998,25.277454307175706,17.345431039739946,2.466191614067184,11.031905846961653,3.5698112722669557,1.3819192703002805,3.8390349716806624,2.5371679315322084,1.5460021345278598,0.7745112636097932,16.64601110241448,4.27823162421162,1.9275226102043308,1.372356620134009,1.1340669188502135e-12,1.8060128920634732e-12,0.0,0.0,0.0,0.0,0.0,14.620744199514046,2.5651513631517773e-12,4.085029159163925e-12
wide-stable-chroma,173,30.0,24,False,5.0,100.0,49.390111268192214,19.92545689015087,27.83683735335038,49.80455293196358,14.78315318129888,16.92605459713195,3.262604848866492,7.053241631411566,47.92731275563998,25.277454307175706,17.345431039739946,2.337415106846268,11.081754015791805,3.586579091232312,1.537550033231576,3.8560991976968877,2.547270913874196,1.5494774137334575,0.9286593808548934,14.501101887293592,4.321804327767144,1.9432228653383117,1.0134873311486619,1.1475677154328707e-12,1.8275130454284303e-12,0.0,0.0,0.0,0.0,0.0,13.960038515523662,2.619154548990148e-12,4.171029771839831e-12
wide-stable-chroma,173,30.0,24,True,1.0,0.0,49.390111268192214,19.92545689015087,27.83683735335038,49.80455293196358,14.78315318129888,16.92605459713195,3.262604848866492,7.053241631411566,47.927311759065276,25.277455476186333,17.34543147411593,2.2289644604275964,19.149242609584935,24.660483615755737,1.1132063898570328,13.35840049995621,15.732261705036892,3.0908211002076618,0.7590487193407985,1.4198024437159533,43.28945777181573,14.314204415582477,1.3900915852184714,1.1340669188502135e-12,1.8060128920634732e-12,0.0,0.0,0.0,0.0,0.0,0.004796392405354136,22.97029342589458,0.002431818389572333
wide-stable-chroma,173,30.0,24,True,1.0,50.0,49.390111268192214,19.92545689015087,27.83683735335038,49.80455293196358,14.78315318129888,16.92605459713195,3.262604848866492,7.053241631411566,47.927311759065276,25.277455476186333,17.34543147411593,2.197162284805529,19.152407766385714,24.663998288919103,1.1131213193760388,13.361515031811177,15.734433743401706,3.0911255398108373,0.7615415139137924,1.4210389639351257,43.29600851994631,14.316070054695942,1.372356620134009,1.1340669188502135e-12,1.8060128920634732e-12,0.0,0.0,0.0,0.0,0.0,0.004796268249261314,22.970295223193204,0.002431766548863031
wide-stable-chroma,173,30.0,24,True,1.0,100.0,49.390111268192214,19.92545689015087,27.83683735335038,49.80455293196358,14.78315318129888,16.92605459713195,3.262604848866492,7.053241631411566,47.927311759065276,25.277455476186333,17.34543147411593,2.101815655105038,19.232938641061736,24.781683986104817,1.292104530076647,13.446417337401737,15.79252940165888,3.0995263144162455,0.9207489368282935,1.6177985300249942,43.46873970163287,14.368403421413298,1.0134873311486619,1.1475677154328707e-12,1.8275130454284303e-12,0.0,0.0,0.0,0.0,0.0,0.004796853757845287,22.970290670485305,0.002431806213764472
wide-stable-chroma,173,30.0,24,True,5.0,0.0,49.390111268192214,19.92545689015087,27.83683735335038,49.80455293196358,14.78315318129888,16.92605459713195,3.262604848866492,7.053241631411566,47.927311759065276,25.277455476186333,17.34543147411593,2.4989516287791234,11.029843709654305,3.569277387545111,1.3827916463563934,3.8383997505498044,2.5367898232133763,1.545874046792135,0.7720805588799325,1.7379785380985886,22.135064319566503,2.016093549691819,1.3900915852184714,1.1340669188502135e-12,1.8060128920634732e-12,0.0,0.0,0.0,0.0,0.0,0.004940758595576603,17.405034834305464,0.0025132832125504003
wide-stable-chroma,173,30.0,24,True,5.0,50.0,49.390111268192214,19.92545689015087,27.83683735335038,49.80455293196358,14.78315318129888,16.92605459713195,3.262604848866492,7.053241631411566,47.927311759065276,25.277455476186333,17.34543147411593,2.466191614067184,11.031905846961653,3.5698112722669557,1.3819192703002805,3.8390349716806624,2.5371679315322084,1.5460021345278598,0.7745112636097932,1.7383570445411953,22.136409185338856,2.0162201844768664,1.372356620134009,1.1340669188502135e-12,1.8060128920634732e-12,0.0,0.0,0.0,0.0,0.0,0.004940660054568538,17.405034147260352,0.0025133064075111115
wide-stable-chroma,173,30.0,24,True,5.0,100.0,49.390111268192214,19.92545689015087,27.83683735335038,49.80455293196358,14.78315318129888,16.92605459713195,3.262604848866492,7.053241631411566,47.927311759065276,25.277455476186333,17.34543147411593,2.337415106846268,11.081754015791805,3.586579091232312,1.537550033231576,3.8560991976968877,2.547270913874196,1.5494774137334575,0.9286593808548934,1.9095457352717073,22.17073192783949,2.020057499102881,1.0134873311486619,1.1475677154328707e-12,1.8275130454284303e-12,0.0,0.0,0.0,0.0,0.0,0.004941176921690531,17.405031480283256,0.002513319189208478
wide-stable-chroma,173,128.0,8,False,1.0,0.0,49.390107479649394,18.97210197026172,37.77859274030057,49.80458659637223,14.551779275187306,17.907394461650107,3.9249847148472536,7.053243983128126,47.927331737332594,16.02271770501789,15.403960004329777,1.6674939050240258,7.305711092704929,24.893736923733524,0.7065018845942329,5.349730771569927,5.593022891662771,2.1778361345603625,0.8128995685155611,14.236573411664525,9.395384158670309,8.03536159951971,1.1191786919200488,4.3202549289531917e-13,6.880049112622774e-13,2.3283064365386963e-10,0.0,0.0,0.0,0.0,14.232103343179034,6.264369638543462e-12,9.976071199864364e-12
wide-stable-chroma,173,128.0,8,False,1.0,50.0,49.390107479649394,18.97210197026172,37.77859274030057,49.80458659637223,14.551779275187306,17.907394461650107,3.9249847148472536,7.053243983128126,47.927331737332594,16.02271770501789,15.403960004329777,3.597195711516743,7.321440601902732,24.963350492032585,3.1161363645587676,5.367623831583211,5.60498361024599,2.1806551645924794,1.7598830785550932,14.150924932253586,9.424132628859589,8.050447387241347,0.4051993126773926,0.0,0.0,2.3283064365386963e-10,0.0,0.0,0.0,0.0,13.141524281476471,4.7522804122846954e-12,7.568054008654591e-12
wide-stable-chroma,173,128.0,8,False,1.0,100.0,49.390107479649394,18.97210197026172,37.77859274030057,49.80458659637223,14.551779275187306,17.907394461650107,3.9249847148472536,7.053243983128126,47.927331737332594,16.02271770501789,15.403960004329777,30.414658667606037,7.425359334210928,25.296261890332005,31.222603258294207,5.44127359071044,5.669112037524271,2.194771674374084,5.586409831072733,34.38283991410188,9.568137163738317,8.172997957595438,1.4400113166451913e-06,2.1601274588508256e-13,3.4400245473522914e-13,2.3283064365386963e-10,0.0,0.0,0.0,0.0,3.7426846433916006,6.4803823838659674e-12,1.0320073653703679e-11
wide-stable-chroma,173,128.0,8,False,5.0,0.0,49.390107479649394,18.97210197026172,37.77859274030057,49.80458659637223,14.551779275187306,17.907394461650107,3.9249847148472536,7.053243983128126,47.927331737332594,16.02271770501789,15.403960004329777,1.6878279085135766,0.44627787623146775,0.6608542930843916,0.7134824734501061,0.3665206109031688,0.3925105515920532,0.5770946530988493,0.8119364927814523,14.272123563700683,0.3714499010451982,0.7047292144945935,1.1191786919200488,4.3202549289531917e-13,6.880049112622774e-13,2.3283064365386963e-10,0.0,0.0,0.0,0.0,14.232103343179034,6.264369638543462e-12,9.976071199864364e-12
wide-stable-chroma,173,128.0,8,False,5.0,50.0,49.390107479649394,18.97210197026172,37.77859274030057,49.80458659637223,14.551779275187306,17.907394461650107,3.9249847148472536,7.053243983128126,47.927331737332594,16.02271770501789,15.403960004329777,3.5915387974263164,0.44759435262785274,0.6618356379070116,3.1176994227187635,0.3673634658440709,0.39350683355326016,0.5778525437191581,1.7587206554911927,14.179532959200174,0.37244771426840345,0.7057999457561949,0.4051993126773926,0.0,0.0,2.3283064365386963e-10,0.0,0.0,0.0,0.0,13.141524281476471,4.7522804122846954e-12,7.568054008654591e-12
wide-stable-chroma,173,128.0,8,False,5.0,100.0,49.390107479649394,18.97210197026172,37.77859274030057,49.80458659637223,14.551779275187306,17.907394461650107,3.9249847148472536,7.053243983128126,47.927331737332594,16.02271770501789,15.403960004329777,30.24474698762958,0.45452017997576827,0.6701000925736079,31.187216895142623,0.3718891964032565,0.39809020753315194,0.5815023583538314,5.583631205341819,34.349096095920736,0.37832365310044325,0.7153989946428594,1.4400113166451913e-06,2.1601274588508256e-13,3.4400245473522914e-13,2.3283064365386963e-10,0.0,0.0,0.0,0.0,3.7426847907149767,6.264369637418308e-12,9.976071198072543e-12
wide-stable-chroma,173,128.0,8,True,1.0,0.0,49.390107479649394,18.97210197026172,37.77859274030057,49.80458659637223,14.551779275187306,17.907394461650107,3.9249847148472536,7.053243983128126,47.92733838917744,16.022720678106005,15.40396031091164,1.6674939050240258,7.305711092704929,24.893736923733524,0.7065018845942329,5.349730771569927,5.593022891662771,2.1778361345603625,0.8128995685155611,0.879155800968867,31.452368303515346,8.193662364890153,1.1191786919200488,4.3202549289531917e-13,6.880049112622774e-13,2.3283064365386963e-10,0.0,0.0,0.0,0.0,0.0004712170453961758,22.88231760092842,0.00023894405855372672
wide-stable-chroma,173,128.0,8,True,1.0,50.0,49.390107479649394,18.97210197026172,37.77859274030057,49.80458659637223,14.551779275187306,17.907394461650107,3.9249847148472536,7.053243983128126,47.92733838917744,16.022720678106005,15.40396031091164,3.597195711516743,7.321440601902732,24.963350492032585,3.1161363645587676,5.367623831583211,5.60498361024599,2.1806551645924794,1.7598830785550932,3.3100542743346084,31.46810001603821,8.202690120363267,0.4051993126773926,0.0,0.0,2.3283064365386963e-10,0.0,0.0,0.0,0.0,0.00047120381165148106,22.882314812877613,0.00023895511101888577
wide-stable-chroma,173,128.0,8,True,1.0,100.0,49.390107479649394,18.97210197026172,37.77859274030057,49.80458659637223,14.551779275187306,17.907394461650107,3.9249847148472536,7.053243983128126,47.92733838917744,16.022720678106005,15.40396031091164,30.414658667606037,7.425359334210928,25.296261890332005,31.222603258294207,5.44127359071044,5.669112037524271,2.194771674374084,5.586409831072733,29.896176260578816,31.59022599714204,8.277318872077682,1.4400113166451913e-06,2.1601274588508256e-13,3.4400245473522914e-13,2.3283064365386963e-10,0.0,0.0,0.0,0.0,0.0004707861875789774,22.882316355164736,0.00023894111696808057
wide-stable-chroma,173,128.0,8,True,5.0,0.0,49.390107479649394,18.97210197026172,37.77859274030057,49.80458659637223,14.551779275187306,17.907394461650107,3.9249847148472536,7.053243983128126,47.92733838917744,16.022720678106005,15.40396031091164,1.6878279085135766,0.44627787623146775,0.6608542930843916,0.7134824734501061,0.3665206109031688,0.3925105515920532,0.5770946530988493,0.8119364927814523,0.8951808877073549,17.646639180248144,0.7100006379858894,1.1191786919200488,4.3202549289531917e-13,6.880049112622774e-13,2.3283064365386963e-10,0.0,0.0,0.0,0.0,0.00048632976581555786,17.19923756090142,0.00024727127998703125
wide-stable-chroma,173,128.0,8,True,5.0,50.0,49.390107479649394,18.97210197026172,37.77859274030057,49.80458659637223,14.551779275187306,17.907394461650107,3.9249847148472536,7.053243983128126,47.92733838917744,16.022720678106005,15.40396031091164,3.5915387974263164,0.44759435262785274,0.6618356379070116,3.1176994227187635,0.3673634658440709,0.39350683355326016,0.5778525437191581,1.7587206554911927,3.3207582023505964,17.64245108467797,0.7110089706960468,0.4051993126773926,0.0,0.0,2.3283064365386963e-10,0.0,0.0,0.0,0.0,0.0004863655361199305,17.199236236414478,0.00024725633207283365
wide-stable-chroma,173,128.0,8,True,5.0,100.0,49.390107479649394,18.97210197026172,37.77859274030057,49.80458659637223,14.551779275187306,17.907394461650107,3.9249847148472536,7.053243983128126,47.92733838917744,16.022720678106005,15.40396031091164,30.24474698762958,0.45452017997576827,0.6701000925736079,31.187216895142623,0.3718891964032565,0.39809020753315194,0.5815023583538314,5.583631205341819,29.855846835076566,17.631460092816347,0.7174833361049415,1.4400113166451913e-06,2.1601274588508256e-13,3.4400245473522914e-13,2.3283064365386963e-10,0.0,0.0,0.0,0.0,0.00048589422903978313,17.199234764558728,0.0002472290232571984
wide-stable-chroma,173,128.0,24,False,1.0,0.0,49.390107120597186,19.925460028557584,27.836840329587826,49.8045883685691,14.783156926440721,16.92606190764426,3.2626053572845444,7.053244118044325,47.92733045707531,25.277460647846667,17.34543715960024,1.6673279152718634,19.597214697924933,24.928082631169865,0.685102048898881,13.810165313170856,16.175280457262737,3.1423226326754357,0.8086807394739198,14.205726526244995,22.288164348798396,14.798788935479873,1.1191786919200488,4.3202549289531917e-13,6.880049112622774e-13,2.3283064365386963e-10,0.0,0.0,0.0,0.0,14.232103343179034,6.264369638543462e-12,9.976071199864364e-12
wide-stable-chroma,173,128.0,24,False,1.0,50.0,49.390107120597186,19.925460028557584,27.836840329587826,49.8045883685691,14.783156926440721,16.92606190764426,3.2626053572845444,7.053244118044325,47.92733045707531,25.277460647846667,17.34543715960024,3.6057375963422573,19.652867462004835,24.97928375782136,3.100343557210357,13.848670812238781,16.190066406750528,3.145415145748509,1.7579276521217353,14.13232962816382,22.34640054059092,14.820409125676607,0.4051993126773926,0.0,0.0,2.3283064365386963e-10,0.0,0.0,0.0,0.0,13.141524281476471,4.7522804122846954e-12,7.568054008654591e-12
wide-stable-chroma,173,128.0,24,False,1.0,100.0,49.390107120597186,19.925460028557584,27.836840329587826,49.8045883685691,14.783156926440721,16.92606190764426,3.2626053572845444,7.053244118044325,47.92733045707531,25.277460647846667,17.34543715960024,30.473493340480665,19.87249228185374,25.287076123180285,31.272744075584395,14.088664354839292,16.363555946579144,3.1706434397374283,5.58988195039305,34.45061286999687,22.659714313261755,15.042214054371385,1.4400113166451913e-06,2.1601274588508256e-13,3.4400245473522914e-13,2.3283064365386963e-10,0.0,0.0,0.0,0.0,3.7426846433916006,6.4803823838659674e-12,1.0320073653703679e-11
wide-stable-chroma,173,128.0,24,False,5.0,0.0,49.390107120597186,19.925460028557584,27.836840329587826,49.8045883685691,14.783156926440721,16.92606190764426,3.2626053572845444,7.053244118044325,47.92733045707531,25.277460647846667,17.34543715960024,1.6554615110737994,10.832182064124188,3.6316475218461464,0.7093167303897756,4.021853704987835,2.4121166655933064,1.6042012747999617,0.8110673591583246,14.254922004884055,4.568668949166576,1.9800641248461173,1.1191786919200488,4.3202549289531917e-13,6.880049112622774e-13,2.3283064365386963e-10,0.0,0.0,0.0,0.0,14.232103343179034,6.264369638543462e-12,9.976071199864364e-12
wide-stable-chroma,173,128.0,24,False,5.0,50.0,49.390107120597186,19.925460028557584,27.836840329587826,49.8045883685691,14.783156926440721,16.92606190764426,3.2626053572845444,7.053244118044325,47.92733045707531,25.277460647846667,17.34543715960024,3.575455713443975,10.862535364511274,3.640115592298298,3.1153686515738834,4.031904550562967,2.4152027536327463,1.6060361350391417,1.7585944818380381,14.170536219288483,4.5800739594461675,1.9811035175419964,0.4051993126773926,0.0,0.0,2.3283064365386963e-10,0.0,0.0,0.0,0.0,13.141524281476471,4.7522804122846954e-12,7.568054008654591e-12
wide-stable-chroma,173,128.0,24,False,5.0,100.0,49.390107120597186,19.925460028557584,27.836840329587826,49.8045883685691,14.783156926440721,16.92606190764426,3.2626053572845444,7.053244118044325,47.92733045707531,25.277460647846667,17.34543715960024,30.311919848246816,11.005236150647649,3.6851124010069456,31.18518736722171,4.089272678672206,2.4415263164080265,1.6173054180630875,5.583294153254666,34.37133559250016,4.63677201177593,2.0051832124013282,1.4400113166451913e-06,2.1601274588508256e-13,3.4400245473522914e-13,2.3283064365386963e-10,0.0,0.0,0.0,0.0,3.7426847907149767,6.264369637418308e-12,9.976071198072543e-12
wide-stable-chroma,173,128.0,24,True,1.0,0.0,49.390107120597186,19.925460028557584,27.836840329587826,49.8045883685691,14.783156926440721,16.92606190764426,3.2626053572845444,7.053244118044325,47.927338236740184,25.277460927248185,17.345438321471672,1.6673279152718634,19.597214697924933,24.928082631169865,0.685102048898881,13.810165313170856,16.175280457262737,3.1423226326754357,0.8086807394739198,0.8645002638676692,45.20426404039103,14.825366803535047,1.1191786919200488,4.3202549289531917e-13,6.880049112622774e-13,2.3283064365386963e-10,0.0,0.0,0.0,0.0,0.0004712170453961758,22.88231760092842,0.00023894405855372672
wide-stable-chroma,173,128.0,24,True,1.0,50.0,49.390107120597186,19.925460028557584,27.836840329587826,49.8045883685691,14.783156926440721,16.92606190764426,3.2626053572845444,7.053244118044325,47.927338236740184,25.277460927248185,17.345438321471672,3.6057375963422573,19.652867462004835,24.97928375782136,3.100343557210357,13.848670812238781,16.190066406750528,3.145415145748509,1.7579276521217353,3.3133281977659204,45.29650957547618,14.823529538073872,0.4051993126773926,0.0,0.0,2.3283064365386963e-10,0.0,0.0,0.0,0.0,0.00047120381165148106,22.882314812877613,0.00023895511101888577
wide-stable-chroma,173,128.0,24,True,1.0,100.0,49.390107120597186,19.925460028557584,27.836840329587826,49.8045883685691,14.783156926440721,16.92606190764426,3.2626053572845444,7.053244118044325,47.927338236740184,25.277460927248185,17.345438321471672,30.473493340480665,19.87249228185374,25.287076123180285,31.272744075584395,14.088664354839292,16.363555946579144,3.1706434397374283,5.58988195039305,29.99301345213141,45.69891171386515,14.971121321015145,1.4400113166451913e-06,2.1601274588508256e-13,3.4400245473522914e-13,2.3283064365386963e-10,0.0,0.0,0.0,0.0,0.0004707861875789774,22.882316355164736,0.00023894111696808057
wide-stable-chroma,173,128.0,24,True,5.0,0.0,49.390107120597186,19.925460028557584,27.836840329587826,49.8045883685691,14.783156926440721,16.92606190764426,3.2626053572845444,7.053244118044325,47.927338236740184,25.277460927248185,17.345438321471672,1.6554615110737994,10.832182064124188,3.6316475218461464,0.7093167303897756,4.021853704987835,2.4121166655933064,1.6042012747999617,0.8110673591583246,0.8984425325844708,22.039767272010657,2.0699746448405265,1.1191786919200488,4.3202549289531917e-13,6.880049112622774e-13,2.3283064365386963e-10,0.0,0.0,0.0,0.0,0.00048632976581555786,17.19923756090142,0.00024727127998703125
wide-stable-chroma,173,128.0,24,True,5.0,50.0,49.390107120597186,19.925460028557584,27.836840329587826,49.8045883685691,14.783156926440721,16.92606190764426,3.2626053572845444,7.053244118044325,47.927338236740184,25.277460927248185,17.345438321471672,3.575455713443975,10.862535364511274,3.640115592298298,3.1153686515738834,4.031904550562967,2.4152027536327463,1.6060361350391417,1.7585944818380381,3.337913643727381,22.063894959803992,2.068805951684024,0.4051993126773926,0.0,0.0,2.3283064365386963e-10,0.0,0.0,0.0,0.0,0.0004863655361199305,17.199236236414478,0.00024725633207283365
wide-stable-chroma,173,128.0,24,True,5.0,100.0,49.390107120597186,19.925460028557584,27.836840329587826,49.8045883685691,14.783156926440721,16.92606190764426,3.2626053572845444,7.053244118044325,47.927338236740184,25.277460927248185,17.345438321471672,30.311919848246816,11.005236150647649,3.6851124010069456,31.18518736722171,4.089272678672206,2.4415263164080265,1.6173054180630875,5.583294153254666,29.911863919091502,22.158061480281358,2.081257768878446,1.4400113166451913e-06,2.1601274588508256e-13,3.4400245473522914e-13,2.3283064365386963e-10,0.0,0.0,0.0,0.0,0.00048589422903978313,17.199234764558728,0.0002472290232571984
wide-stable-chroma,173,200.0,8,False,1.0,0.0,49.39011119866146,18.972102197786842,37.77858903164826,49.80456681598697,14.551784602836667,17.907374845867583,3.92498455596441,7.053242289528267,47.92732269303946,16.022721076142407,15.40395786512914,1.8338364392758706,7.355212869657828,24.979550258447585,1.0989176981467879,5.356596580144469,5.624828709967411,2.1832956001506636,1.0438373395258933,12.692138776146951,9.44125964170749,8.070857541785394,0.7836375396529363,2.534724258162461e-28,4.0365736906502088e-28,3.843361142221591e-10,3.801824327577501e-11,6.054443203339985e-11,7.323762205672396e-13,0.0,13.530733691886395,1.4904879477322227e-11,2.373616939464893e-11
wide-stable-chroma,173,200.0,8,False,1.0,50.0,49.39011119866146,18.972102197786842,37.77858903164826,49.80456681598697,14.551784602836667,17.907374845867583,3.92498455596441,7.053242289528267,47.92732269303946,16.022721076142407,15.40395786512914,12.661253278028504,7.380313760594645,25.075014351916888,12.571681507521347,5.384963927937178,5.643227459915284,2.187759841628198,3.545035855287216,19.630070115483846,9.479392273766408,8.090692044882058,0.10899142269213907,2.1601274701023666e-13,3.440024565270483e-13,3.843361142221591e-10,3.801824327577501e-11,6.054443203339985e-11,7.323762205672396e-13,0.0,9.553372132683657,1.9657159907046976e-11,3.130422343107667e-11
wide-stable-chroma,173,200.0,8,False,1.0,100.0,49.39011119866146,18.972102197786842,37.77858903164826,49.80456681598697,14.551784602836667,17.907374845867583,3.92498455596441,7.053242289528267,47.92732269303946,16.022721076142407,15.40395786512914,45.074343440612815,7.431113089405536,25.23061404995552,45.58804772208455,5.4203044190439655,5.672043018398188,2.194478564146515,6.748804173434306,44.99330906631768,9.542679895110759,8.148243575302676,9.211550466737717e-10,4.3202549177016507e-13,6.880049094704584e-13,3.843361142221591e-10,3.801824327577501e-11,6.054443203339985e-11,7.323762205672396e-13,0.0,0.6180851523673643,1.792905792646443e-11,2.8552203771692978e-11
wide-stable-chroma,173,200.0,8,False,5.0,0.0,49.39011119866146,18.972102197786842,37.77858903164826,49.80456681598697,14.551784602836667,17.907374845867583,3.92498455596441,7.053242289528267,47.92732269303946,16.022721076142407,15.40395786512914,1.8292473847056134,0.48198168419392884,0.6388856521272396,1.1003775512836758,0.3435033148684606,0.3996567525736252,0.5764233351297368,1.0432766904837492,12.708131058255756,0.37984838097776485,0.7178227177492628,0.7836375396529363,2.534724258162461e-28,4.0365736906502088e-28,3.843361142221591e-10,3.801824327577501e-11,6.054443203339985e-11,7.323762205672396e-13,0.0,13.530734442133422,1.6200955954883055e-11,2.580018412664393e-11
wide-stable-chroma,173,200.0,8,False,5.0,50.0,49.39011119866146,18.972102197786842,37.77858903164826,49.80456681598697,14.551784602836667,17.907374845867583,3.92498455596441,7.053242289528267,47.92732269303946,16.022721076142407,15.40395786512914,12.61620439479335,0.48409247475908773,0.6405655767074054,12.563551703438444,0.344790234960631,0.4010943973167061,0.5775450885210717,3.5441062295918084,19.634236422238246,0.3811419433312518,0.719321593681463,0.10899142269213907,2.1601274701023666e-13,3.440024565270483e-13,3.843361142221591e-10,3.801824327577501e-11,6.054443203339985e-11,7.323762205672396e-13,0.0,9.553372999206427,2.0737223639847882e-11,3.3024235710128276e-11
wide-stable-chroma,173,200.0,8,False,5.0,100.0,49.39011119866146,18.972102197786842,37.77858903164826,49.80456681598697,14.551784602836667,17.907374845867583,3.92498455596441,7.053242289528267,47.92732269303946,16.022721076142407,15.40395786512914,44.94813875399735,0.4876896015757551,0.6452945495091787,45.561630743521775,0.34678982205084674,0.40305034330822753,0.579145282778031,6.747226484674371,44.96623922659422,0.3837098573981569,0.7237461763826523,9.211550466737717e-10,4.3202549177016507e-13,6.880049094704584e-13,3.843361142221591e-10,3.801824327577501e-11,6.054443203339985e-11,7.323762205672396e-13,0.0,0.6180851331106876,1.836108342048492e-11,2.9240208684747075e-11
wide-stable-chroma,173,200.0,8,True,1.0,0.0,49.39011119866146,18.972102197786842,37.77858903164826,49.80456681598697,14.551784602836667,17.907374845867583,3.92498455596441,7.053242289528267,47.92732726391216,16.022706721572796,15.403960725793683,1.8338364392758706,7.355212869657828,24.979550258447585,1.0989176981467879,5.356596580144469,5.624828709967411,2.1832956001506636,1.0438373395258933,1.2553961210512978,31.59908225652903,8.225762876879296,0.7836375396529363,2.534724258162461e-28,4.0365736906502088e-28,3.843361142221591e-10,3.801824327577501e-11,6.054443203339985e-11,7.323762205672396e-13,0.0,0.00020737777213069908,22.877007693851183,0.00010542638343292185
wide-stable-chroma,173,200.0,8,True,1.0,50.0,49.39011119866146,18.972102197786842,37.77858903164826,49.80456681598697,14.551784602836667,17.907374845867583,3.92498455596441,7.053242289528267,47.92732726391216,16.022706721572796,15.403960725793683,12.661253278028504,7.380313760594645,25.075014351916888,12.571681507521347,5.384963927937178,5.643227459915284,2.187759841628198,3.545035855287216,12.4310384173183,31.62660933006291,8.244868322434428,0.10899142269213907,2.1601274701023666e-13,3.440024565270483e-13,3.843361142221591e-10,3.801824327577501e-11,6.054443203339985e-11,7.323762205672396e-13,0.0,0.00020726006692489934,22.876996471911195,0.00010543032574854695
wide-stable-chroma,173,200.0,8,True,1.0,100.0,49.39011119866146,18.972102197786842,37.77858903164826,49.80456681598697,14.551784602836667,17.907374845867583,3.92498455596441,7.053242289528267,47.92732726391216,16.022706721572796,15.403960725793683,45.074343440612815,7.431113089405536,25.23061404995552,45.58804772208455,5.4203044190439655,5.672043018398188,2.194478564146515,6.748804173434306,44.13817481699582,31.684925704808027,8.273162337604129,9.211550466737717e-10,4.3202549177016507e-13,6.880049094704584e-13,3.843361142221591e-10,3.801824327577501e-11,6.054443203339985e-11,7.323762205672396e-13,0.0,0.00020815974681132803,22.87699129076497,0.00010541942749051521
wide-stable-chroma,173,200.0,8,True,5.0,0.0,49.39011119866146,18.972102197786842,37.77858903164826,49.80456681598697,14.551784602836667,17.907374845867583,3.92498455596441,7.053242289528267,47.92732726391216,16.022706721572796,15.403960725793683,1.8292473847056134,0.48198168419392884,0.6388856521272396,1.1003775512836758,0.3435033148684606,0.3996567525736252,0.5764233351297368,1.0432766904837492,1.2612352013186197,17.64302227486005,0.7220086807042017,0.7836375396529363,2.534724258162461e-28,4.0365736906502088e-28,3.843361142221591e-10,3.801824327577501e-11,6.054443203339985e-11,7.323762205672396e-13,0.0,0.00021409788963496374,17.186650794465276,0.00010912750656788203
wide-stable-chroma,173,200.0,8,True,5.0,50.0,49.39011119866146,18.972102197786842,37.77858903164826,49.80456681598697,14.551784602836667,17.907374845867583,3.92498455596441,7.053242289528267,47.92732726391216,16.022706721572796,15.403960725793683,12.61620439479335,0.48409247475908773,0.6405655767074054,12.563551703438444,0.344790234960631,0.4010943973167061,0.5775450885210717,3.5441062295918084,12.425896491709608,17.637368523783074,0.7238073279369229,0.10899142269213907,2.1601274701023666e-13,3.440024565270483e-13,3.843361142221591e-10,3.801824327577501e-11,6.054443203339985e-11,7.323762205672396e-13,0.0,0.00021397479529551274,17.18664322847401,0.00010916358959340479
wide-stable-chroma,173,200.0,8,True,5.0,100.0,49.39011119866146,18.972102197786842,37.77858903164826,49.80456681598697,14.551784602836667,17.907374845867583,3.92498455596441,7.053242289528267,47.92732726391216,16.022706721572796,15.403960725793683,44.94813875399735,0.4876896015757551,0.6452945495091787,45.561630743521775,0.34678982205084674,0.40305034330822753,0.579145282778031,6.747226484674371,44.10880925481955,17.631274866878293,0.7264789756943622,9.211550466737717e-10,4.3202549177016507e-13,6.880049094704584e-13,3.843361142221591e-10,3.801824327577501e-11,6.054443203339985e-11,7.323762205672396e-13,0.0,0.00021493872466762416,17.186625997424073,0.00010913799843172819
wide-stable-chroma,173,200.0,24,False,1.0,0.0,49.390119883178194,19.9254611176075,27.83684471973094,49.804566752505686,14.78315397567342,16.92610657078737,3.262604942833645,7.05324227914038,47.92731729155301,25.277461596158386,17.345431559033926,1.8396469255247188,19.631846981992123,24.991475604227038,1.0898268482635616,13.839198465983396,16.205521622479818,3.1458670132807987,1.0414928488349673,12.678141346332277,22.370483266878765,14.850290005753834,0.7836375396529363,2.534724258162461e-28,4.0365736906502088e-28,3.843361142221591e-10,3.801824327577501e-11,6.054443203339985e-11,7.323762205672396e-13,0.0,13.530733691886395,1.4904879477322227e-11,2.373616939464893e-11
wide-stable-chroma,173,200.0,24,False,1.0,50.0,49.390119883178194,19.9254611176075,27.83684471973094,49.804566752505686,14.78315397567342,16.92610657078737,3.262604942833645,7.05324227914038,47.92731729155301,25.277461596158386,17.345431559033926,12.678009404715704,19.70619637999706,25.07142843138138,12.572295905010943,13.912547311299411,16.238042456936572,3.1523211124591826,3.5445483938725446,19.63640844780097,22.432522724430473,14.884638525904949,0.10899142269213907,2.1601274701023666e-13,3.440024565270483e-13,3.843361142221591e-10,3.801824327577501e-11,6.054443203339985e-11,7.323762205672396e-13,0.0,9.553372132683657,1.9657159907046976e-11,3.130422343107667e-11
wide-stable-chroma,173,200.0,24,False,1.0,100.0,49.390119883178194,19.9254611176075,27.83684471973094,49.804566752505686,14.78315397567342,16.92610657078737,3.262604942833645,7.05324227914038,47.92731729155301,25.277461596158386,17.345431559033926,45.11308086983544,19.804452404619195,25.19899597005793,45.622540007510516,14.02188563987856,16.320439003916803,3.1641776293295902,6.750485307304181,45.03433753420085,22.556752885063105,14.97456903088854,9.211550466737717e-10,4.3202549177016507e-13,6.880049094704584e-13,3.843361142221591e-10,3.801824327577501e-11,6.054443203339985e-11,7.323762205672396e-13,0.0,0.6180851523673643,1.792905792646443e-11,2.8552203771692978e-11
wide-stable-chroma,173,200.0,24,False,5.0,0.0,49.390119883178194,19.9254611176075,27.83684471973094,49.804566752505686,14.78315397567342,16.92610657078737,3.262604942833645,7.05324227914038,47.92731729155301,25.277461596158386,17.345431559033926,1.8200342196028265,10.768657265666798,3.6382870434222925,1.0978784556374097,4.040968215681844,2.3844181198067393,1.6092271066806154,1.0425063526974097,12.697242583711036,4.601006875466558,1.9827471439901387,0.7836375396529363,2.534724258162461e-28,4.0365736906502088e-28,3.843361142221591e-10,3.801824327577501e-11,6.054443203339985e-11,7.323762205672396e-13,0.0,13.530734442133422,1.6200955954883055e-11,2.580018412664393e-11
wide-stable-chroma,173,200.0,24,False,5.0,50.0,49.390119883178194,19.9254611176075,27.83684471973094,49.804566752505686,14.78315397567342,16.92610657078737,3.262604942833645,7.05324227914038,47.92731729155301,25.277461596158386,17.345431559033926,12.628114952976517,10.811635337566955,3.6512243737814485,12.55985578993926,4.0591600998970785,2.3900162330865085,1.6125233601466487,3.54350914241737,19.63557217301337,4.612505486191273,1.9851849065634364,0.10899142269213907,2.1601274701023666e-13,3.440024565270483e-13,3.843361142221591e-10,3.801824327577501e-11,6.054443203339985e-11,7.323762205672396e-13,0.0,9.553372999206427,2.0737223639847882e-11,3.3024235710128276e-11
wide-stable-chroma,173,200.0,24,False,5.0,100.0,49.390119883178194,19.9254611176075,27.83684471973094,49.804566752505686,14.78315397567342,16.92610657078737,3.262604942833645,7.05324227914038,47.92731729155301,25.277461596158386,17.345431559033926,45.00093185922389,10.878734761503386,3.669490407296723,45.559853999139875,4.085158730202722,2.40182032925777,1.6176350016335999,6.746922308688802,44.98136083794661,4.6354711941102265,1.9965669116879965,9.211550466737717e-10,4.3202549177016507e-13,6.880049094704584e-13,3.843361142221591e-10,3.801824327577501e-11,6.054443203339985e-11,7.323762205672396e-13,0.0,0.6180851331106876,1.836108342048492e-11,2.9240208684747075e-11
wide-stable-chroma,173,200.0,24,True,1.0,0.0,49.390119883178194,19.9254611176075,27.83684471973094,49.804566752505686,14.78315397567342,16.92610657078737,3.262604942833645,7.05324227914038,47.92731961470529,25.277443979302404,17.3454290146255,1.8396469255247188,19.631846981992123,24.991475604227038,1.0898268482635616,13.839198465983396,16.205521622479818,3.1458670132807987,1.0414928488349673,1.2510198626531275,45.432388699436714,14.859435508255679,0.7836375396529363,2.534724258162461e-28,4.0365736906502088e-28,3.843361142221591e-10,3.801824327577501e-11,6.054443203339985e-11,7.323762205672396e-13,0.0,0.00020737777213069908,22.877007693851183,0.00010542638343292185
wide-stable-chroma,173,200.0,24,True,1.0,50.0,49.390119883178194,19.9254611176075,27.83684471973094,49.804566752505686,14.78315397567342,16.92610657078737,3.262604942833645,7.05324227914038,47.92731961470529,25.277443979302404,17.3454290146255,12.678009404715704,19.70619637999706,25.07142843138138,12.572295905010943,13.912547311299411,16.238042456936572,3.1523211124591826,3.5445483938725446,12.453577391469171,45.56861742739513,14.882520554379001,0.10899142269213907,2.1601274701023666e-13,3.440024565270483e-13,3.843361142221591e-10,3.801824327577501e-11,6.054443203339985e-11,7.323762205672396e-13,0.0,0.00020726006692489934,22.876996471911195,0.00010543032574854695
wide-stable-chroma,173,200.0,24,True,1.0,100.0,49.390119883178194,19.9254611176075,27.83684471973094,49.804566752505686,14.78315397567342,16.92610657078737,3.262604942833645,7.05324227914038,47.92731961470529,25.277443979302404,17.3454290146255,45.11308086983544,19.804452404619195,25.19899597005793,45.622540007510516,14.02188563987856,16.320439003916803,3.1641776293295902,6.750485307304181,44.206289824124404,45.756023884135246,14.948602195003899,9.211550466737717e-10,4.3202549177016507e-13,6.880049094704584e-13,3.843361142221591e-10,3.801824327577501e-11,6.054443203339985e-11,7.323762205672396e-13,0.0,0.00020815974681132803,22.87699129076497,0.00010541942749051521
wide-stable-chroma,173,200.0,24,True,5.0,0.0,49.390119883178194,19.9254611176075,27.83684471973094,49.804566752505686,14.78315397567342,16.92610657078737,3.262604942833645,7.05324227914038,47.92731961470529,25.277443979302404,17.3454290146255,1.8200342196028265,10.768657265666798,3.6382870434222925,1.0978784556374097,4.040968215681844,2.3844181198067393,1.6092271066806154,1.0425063526974097,1.2645596629963516,22.054375226914807,2.0730047756197747,0.7836375396529363,2.534724258162461e-28,4.0365736906502088e-28,3.843361142221591e-10,3.801824327577501e-11,6.054443203339985e-11,7.323762205672396e-13,0.0,0.00021409788963496374,17.186650794465276,0.00010912750656788203
wide-stable-chroma,173,200.0,24,True,5.0,50.0,49.390119883178194,19.9254611176075,27.83684471973094,49.804566752505686,14.78315397567342,16.92610657078737,3.262604942833645,7.05324227914038,47.92731961470529,25.277443979302404,17.3454290146255,12.628114952976517,10.811635337566955,3.6512243737814485,12.55985578993926,4.0591600998970785,2.3900162330865085,1.6125233601466487,3.54350914241737,12.444322748875946,22.090607757844065,2.0734081894234464,0.10899142269213907,2.1601274701023666e-13,3.440024565270483e-13,3.843361142221591e-10,3.801824327577501e-11,6.054443203339985e-11,7.323762205672396e-13,0.0,0.00021397479529551274,17.18664322847401,0.00010916358959340479
wide-stable-chroma,173,200.0,24,True,5.0,100.0,49.390119883178194,19.9254611176075,27.83684471973094,49.804566752505686,14.78315397567342,16.92610657078737,3.262604942833645,7.05324227914038,47.92731961470529,25.277443979302404,17.3454290146255,45.00093185922389,10.878734761503386,3.669490407296723,45.559853999139875,4.085158730202722,2.40182032925777,1.6176350016335999,6.746922308688802,44.14765262211482,22.138461900306627,2.078788419331133,9.211550466737717e-10,4.3202549177016507e-13,6.880049094704584e-13,3.843361142221591e-10,3.801824327577501e-11,6.054443203339985e-11,7.323762205672396e-13,0.0,0.00021493872466762416,17.186625997424073,0.00010913799843172819
wide-stable-chroma,619,30.0,8,False,1.0,0.0,48.63958139587995,36.27952397064297,18.881037336768014,46.11418262668779,23.152382194529654,29.351827529166513,4.692645834850585,6.7859643348495755,48.69222891552255,22.04362654096309,12.352590649448803,3.612088095618503,19.121060060051985,9.053730207557273,1.6817756892434423,13.585008073115466,12.45737173567979,3.1128313584699363,0.7189697145586689,16.53069067755445,11.035717976111561,4.95447662332254,1.3900915852184714,1.1340669188502135e-12,1.8060128920634732e-12,0.0,0.0,0.0,0.0,0.0,14.64759947325748,2.2546330401684283e-12,3.590525629250144e-12
wide-stable-chroma,619,30.0,8,False,1.0,50.0,48.63958139587995,36.27952397064297,18.881037336768014,46.11418262668779,23.152382194529654,29.351827529166513,4.692645834850585,6.7859643348495755,48.69222891552255,22.04362654096309,12.352590649448803,3.5787214420583644,19.123856092148074,9.055067300888245,1.6822330581283658,13.585947454636202,12.457805817166182,3.112905689232146,0.7214178711912733,16.432202975246113,11.03992819671376,4.956153877098761,1.372356620134009,1.1340669188502135e-12,1.8060128920634732e-12,0.0,0.0,0.0,0.0,0.0,14.620743519240614,2.659656940039076e-12,4.2355302340065e-12
wide-stable-chroma,619,30.0,8,False,1.0,100.0,48.63958139587995,36.27952397064297,18.881037336768014,46.11418262668779,23.152382194529654,29.351827529166513,4.692645834850585,6.7859643348495755,48.69222891552255,22.04362654096309,12.352590649448803,3.418441629345699,19.198275379016046,9.092826129954172,1.8435900022528973,13.6117275169477,12.474772823957352,3.115367054720402,0.8696929746884434,14.514159640894324,11.15244348865846,5.001648925901291,1.0134873311486619,1.1475677154328707e-12,1.8275130454284303e-12,0.0,0.0,0.0,0.0,0.0,13.960038935653191,2.5651513622024276e-12,4.085029157652076e-12
wide-stable-chroma,619,30.0,8,False,5.0,0.0,48.63958139587995,36.27952397064297,18.881037336768014,46.11418262668779,23.152382194529654,29.351827529166513,4.692645834850585,6.7859643348495755,48.69222891552255,22.04362654096309,12.352590649448803,3.977999073719939,0.9683322503083289,0.9837555913547653,2.0807507627579653,4.027117492892344,0.24928577733078972,0.7832437513498215,0.7723030229684122,16.750422770552262,0.9217617297047711,0.22987952183315521,1.3900915852184714,1.1340669188502135e-12,1.8060128920634732e-12,0.0,0.0,0.0,0.0,0.0,14.647599988176658,1.9711163107723235e-12,3.139022406738224e-12
wide-stable-chroma,619,30.0,8,False,5.0,50.0,48.63958139587995,36.27952397064297,18.881037336768014,46.11418262668779,23.152382194529654,29.351827529166513,4.692645834850585,6.7859643348495755,48.69222891552255,22.04362654096309,12.352590649448803,3.944058907978094,0.968460115849326,0.9839210386475591,2.0810636881505067,4.027597326618632,0.24929339942811662,0.7832983998140155,0.7747354710579677,16.65165719206391,0.9220601813203111,0.2299607760197663,1.372356620134009,1.1340669188502135e-12,1.8060128920634732e-12,0.0,0.0,0.0,0.0,0.0,14.620744199514046,2.5651513631517773e-12,4.085029159163925e-12
wide-stable-chroma,619,30.0,8,False,5.0,100.0,48.63958139587995,36.27952397064297,18.881037336768014,46.11418262668779,23.152382194529654,29.351827529166513,4.692645834850585,6.7859643348495755,48.69222891552255,22.04362654096309,12.352590649448803,3.764853645140089,0.9721297169927158,0.9884139442307744,2.2354330744742117,4.040548658967578,0.2495788741073262,0.7848460647378114,0.9156163450445745,14.721782947181184,0.9304748156075049,0.23212503707510465,1.0134873311486619,1.1475677154328707e-12,1.8275130454284303e-12,0.0,0.0,0.0,0.0,0.0,13.960038515523662,2.619154548990148e-12,4.171029771839831e-12
wide-stable-chroma,619,30.0,8,True,1.0,0.0,48.63958139587995,36.27952397064297,18.881037336768014,46.11418262668779,23.152382194529654,29.351827529166513,4.692645834850585,6.7859643348495755,48.692227641744985,22.04362660879397,12.352591868625664,3.612088095618503,19.121060060051985,9.053730207557273,1.6817756892434423,13.585008073115466,12.45737173567979,3.1128313584699363,0.7189697145586689,1.435338381550995,33.502611211744345,5.195999728120016,1.3900915852184714,1.1340669188502135e-12,1.8060128920634732e-12,0.0,0.0,0.0,0.0,0.0,0.004796392405354136,22.97029342589458,0.002431818389572333
wide-stable-chroma,619,30.0,8,True,1.0,50.0,48.63958139587995,36.27952397064297,18.881037336768014,46.11418262668779,23.152382194529654,29.351827529166513,4.692645834850585,6.7859643348495755,48.692227641744985,22.04362660879397,12.352591868625664,3.5787214420583644,19.123856092148074,9.055067300888245,1.6822330581283658,13.585947454636202,12.457805817166182,3.112905689232146,0.7214178711912733,1.4355727177889304,33.505789137155155,5.196576454304432,1.372356620134009,1.1340669188502135e-12,1.8060128920634732e-12,0.0,0.0,0.0,0.0,0.0,0.004796268249261314,22.970295223193204,0.002431766548863031
wide-stable-chroma,619,30.0,8,True,1.0,100.0,48.63958139587995,36.27952397064297,18.881037336768014,46.11418262668779,23.152382194529654,29.351827529166513,4.692645834850585,6.7859643348495755,48.692227641744985,22.04362660879397,12.352591868625664,3.418441629345699,19.198275379016046,9.092826129954172,1.8435900022528973,13.6117275169477,12.474772823957352,3.115367054720402,0.8696929746884434,1.6042474349527844,33.58704721889203,5.212902209329066,1.0134873311486619,1.1475677154328707e-12,1.8275130454284303e-12,0.0,0.0,0.0,0.0,0.0,0.004796853757845287,22.970290670485305,0.002431806213764472
wide-stable-chroma,619,30.0,8,True,5.0,0.0,48.63958139587995,36.27952397064297,18.881037336768014,46.11418262668779,23.152382194529654,29.351827529166513,4.692645834850585,6.7859643348495755,48.692227641744985,22.04362660879397,12.352591868625664,3.977999073719939,0.9683322503083289,0.9837555913547653,2.0807507627579653,4.027117492892344,0.24928577733078972,0.7832437513498215,0.7723030229684122,1.6005752097001493,18.972756423043005,0.24861173662495087,1.3900915852184714,1.1340669188502135e-12,1.8060128920634732e-12,0.0,0.0,0.0,0.0,0.0,0.004940758595576603,17.405034834305464,0.0025132832125504003
wide-stable-chroma,619,30.0,8,True,5.0,50.0,48.63958139587995,36.27952397064297,18.881037336768014,46.11418262668779,23.152382194529654,29.351827529166513,4.692645834850585,6.7859643348495755,48.692227641744985,22.04362660879397,12.352591868625664,3.944058907978094,0.968460115849326,0.9839210386475591,2.0810636881505067,4.027597326618632,0.24929339942811662,0.7832983998140155,0.7747354710579677,1.6003794631200738,18.973000414903453,0.2486503228852986,1.372356620134009,1.1340669188502135e-12,1.8060128920634732e-12,0.0,0.0,0.0,0.0,0.0,0.004940660054568538,17.405034147260352,0.0025133064075111115
wide-stable-chroma,619,30.0,8,True,5.0,100.0,48.63958139587995,36.27952397064297,18.881037336768014,46.11418262668779,23.152382194529654,29.351827529166513,4.692645834850585,6.7859643348495755,48.692227641744985,22.04362660879397,12.352591868625664,3.764853645140089,0.9721297169927158,0.9884139442307744,2.2354330744742117,4.040548658967578,0.2495788741073262,0.7848460647378114,0.9156163450445745,1.7565278494977252,18.97940939757434,0.24967075323965954,1.0134873311486619,1.1475677154328707e-12,1.8275130454284303e-12,0.0,0.0,0.0,0.0,0.0,0.004941176921690531,17.405031480283256,0.002513319189208478
wide-stable-chroma,619,30.0,24,False,1.0,0.0,48.63958370298776,22.261675613039966,19.619518854013254,46.11418320308093,11.752368816998482,16.171882084073395,3.7272601863001196,6.785964374235135,48.692226190022076,24.730024978592958,19.505676229962685,3.354954238422564,20.746211761475386,18.159671577429513,1.4103536181762575,10.027125911881782,14.17696258129808,3.465786621307772,0.7151492035820316,16.267615138310745,20.666049285911967,16.396340413488065,1.3900915852184714,1.1340669188502135e-12,1.8060128920634732e-12,0.0,0.0,0.0,0.0,0.0,14.64759947325748,2.2546330401684283e-12,3.590525629250144e-12
wide-stable-chroma,619,30.0,24,False,1.0,50.0,48.63958370298776,22.261675613039966,19.619518854013254,46.11418320308093,11.752368816998482,16.171882084073395,3.7272601863001196,6.785964374235135,48.692226190022076,24.730024978592958,19.505676229962685,3.3212210338051182,20.7494241789607,18.16188827204349,1.410994965667306,10.027475732323257,14.176784882265615,3.4657983721761063,0.7175673257060586,16.16954975968535,20.676454771954145,16.401409753344154,1.372356620134009,1.1340669188502135e-12,1.8060128920634732e-12,0.0,0.0,0.0,0.0,0.0,14.620743519240614,2.659656940039076e-12,4.2355302340065e-12
wide-stable-chroma,619,30.0,24,False,1.0,100.0,48.63958370298776,22.261675613039966,19.619518854013254,46.11418320308093,11.752368816998482,16.171882084073395,3.7272601863001196,6.785964374235135,48.692226190022076,24.730024978592958,19.505676229962685,3.167098095047869,20.83345152677986,18.228266300426384,1.576936408521417,10.040286435946799,14.179382035733964,3.4669008005662443,0.8653599897813841,14.265996326496662,20.95549403195162,16.53120051863428,1.0134873311486619,1.1475677154328707e-12,1.8275130454284303e-12,0.0,0.0,0.0,0.0,0.0,13.960038935653191,2.5651513622024276e-12,4.085029157652076e-12
wide-stable-chroma,619,30.0,24,False,5.0,0.0,48.63958370298776,22.261675613039966,19.619518854013254,46.11418320308093,11.752368816998482,16.171882084073395,3.7272601863001196,6.785964374235135,48.692226190022076,24.730024978592958,19.505676229962685,3.7604272050409846,9.656076848665318,6.551873064021403,1.7206296458460768,1.5349190668040142,3.615300638642177,1.1893752216159441,0.7497500495902216,16.771543415571625,4.543399576447861,2.7477723353459584,1.3900915852184714,1.1340669188502135e-12,1.8060128920634732e-12,0.0,0.0,0.0,0.0,0.0,14.647599988176658,1.9711163107723235e-12,3.139022406738224e-12
wide-stable-chroma,619,30.0,24,False,5.0,50.0,48.63958370298776,22.261675613039966,19.619518854013254,46.11418320308093,11.752368816998482,16.171882084073395,3.7272601863001196,6.785964374235135,48.692226190022076,24.730024978592958,19.505676229962685,3.726529756717788,9.657256437441234,6.553146698903104,1.7212358804399832,1.535139661265671,3.615692596461128,1.1894457388628703,0.7522910739440368,16.672926188588814,4.5447276662455325,2.7485245695831955,1.372356620134009,1.1340669188502135e-12,1.8060128920634732e-12,0.0,0.0,0.0,0.0,0.0,14.620744199514046,2.5651513631517773e-12,4.085029159163925e-12
wide-stable-chroma,619,30.0,24,False,5.0,100.0,48.63958370298776,22.261675613039966,19.619518854013254,46.11418320308093,11.752368816998482,16.171882084073395,3.7272601863001196,6.785964374235135,48.692226190022076,24.730024978592958,19.505676229962685,3.557135249789834,9.691959640004697,6.587081588500568,1.88332244256101,1.541161399788284,3.62631385495014,1.191419298592091,0.897407523851001,14.748077849266103,4.580171310252918,2.768187156709267,1.0134873311486619,1.1475677154328707e-12,1.8275130454284303e-12,0.0,0.0,0.0,0.0,0.0,13.960038515523662,2.619154548990148e-12,4.171029771839831e-12
wide-stable-chroma,619,30.0,24,True,1.0,0.0,48.63958370298776,22.261675613039966,19.619518854013254,46.11418320308093,11.752368816998482,16.171882084073395,3.7272601863001196,6.785964374235135,48.692226538268756,24.730025416572474,19.50567211381149,3.354954238422564,20.746211761475386,18.159671577429513,1.4103536181762575,10.027125911881782,14.17696258129808,3.465786621307772,0.7151492035820316,1.2993569940849983,41.19626992713679,16.35535367952206,1.3900915852184714,1.1340669188502135e-12,1.8060128920634732e-12,0.0,0.0,0.0,0.0,0.0,0.004796392405354136,22.97029342589458,0.002431818389572333
wide-stable-chroma,619,30.0,24,True,1.0,50.0,48.63958370298776,22.261675613039966,19.619518854013254,46.11418320308093,11.752368816998482,16.171882084073395,3.7272601863001196,6.785964374235135,48.692226538268756,24.730025416572474,19.50567211381149,3.3212210338051182,20.7494241789607,18.16188827204349,1.410994965667306,10.027475732323257,14.176784882265615,3.4657983721761063,0.7175673257060586,1.300219263248182,41.201528090289976,16.357210376078683,1.372356620134009,1.1340669188502135e-12,1.8060128920634732e-12,0.0,0.0,0.0,0.0,0.0,0.004796268249261314,22.970295223193204,0.002431766548863031
wide-stable-chroma,619,30.0,24,True,1.0,100.0,48.63958370298776,22.261675613039966,19.619518854013254,46.11418320308093,11.752368816998482,16.171882084073395,3.7272601863001196,6.785964374235135,48.692226538268756,24.730025416572474,19.50567211381149,3.167098095047869,20.83345152677986,18.228266300426384,1.576936408521417,10.040286435946799,14.179382035733964,3.4669008005662443,0.8653599897813841,1.486347564594238,41.347397331046054,16.406499696440665,1.0134873311486619,1.1475677154328707e-12,1.8275130454284303e-12,0.0,0.0,0.0,0.0,0.0,0.004796853757845287,22.970290670485305,0.002431806213764472
wide-stable-chroma,619,30.0,24,True,5.0,0.0,48.63958370298776,22.261675613039966,19.619518854013254,46.11418320308093,11.752368816998482,16.171882084073395,3.7272601863001196,6.785964374235135,48.692226538268756,24.730025416572474,19.50567211381149,3.7604272050409846,9.656076848665318,6.551873064021403,1.7206296458460768,1.5349190668040142,3.615300638642177,1.1893752216159441,0.7497500495902216,1.6281789968077955,21.88548526868716,2.6867306095510135,1.3900915852184714,1.1340669188502135e-12,1.8060128920634732e-12,0.0,0.0,0.0,0.0,0.0,0.004940758595576603,17.405034834305464,0.0025132832125504003
wide-stable-chroma,619,30.0,24,True,5.0,50.0,48.63958370298776,22.261675613039966,19.619518854013254,46.11418320308093,11.752368816998482,16.171882084073395,3.7272601863001196,6.785964374235135,48.692226538268756,24.730025416572474,19.50567211381149,3.726529756717788,9.657256437441234,6.553146698903104,1.7212358804399832,1.535139661265671,3.615692596461128,1.1894457388628703,0.7522910739440368,1.6284057314834062,21.886184813612765,2.687010523520787,1.372356620134009,1.1340669188502135e-12,1.8060128920634732e-12,0.0,0.0,0.0,0.0,0.0,0.004940660054568538,17.405034147260352,0.0025133064075111115
wide-stable-chroma,619,30.0,24,True,5.0,100.0,48.63958370298776,22.261675613039966,19.619518854013254,46.11418320308093,11.752368816998482,16.171882084073395,3.7272601863001196,6.785964374235135,48.692226538268756,24.730025416572474,19.50567211381149,3.557135249789834,9.691959640004697,6.587081588500568,1.88332244256101,1.541161399788284,3.62631385495014,1.191419298592091,0.897407523851001,1.7952803682353278,21.90472088756687,2.6945586473065464,1.0134873311486619,1.1475677154328707e-12,1.8275130454284303e-12,0.0,0.0,0.0,0.0,0.0,0.004941176921690531,17.405031480283256,0.002513319189208478
wide-stable-chroma,619,128.0,8,False,1.0,0.0,48.63957866687553,36.27952480368328,18.88103774660425,46.11421140871787,23.15239220055702,29.351834925194748,4.692646576621781,6.7859664795482475,48.69224478024911,22.043630757809233,12.352595488102905,2.3185570540147618,19.171930818799808,9.281994165951593,0.7921547738062958,13.532320610991214,12.877269497707074,3.1827391479831277,0.7546668980720277,14.337393306802205,11.171835969633088,5.353634927539517,1.1191786919200488,4.3202549289531917e-13,6.880049112622774e-13,2.3283064365386963e-10,0.0,0.0,0.0,0.0,14.232103343179034,6.264369638543462e-12,9.976071199864364e-12
wide-stable-chroma,619,128.0,8,False,1.0,50.0,48.63957866687553,36.27952480368328,18.88103774660425,46.11421140871787,23.15239220055702,29.351834925194748,4.692646576621781,6.7859664795482475,48.69224478024911,22.043630757809233,12.352595488102905,3.8146046683052255,19.200627189094366,9.28386512279303,3.021744420563878,13.532968956184066,12.872226837716955,3.1824489888039316,1.6732160792864996,14.186537820925988,11.201419918664927,5.356575738149729,0.4051993126773926,0.0,0.0,2.3283064365386963e-10,0.0,0.0,0.0,0.0,13.141524281476471,4.7522804122846954e-12,7.568054008654591e-12
wide-stable-chroma,619,128.0,8,False,1.0,100.0,48.63957866687553,36.27952480368328,18.88103774660425,46.11421140871787,23.15239220055702,29.351834925194748,4.692646576621781,6.7859664795482475,48.69224478024911,22.043630757809233,12.352595488102905,29.16883761567302,19.411543078853892,9.374511364374337,28.130894439843072,13.624009682386502,12.95323029931434,3.1932182096398245,5.291320114524425,34.47183468243154,11.383412458407417,5.431924009733619,1.4400113166451913e-06,2.1601274588508256e-13,3.4400245473522914e-13,2.3283064365386963e-10,0.0,0.0,0.0,0.0,3.7426846433916006,6.4803823838659674e-12,1.0320073653703679e-11
wide-stable-chroma,619,128.0,8,False,5.0,0.0,48.63957866687553,36.27952480368328,18.88103774660425,46.11421140871787,23.15239220055702,29.351834925194748,4.692646576621781,6.7859664795482475,48.69224478024911,22.043630757809233,12.352595488102905,2.3697199461903873,0.5624168730459088,0.8295534373427773,0.8579218457346524,3.31476631921279,0.21580180484918038,0.805579707081551,0.7680070241512612,14.358047118397268,0.5679100699822867,0.317592800671955,1.1191786919200488,4.3202549289531917e-13,6.880049112622774e-13,2.3283064365386963e-10,0.0,0.0,0.0,0.0,14.232103343179034,6.264369638543462e-12,9.976071199864364e-12
wide-stable-chroma,619,128.0,8,False,5.0,50.0,48.63957866687553,36.27952480368328,18.88103774660425,46.11421140871787,23.15239220055702,29.351834925194748,4.692646576621781,6.7859664795482475,48.69224478024911,22.043630757809233,12.352595488102905,3.8592549004841548,0.5628076449590866,0.8303286548170536,3.0866923752853532,3.3169719767238433,0.2156184361738964,0.8058689936891361,1.6790515593072808,14.202956121901995,0.568605175553726,0.31804333334651247,0.4051993126773926,0.0,0.0,2.3283064365386963e-10,0.0,0.0,0.0,0.0,13.141524281476471,4.7522804122846954e-12,7.568054008654591e-12
wide-stable-chroma,619,128.0,8,False,5.0,100.0,48.63957866687553,36.27952480368328,18.88103774660425,46.11421140871787,23.15239220055702,29.351834925194748,4.692646576621781,6.7859664795482475,48.69224478024911,22.043630757809233,12.352595488102905,29.134919866002342,0.5685172190470764,0.8388544422754622,28.136694871235385,3.3486460892547965,0.2171502736139167,0.8112939768451292,5.288468713355825,34.43234359486209,0.577121925168984,0.322776314663397,1.4400113166451913e-06,2.1601274588508256e-13,3.4400245473522914e-13,2.3283064365386963e-10,0.0,0.0,0.0,0.0,3.7426847907149767,6.264369637418308e-12,9.976071198072543e-12
wide-stable-chroma,619,128.0,8,True,1.0,0.0,48.63957866687553,36.27952480368328,18.88103774660425,46.11421140871787,23.15239220055702,29.351834925194748,4.692646576621781,6.7859664795482475,48.692258194844825,22.04362992427788,12.35259700433235,2.3185570540147618,19.171930818799808,9.281994165951593,0.7921547738062958,13.532320610991214,12.877269497707074,3.1827391479831277,0.7546668980720277,0.7503862791340923,32.84146837817702,5.535941829057397,1.1191786919200488,4.3202549289531917e-13,6.880049112622774e-13,2.3283064365386963e-10,0.0,0.0,0.0,0.0,0.0004712170453961758,22.88231760092842,0.00023894405855372672
wide-stable-chroma,619,128.0,8,True,1.0,50.0,48.63957866687553,36.27952480368328,18.88103774660425,46.11421140871787,23.15239220055702,29.351834925194748,4.692646576621781,6.7859664795482475,48.692258194844825,22.04362992427788,12.35259700433235,3.8146046683052255,19.200627189094366,9.28386512279303,3.021744420563878,13.532968956184066,12.872226837716955,3.1824489888039316,1.6732160792864996,3.130877051736386,32.88214386340635,5.532287663594506,0.4051993126773926,0.0,0.0,2.3283064365386963e-10,0.0,0.0,0.0,0.0,0.00047120381165148106,22.882314812877613,0.00023895511101888577
wide-stable-chroma,619,128.0,8,True,1.0,100.0,48.63957866687553,36.27952480368328,18.88103774660425,46.11421140871787,23.15239220055702,29.351834925194748,4.692646576621781,6.7859664795482475,48.692258194844825,22.04362992427788,12.35259700433235,29.16883761567302,19.411543078853892,9.374511364374337,28.130894439843072,13.624009682386502,12.95323029931434,3.1932182096398245,5.291320114524425,29.54469836290684,33.09930639037029,5.583502931110085,1.4400113166451913e-06,2.1601274588508256e-13,3.4400245473522914e-13,2.3283064365386963e-10,0.0,0.0,0.0,0.0,0.0004707861875789774,22.882316355164736,0.00023894111696808057
wide-stable-chroma,619,128.0,8,True,5.0,0.0,48.63957866687553,36.27952480368328,18.88103774660425,46.11421140871787,23.15239220055702,29.351834925194748,4.692646576621781,6.7859664795482475,48.692258194844825,22.04362992427788,12.35259700433235,2.3697199461903873,0.5624168730459088,0.8295534373427773,0.8579218457346524,3.31476631921279,0.21580180484918038,0.805579707081551,0.7680070241512612,0.7637430777146302,17.865301204106565,0.331149400177624,1.1191786919200488,4.3202549289531917e-13,6.880049112622774e-13,2.3283064365386963e-10,0.0,0.0,0.0,0.0,0.00048632976581555786,17.19923756090142,0.00024727127998703125
wide-stable-chroma,619,128.0,8,True,5.0,50.0,48.63957866687553,36.27952480368328,18.88103774660425,46.11421140871787,23.15239220055702,29.351834925194748,4.692646576621781,6.7859664795482475,48.692258194844825,22.04362992427788,12.35259700433235,3.8592549004841548,0.5628076449590866,0.8303286548170536,3.0866923752853532,3.3169719767238433,0.2156184361738964,0.8058689936891361,1.6790515593072808,3.141240437984547,17.867302310836216,0.33095741492984365,0.4051993126773926,0.0,0.0,2.3283064365386963e-10,0.0,0.0,0.0,0.0,0.0004863655361199305,17.199236236414478,0.00024725633207283365
wide-stable-chroma,619,128.0,8,True,5.0,100.0,48.63957866687553,36.27952480368328,18.88103774660425,46.11421140871787,23.15239220055702,29.351834925194748,4.692646576621781,6.7859664795482475,48.692258194844825,22.04362992427788,12.35259700433235,29.134919866002342,0.5685172190470764,0.8388544422754622,28.136694871235385,3.3486460892547965,0.2171502736139167,0.8112939768451292,5.288468713355825,29.50195723221671,17.877421391083114,0.33458643123623666,1.4400113166451913e-06,2.1601274588508256e-13,3.4400245473522914e-13,2.3283064365386963e-10,0.0,0.0,0.0,0.0,0.00048589422903978313,17.199234764558728,0.0002472290232571984
wide-stable-chroma,619,128.0,24,False,1.0,0.0,48.63957809089443,22.261678844623507,19.619523050040563,46.11421285145345,11.752371896819712,16.17188728566376,3.7272607256015626,6.7859665906145406,48.692237465763306,24.730030070987606,19.505683643425726,2.2870046346811845,21.047904510083608,18.519520218470173,0.7509458188078899,10.356134638252001,14.818634072859144,3.53696038457906,0.7530647710255193,14.31574287653044,21.704739001557588,16.901953394128913,1.1191786919200488,4.3202549289531917e-13,6.880049112622774e-13,2.3283064365386963e-10,0.0,0.0,0.0,0.0,14.232103343179034,6.264369638543462e-12,9.976071199864364e-12
wide-stable-chroma,619,128.0,24,False,1.0,50.0,48.63957809089443,22.261678844623507,19.619523050040563,46.11421285145345,11.752371896819712,16.17188728566376,3.7272607256015626,6.7859665906145406,48.692237465763306,24.730030070987606,19.505683643425726,3.7879231496681043,21.071553369377707,18.527440364696155,2.9754350374705685,10.351466921030696,14.806110689662965,3.535776463993769,1.6713315591707716,14.1711857455841,21.723984162938937,16.90708958108112,0.4051993126773926,0.0,0.0,2.3283064365386963e-10,0.0,0.0,0.0,0.0,13.141524281476471,4.7522804122846954e-12,7.568054008654591e-12
wide-stable-chroma,619,128.0,24,False,1.0,100.0,48.63957809089443,22.261678844623507,19.619523050040563,46.11421285145345,11.752371896819712,16.17188728566376,3.7272607256015626,6.7859665906145406,48.692237465763306,24.730030070987606,19.505683643425726,29.191010902217723,21.303166455787615,18.635490116368953,28.10132134128958,10.403684259801443,14.867837095851495,3.5437976332513883,5.291649132459419,34.516345159685606,22.025571212689744,17.097456812648012,1.4400113166451913e-06,2.1601274588508256e-13,3.4400245473522914e-13,2.3283064365386963e-10,0.0,0.0,0.0,0.0,3.7426846433916006,6.4803823838659674e-12,1.0320073653703679e-11
wide-stable-chroma,619,128.0,24,False,5.0,0.0,48.63957809089443,22.261678844623507,19.619523050040563,46.11421285145345,11.752371896819712,16.17188728566376,3.7272607256015626,6.7859665906145406,48.692237465763306,24.730030070987606,19.505683643425726,2.381030554256401,9.527195009844354,5.9063842907603314,0.8046401271951947,1.642859228663911,3.5509520048571837,1.217725312980686,0.7627813488555089,14.370779130860447,5.054272099982149,2.6376526244786627,1.1191786919200488,4.3202549289531917e-13,6.880049112622774e-13,2.3283064365386963e-10,0.0,0.0,0.0,0.0,14.232103343179034,6.264369638543462e-12,9.976071199864364e-12
wide-stable-chroma,619,128.0,24,False,5.0,50.0,48.63957809089443,22.261678844623507,19.619523050040563,46.11421285145345,11.752371896819712,16.17188728566376,3.7272607256015626,6.7859665906145406,48.692237465763306,24.730030070987606,19.505683643425726,3.8756395084572355,9.531835669911759,5.9099979939574485,3.030480357178647,1.6444610380390845,3.553486342955424,1.2182204512723056,1.676201354922948,14.223631437285352,5.057708297017521,2.639597325163136,0.4051993126773926,0.0,0.0,2.3283064365386963e-10,0.0,0.0,0.0,0.0,13.141524281476471,4.7522804122846954e-12,7.568054008654591e-12
wide-stable-chroma,619,128.0,24,False,5.0,100.0,48.63957809089443,22.261678844623507,19.619523050040563,46.11421285145345,11.752371896819712,16.17188728566376,3.7272607256015626,6.7859665906145406,48.692237465763306,24.730030070987606,19.505683643425726,29.21351202325654,9.63154240033182,5.960523263750282,28.11107018132962,1.6609001651153676,3.583749831957824,1.2245426343906325,5.289793347401944,34.47158989394268,5.117462031714662,2.6659538111697976,1.4400113166451913e-06,2.1601274588508256e-13,3.4400245473522914e-13,2.3283064365386963e-10,0.0,0.0,0.0,0.0,3.7426847907149767,6.264369637418308e-12,9.976071198072543e-12
wide-stable-chroma,619,128.0,24,True,1.0,0.0,48.63957809089443,22.261678844623507,19.619523050040563,46.11421285145345,11.752371896819712,16.17188728566376,3.7272607256015626,6.7859665906145406,48.69225547181065,24.730034556147796,19.50567880402096,2.2870046346811845,21.047904510083608,18.519520218470173,0.7509458188078899,10.356134638252001,14.818634072859144,3.53696038457906,0.7530647710255193,0.7390611397743954,43.7835587702804,16.867823213616315,1.1191786919200488,4.3202549289531917e-13,6.880049112622774e-13,2.3283064365386963e-10,0.0,0.0,0.0,0.0,0.0004712170453961758,22.88231760092842,0.00023894405855372672
wide-stable-chroma,619,128.0,24,True,1.0,50.0,48.63957809089443,22.261678844623507,19.619523050040563,46.11421285145345,11.752371896819712,16.17188728566376,3.7272607256015626,6.7859665906145406,48.69225547181065,24.730034556147796,19.50567880402096,3.7879231496681043,21.071553369377707,18.527440364696155,2.9754350374705685,10.351466921030696,14.806110689662965,3.535776463993769,1.6713315591707716,3.1242977168340302,43.829365457432424,16.85777980173243,0.4051993126773926,0.0,0.0,2.3283064365386963e-10,0.0,0.0,0.0,0.0,0.00047120381165148106,22.882314812877613,0.00023895511101888577
wide-stable-chroma,619,128.0,24,True,1.0,100.0,48.63957809089443,22.261678844623507,19.619523050040563,46.11421285145345,11.752371896819712,16.17188728566376,3.7272607256015626,6.7859665906145406,48.69225547181065,24.730034556147796,19.50567880402096,29.191010902217723,21.303166455787615,18.635490116368953,28.10132134128958,10.403684259801443,14.867837095851495,3.5437976332513883,5.291649132459419,29.608300953094545,44.19419156312536,17.000598354641365,1.4400113166451913e-06,2.1601274588508256e-13,3.4400245473522914e-13,2.3283064365386963e-10,0.0,0.0,0.0,0.0,0.0004707861875789774,22.882316355164736,0.00023894111696808057
wide-stable-chroma,619,128.0,24,True,5.0,0.0,48.63957809089443,22.261678844623507,19.619523050040563,46.11421285145345,11.752371896819712,16.17188728566376,3.7272607256015626,6.7859665906145406,48.69225547181065,24.730034556147796,19.50567880402096,2.381030554256401,9.527195009844354,5.9063842907603314,0.8046401271951947,1.642859228663911,3.5509520048571837,1.217725312980686,0.7627813488555089,0.7762590800868933,22.314912668807974,2.6301836557669476,1.1191786919200488,4.3202549289531917e-13,6.880049112622774e-13,2.3283064365386963e-10,0.0,0.0,0.0,0.0,0.00048632976581555786,17.19923756090142,0.00024727127998703125
wide-stable-chroma,619,128.0,24,True,5.0,50.0,48.63957809089443,22.261678844623507,19.619523050040563,46.11421285145345,11.752371896819712,16.17188728566376,3.7272607256015626,6.7859665906145406,48.69225547181065,24.730034556147796,19.50567880402096,3.8756395084572355,9.531835669911759,5.9099979939574485,3.030480357178647,1.6444610380390845,3.553486342955424,1.2182204512723056,1.676201354922948,3.1602717626030854,22.31798818693484,2.631274682009058,0.4051993126773926,0.0,0.0,2.3283064365386963e-10,0.0,0.0,0.0,0.0,0.0004863655361199305,17.199236236414478,0.00024725633207283365
wide-stable-chroma,619,128.0,24,True,5.0,100.0,48.63957809089443,22.261678844623507,19.619523050040563,46.11421285145345,11.752371896819712,16.17188728566376,3.7272607256015626,6.7859665906145406,48.69225547181065,24.730034556147796,19.50567880402096,29.21351202325654,9.63154240033182,5.960523263750282,28.11107018132962,1.6609001651153676,3.583749831957824,1.2245426343906325,5.289793347401944,29.55446438057275,22.382546507593034,2.651106859790915,1.4400113166451913e-06,2.1601274588508256e-13,3.4400245473522914e-13,2.3283064365386963e-10,0.0,0.0,0.0,0.0,0.00048589422903978313,17.199234764558728,0.0002472290232571984
wide-stable-chroma,619,200.0,8,False,1.0,0.0,48.639583831112596,36.279524390517125,18.88104136799179,46.11418779800966,23.152421956829112,29.35183515828411,4.6926460767714095,6.785965092377486,48.692234200925895,22.043626265824326,12.352590898159281,2.3282083794535082,19.19573533754693,9.298397575893642,1.0889691744277397,13.483794453802554,12.894302072636032,3.1879072274026052,0.9707843649811418,12.876987856801128,11.152404215682663,5.394643575767193,0.7836375396529363,2.534724258162461e-28,4.0365736906502088e-28,3.843361142221591e-10,3.801824327577501e-11,6.054443203339985e-11,7.323762205672396e-13,0.0,13.530733691886395,1.4904879477322227e-11,2.373616939464893e-11
wide-stable-chroma,619,200.0,8,False,1.0,50.0,48.639583831112596,36.279524390517125,18.88104136799179,46.11418779800966,23.152421956829112,29.35183515828411,4.6926460767714095,6.785965092377486,48.692234200925895,22.043626265824326,12.352590898159281,11.999437023713057,19.248239245014837,9.306131846176019,11.389921977552019,13.497030938387688,12.89671137593298,3.1887698108382088,3.3568715341938873,19.278006258268825,11.203444368097575,5.406772798270452,0.10899142269213907,2.1601274701023666e-13,3.440024565270483e-13,3.843361142221591e-10,3.801824327577501e-11,6.054443203339985e-11,7.323762205672396e-13,0.0,9.553372132683657,1.9657159907046976e-11,3.130422343107667e-11
wide-stable-chroma,619,200.0,8,False,1.0,100.0,48.639583831112596,36.279524390517125,18.88104136799179,46.11418779800966,23.152421956829112,29.35183515828411,4.6926460767714095,6.785965092377486,48.692234200925895,22.043626265824326,12.352590898159281,43.88876858884912,19.3540594563993,9.361496025705545,42.023740975299596,13.548663135045912,12.938916943069144,3.1945422329424797,6.476418256164992,45.67652450590434,11.278449154206868,5.439075467898965,9.211550466737717e-10,4.3202549177016507e-13,6.880049094704584e-13,3.843361142221591e-10,3.801824327577501e-11,6.054443203339985e-11,7.323762205672396e-13,0.0,0.6180851523673643,1.792905792646443e-11,2.8552203771692978e-11
wide-stable-chroma,619,200.0,8,False,5.0,0.0,48.639583831112596,36.279524390517125,18.88104136799179,46.11418779800966,23.152421956829112,29.35183515828411,4.6926460767714095,6.785965092377486,48.692234200925895,22.043626265824326,12.352590898159281,2.3549242635403744,0.5116671237030992,0.8156844065520417,1.1269640320376249,3.1932865129951176,0.21690565873750217,0.8074585317690158,0.9777839653261818,12.884671240735651,0.5213283235377228,0.3371051991916564,0.7836375396529363,2.534724258162461e-28,4.0365736906502088e-28,3.843361142221591e-10,3.801824327577501e-11,6.054443203339985e-11,7.323762205672396e-13,0.0,13.530734442133422,1.6200955954883055e-11,2.580018412664393e-11
wide-stable-chroma,619,200.0,8,False,5.0,50.0,48.639583831112596,36.279524390517125,18.88104136799179,46.11418779800966,23.152421956829112,29.35183515828411,4.6926460767714095,6.785965092377486,48.692234200925895,22.043626265824326,12.352590898159281,12.012341002224796,0.5125898339382868,0.8173314611372291,11.421361475424877,3.1995392134469016,0.2169895588372176,0.8083894100550162,3.358238270708004,19.27446062887887,0.5228298097522621,0.3380457686188976,0.10899142269213907,2.1601274701023666e-13,3.440024565270483e-13,3.843361142221591e-10,3.801824327577501e-11,6.054443203339985e-11,7.323762205672396e-13,0.0,9.553372999206427,2.0737223639847882e-11,3.3024235710128276e-11
wide-stable-chroma,619,200.0,8,False,5.0,100.0,48.639583831112596,36.279524390517125,18.88104136799179,46.11418779800966,23.152421956829112,29.35183515828411,4.6926460767714095,6.785965092377486,48.692234200925895,22.043626265824326,12.352590898159281,43.857506180414624,0.5153349165420203,0.8214894483299473,42.02285011778257,3.2147061387823,0.21785720626941493,0.811120072423092,6.474933825826927,45.64742509817967,0.5261236120410047,0.34020159403818634,9.211550466737717e-10,4.3202549177016507e-13,6.880049094704584e-13,3.843361142221591e-10,3.801824327577501e-11,6.054443203339985e-11,7.323762205672396e-13,0.0,0.6180851331106876,1.836108342048492e-11,2.9240208684747075e-11
wide-stable-chroma,619,200.0,8,True,1.0,0.0,48.639583831112596,36.279524390517125,18.88104136799179,46.11418779800966,23.152421956829112,29.35183515828411,4.6926460767714095,6.785965092377486,48.692232734807405,22.043636743981626,12.352586827766105,2.3282083794535082,19.19573533754693,9.298397575893642,1.0889691744277397,13.483794453802554,12.894302072636032,3.1879072274026052,0.9707843649811418,1.1108848682003643,32.70241570173589,5.568604267046782,0.7836375396529363,2.534724258162461e-28,4.0365736906502088e-28,3.843361142221591e-10,3.801824327577501e-11,6.054443203339985e-11,7.323762205672396e-13,0.0,0.00020737777213069908,22.877007693851183,0.00010542638343292185
wide-stable-chroma,619,200.0,8,True,1.0,50.0,48.639583831112596,36.279524390517125,18.88104136799179,46.11418779800966,23.152421956829112,29.35183515828411,4.6926460767714095,6.785965092377486,48.692232734807405,22.043636743981626,12.352586827766105,11.999437023713057,19.248239245014837,9.306131846176019,11.389921977552019,13.497030938387688,12.89671137593298,3.1887698108382088,3.3568715341938873,12.08856422671368,32.7678853802398,5.571490272246676,0.10899142269213907,2.1601274701023666e-13,3.440024565270483e-13,3.843361142221591e-10,3.801824327577501e-11,6.054443203339985e-11,7.323762205672396e-13,0.0,0.00020726006692489934,22.876996471911195,0.00010543032574854695
wide-stable-chroma,619,200.0,8,True,1.0,100.0,48.639583831112596,36.279524390517125,18.88104136799179,46.11418779800966,23.152421956829112,29.35183515828411,4.6926460767714095,6.785965092377486,48.692232734807405,22.043636743981626,12.352586827766105,43.88876858884912,19.3540594563993,9.361496025705545,42.023740975299596,13.548663135045912,12.938916943069144,3.1945422329424797,6.476418256164992,44.379505353660555,32.874436832053355,5.597886125927587,9.211550466737717e-10,4.3202549177016507e-13,6.880049094704584e-13,3.843361142221591e-10,3.801824327577501e-11,6.054443203339985e-11,7.323762205672396e-13,0.0,0.00020815974681132803,22.87699129076497,0.00010541942749051521
wide-stable-chroma,619,200.0,8,True,5.0,0.0,48.639583831112596,36.279524390517125,18.88104136799179,46.11418779800966,23.152421956829112,29.35183515828411,4.6926460767714095,6.785965092377486,48.692232734807405,22.043636743981626,12.352586827766105,2.3549242635403744,0.5116671237030992,0.8156844065520417,1.1269640320376249,3.1932865129951176,0.21690565873750217,0.8074585317690158,0.9777839653261818,1.1147671784789048,17.74137343598161,0.34747123168013994,0.7836375396529363,2.534724258162461e-28,4.0365736906502088e-28,3.843361142221591e-10,3.801824327577501e-11,6.054443203339985e-11,7.323762205672396e-13,0.0,0.00021409788963496374,17.186650794465276,0.00010912750656788203
wide-stable-chroma,619,200.0,8,True,5.0,50.0,48.639583831112596,36.279524390517125,18.88104136799179,46.11418779800966,23.152421956829112,29.35183515828411,4.6926460767714095,6.785965092377486,48.692232734807405,22.043636743981626,12.352586827766105,12.012341002224796,0.5125898339382868,0.8173314611372291,11.421361475424877,3.1995392134469016,0.2169895588372176,0.8083894100550162,3.358238270708004,12.083306354914061,17.74413878030159,0.3477339724298714,0.10899142269213907,2.1601274701023666e-13,3.440024565270483e-13,3.843361142221591e-10,3.801824327577501e-11,6.054443203339985e-11,7.323762205672396e-13,0.0,0.00021397479529551274,17.18664322847401,0.00010916358959340479
wide-stable-chroma,619,200.0,8,True,5.0,100.0,48.639583831112596,36.279524390517125,18.88104136799179,46.11418779800966,23.152421956829112,29.35183515828411,4.6926460767714095,6.785965092377486,48.692232734807405,22.043636743981626,12.352586827766105,43.857506180414624,0.5153349165420203,0.8214894483299473,42.02285011778257,3.2147061387823,0.21785720626941493,0.811120072423092,6.474933825826927,44.34664274196363,17.748974497035817,0.3497916088903011,9.211550466737717e-10,4.3202549177016507e-13,6.880049094704584e-13,3.843361142221591e-10,3.801824327577501e-11,6.054443203339985e-11,7.323762205672396e-13,0.0,0.00021493872466762416,17.186625997424073,0.00010913799843172819
wide-stable-chroma,619,200.0,24,False,1.0,0.0,48.63958220270526,22.261677928721095,19.619522226493896,46.11419313028868,11.752373532423908,16.171883372065036,3.727260321530399,6.785965464767024,48.692234778285716,24.730030939903816,19.50567356250656,2.312845273795735,21.08668819843547,18.53734641622427,1.0650872206759285,10.373218213284282,14.866925295054283,3.541840985358516,0.969523168365543,12.869519069115213,21.800125784170575,16.925142426157127,0.7836375396529363,2.534724258162461e-28,4.0365736906502088e-28,3.843361142221591e-10,3.801824327577501e-11,6.054443203339985e-11,7.323762205672396e-13,0.0,13.530733691886395,1.4904879477322227e-11,2.373616939464893e-11
wide-stable-chroma,619,200.0,24,False,1.0,50.0,48.63958220270526,22.261677928721095,19.619522226493896,46.11419313028868,11.752373532423908,16.171883372065036,3.727260321530399,6.785965464767024,48.692234778285716,24.730030939903816,19.50567356250656,11.998274808418309,21.129957827693516,18.554887128085223,11.365101291894792,10.368729529677903,14.859706106457615,3.5410471986172882,3.3562677356151145,19.280086367942218,21.844107518495676,16.9492167394148,0.10899142269213907,2.1601274701023666e-13,3.440024565270483e-13,3.843361142221591e-10,3.801824327577501e-11,6.054443203339985e-11,7.323762205672396e-13,0.0,9.553372132683657,1.9657159907046976e-11,3.130422343107667e-11
wide-stable-chroma,619,200.0,24,False,1.0,100.0,48.63958220270526,22.261677928721095,19.619522226493896,46.11419313028868,11.752373532423908,16.171883372065036,3.727260321530399,6.785965464767024,48.692234778285716,24.730030939903816,19.50567356250656,43.908559059474825,21.26111664366264,18.6017227718092,42.01431640072346,10.394679989375717,14.89495471575589,3.545334773997845,6.47705526821211,45.706422462199704,21.973813373258636,17.039931995098435,9.211550466737717e-10,4.3202549177016507e-13,6.880049094704584e-13,3.843361142221591e-10,3.801824327577501e-11,6.054443203339985e-11,7.323762205672396e-13,0.0,0.6180851523673643,1.792905792646443e-11,2.8552203771692978e-11
wide-stable-chroma,619,200.0,24,False,5.0,0.0,48.63958220270526,22.261677928721095,19.619522226493896,46.11419313028868,11.752373532423908,16.171883372065036,3.727260321530399,6.785965464767024,48.692234778285716,24.730030939903816,19.50567356250656,2.3706533994502026,9.488423946727188,5.823691621262906,1.0977986618408293,1.664481802729314,3.5331813199907587,1.2204866830364614,0.9753981673072244,12.894300071749967,5.116619246140796,2.6095250455676156,0.7836375396529363,2.534724258162461e-28,4.0365736906502088e-28,3.843361142221591e-10,3.801824327577501e-11,6.054443203339985e-11,7.323762205672396e-13,0.0,13.530734442133422,1.6200955954883055e-11,2.580018412664393e-11
wide-stable-chroma,619,200.0,24,False,5.0,50.0,48.63958220270526,22.261677928721095,19.619522226493896,46.11419313028868,11.752373532423908,16.171883372065036,3.727260321530399,6.785965464767024,48.692234778285716,24.730030939903816,19.50567356250656,12.04356338189072,9.502670176862312,5.831201803007661,11.395923499828353,1.6676108168176884,3.5387507474644284,1.2215560850636187,3.3580053042637585,19.290894899156324,5.123699886872054,2.612411659563221,0.10899142269213907,2.1601274701023666e-13,3.440024565270483e-13,3.843361142221591e-10,3.801824327577501e-11,6.054443203339985e-11,7.323762205672396e-13,0.0,9.553372999206427,2.0737223639847882e-11,3.3024235710128276e-11
wide-stable-chroma,619,200.0,24,False,5.0,100.0,48.63958220270526,22.261677928721095,19.619522226493896,46.11419313028868,11.752373532423908,16.171883372065036,3.727260321530399,6.785965464767024,48.692234778285716,24.730030939903816,19.50567356250656,43.92158379669845,9.560860812244474,5.8565596818926915,42.02063441648643,1.6757251779773226,3.5541775105743403,1.2248509449199982,6.476362567899882,45.66815936708695,5.151601303407555,2.6244444986557447,9.211550466737717e-10,4.3202549177016507e-13,6.880049094704584e-13,3.843361142221591e-10,3.801824327577501e-11,6.054443203339985e-11,7.323762205672396e-13,0.0,0.6180851331106876,1.836108342048492e-11,2.9240208684747075e-11
wide-stable-chroma,619,200.0,24,True,1.0,0.0,48.63958220270526,22.261677928721095,19.619522226493896,46.11419313028868,11.752373532423908,16.171883372065036,3.727260321530399,6.785965464767024,48.692229927240255,24.73000825763148,19.50570191110263,2.312845273795735,21.08668819843547,18.53734641622427,1.0650872206759285,10.373218213284282,14.866925295054283,3.541840985358516,0.969523168365543,1.1076486011491933,44.148245690839204,16.905108173462615,0.7836375396529363,2.534724258162461e-28,4.0365736906502088e-28,3.843361142221591e-10,3.801824327577501e-11,6.054443203339985e-11,7.323762205672396e-13,0.0,0.00020737777213069908,22.877007693851183,0.00010542638343292185
wide-stable-chroma,619,200.0,24,True,1.0,50.0,48.63958220270526,22.261677928721095,19.619522226493896,46.11419313028868,11.752373532423908,16.171883372065036,3.727260321530399,6.785965464767024,48.692229927240255,24.73000825763148,19.50570191110263,11.998274808418309,21.129957827693516,18.554887128085223,11.365101291894792,10.368729529677903,14.859706106457615,3.5410471986172882,3.3562677356151145,12.09935480396915,44.23121282671612,16.91496373936875,0.10899142269213907,2.1601274701023666e-13,3.440024565270483e-13,3.843361142221591e-10,3.801824327577501e-11,6.054443203339985e-11,7.323762205672396e-13,0.0,0.00020726006692489934,22.876996471911195,0.00010543032574854695
wide-stable-chroma,619,200.0,24,True,1.0,100.0,48.63958220270526,22.261677928721095,19.619522226493896,46.11419313028868,11.752373532423908,16.171883372065036,3.727260321530399,6.785965464767024,48.692229927240255,24.73000825763148,19.50570191110263,43.908559059474825,21.26111664366264,18.6017227718092,42.01431640072346,10.394679989375717,14.89495471575589,3.545334773997845,6.47705526821211,44.4253662545578,44.41237571538996,16.99337198441796,9.211550466737717e-10,4.3202549177016507e-13,6.880049094704584e-13,3.843361142221591e-10,3.801824327577501e-11,6.054443203339985e-11,7.323762205672396e-13,0.0,0.00020815974681132803,22.87699129076497,0.00010541942749051521
wide-stable-chroma,619,200.0,24,True,5.0,0.0,48.63958220270526,22.261677928721095,19.619522226493896,46.11419313028868,11.752373532423908,16.171883372065036,3.727260321530399,6.785965464767024,48.692229927240255,24.73000825763148,19.50570191110263,2.3706533994502026,9.488423946727188,5.823691621262906,1.0977986618408293,1.664481802729314,3.5331813199907587,1.2204866830364614,0.9753981673072244,1.124205337603267,22.407990836625817,2.613122252028242,0.7836375396529363,2.534724258162461e-28,4.0365736906502088e-28,3.843361142221591e-10,3.801824327577501e-11,6.054443203339985e-11,7.323762205672396e-13,0.0,0.00021409788963496374,17.186650794465276,0.00010912750656788203
wide-stable-chroma,619,200.0,24,True,5.0,50.0,48.63958220270526,22.261677928721095,19.619522226493896,46.11419313028868,11.752373532423908,16.171883372065036,3.727260321530399,6.785965464767024,48.692229927240255,24.73000825763148,19.50570191110263,12.04356338189072,9.502670176862312,5.831201803007661,11.395923499828353,1.6676108168176884,3.5387507474644284,1.2215560850636187,3.3580053042637585,12.104379351126958,22.419654606597444,2.616287240196691,0.10899142269213907,2.1601274701023666e-13,3.440024565270483e-13,3.843361142221591e-10,3.801824327577501e-11,6.054443203339985e-11,7.323762205672396e-13,0.0,0.00021397479529551274,17.18664322847401,0.00010916358959340479
wide-stable-chroma,619,200.0,24,True,5.0,100.0,48.63958220270526,22.261677928721095,19.619522226493896,46.11419313028868,11.752373532423908,16.171883372065036,3.727260321530399,6.785965464767024,48.692229927240255,24.73000825763148,19.50570191110263,43.92158379669845,9.560860812244474,5.8565596818926915,42.02063441648643,1.6757251779773226,3.5541775105743403,1.2248509449199982,6.476362567899882,44.38119926496094,22.45534522851547,2.626032510901976,9.211550466737717e-10,4.3202549177016507e-13,6.880049094704584e-13,3.843361142221591e-10,3.801824327577501e-11,6.054443203339985e-11,7.323762205672396e-13,0.0,0.00021493872466762416,17.186625997424073,0.00010913799843172819
